"","quantile","value","horizon"
"1",0.01,0,33
"2",0.025,0,33
"3",0.05,0,33
"4",0.1,0.0900000000000006,33
"5",0.15,0.3,33
"6",0.2,0.660000000000002,33
"7",0.25,1,33
"8",0.3,2.79999999999998,33
"9",0.35,5.4,33
"10",0.4,33.7200000000009,33
"11",0.45,60.3,33
"12",0.5,71.1,33
"13",0.55,84.2,33
"14",0.6,101.96,33
"15",0.65,127.2,33
"16",0.7,133.03,33
"17",0.75,171.65,33
"18",0.8,184.74,33
"19",0.85,242.9,33
"20",0.9,291.61,33
"21",0.95,372.32,33
"22",0.975,506.5525,33
"23",0.99,509.006,33
