"","quantile","value","horizon"
"1",0.01,60.2,33
"2",0.025,60.2,33
"3",0.05,60.245,33
"4",0.1,60.25875,33
"5",0.15,60.2725,33
"6",0.2,60.28625,33
"7",0.25,60.3,33
"8",0.3,60.44,33
"9",0.35,60.515,33
"10",0.4,61.26,33
"11",0.45,61.705,33
"12",0.5,61.7525,33
"13",0.55,61.8,33
"14",0.6,62.64,33
"15",0.65,63.985,33
"16",0.7,65.02,33
"17",0.75,67.475,33
"18",0.8,70.9,33
"19",0.85,84.1,33
"20",0.9,84.1357142857143,33
"21",0.95,84.1714285714286,33
"22",0.975,84.1892857142857,33
"23",0.99,84.2,33
