state,k_perc,week,mae_adaptive_ensemble2,mae_original_ensemble2
18,5,2023-11-04,0.6522198894315273,0.5687662321345708
18,5,2023-11-11,0.451069800275527,0.5669043872972249
18,5,2023-11-18,0.41443689152037877,0.5619453974318589
18,5,2023-11-25,0.4136128014060083,0.5618255609158909
18,5,2023-12-02,0.3806654011228894,0.5562506568684626
18,5,2023-12-09,0.36437253443520795,0.5574276499737698
18,5,2023-12-16,0.3601219532159803,0.5506309791160734
18,5,2023-12-23,0.35460884813326476,0.5533578058113382
18,5,2023-12-30,0.3324444904056746,0.5761858608073376
18,5,2024-01-06,0.36130537460767864,0.6104523406249062
18,5,2024-01-13,0.3683627236721452,0.6458040932823446
18,5,2024-01-20,0.39610111256053376,0.6874888764863506
18,5,2024-01-27,0.41972657458473883,0.7288304216201027
18,5,2024-02-03,0.4202882499865845,0.7628511628613213
18,5,2024-02-10,0.44343262755038515,0.7882907617857714
18,5,2024-02-17,0.48421708820255505,0.8083406566534823
18,5,2024-02-24,0.5205548414095658,0.8253965180252109
18,5,2024-03-02,0.5428061963381521,0.8379980235838304
18,5,2024-03-09,0.5878447686086298,0.8475150700103858
18,5,2024-03-16,0.5893430323199821,0.8467094074827799
18,5,2024-03-23,0.5701071115150197,0.8467422059227319
18,5,2024-03-30,0.5759280987812688,0.8606278394054561
18,5,2024-04-06,0.6157169777418068,0.861470958471942
18,5,2024-04-13,0.6393768322273751,0.8396926248467618
18,5,2024-04-20,0.6150174293822654,0.8011123454367808
18,15,2023-11-04,0.5572278911635884,0.5687662321345708
18,15,2023-11-11,0.4465981938745053,0.5669043872972249
18,15,2023-11-18,0.4204617860393732,0.5619453974318589
18,15,2023-11-25,0.42528042233510266,0.5618255609158909
18,15,2023-12-02,0.39582795347820987,0.5562506568684626
18,15,2023-12-09,0.3899245580411367,0.5574276499737698
18,15,2023-12-16,0.3856377703015261,0.5506309791160734
18,15,2023-12-23,0.37199404080051457,0.5533578058113382
18,15,2023-12-30,0.36270415994236016,0.5761858608073376
18,15,2024-01-06,0.3607995879635489,0.6104523406249062
18,15,2024-01-13,0.38670568094015173,0.6458040932823446
18,15,2024-01-20,0.4174878829722902,0.6874888764863506
18,15,2024-01-27,0.44906435045820897,0.7288304216201027
18,15,2024-02-03,0.454774673285832,0.7628511628613213
18,15,2024-02-10,0.47830488978941765,0.7882907617857714
18,15,2024-02-17,0.5295863552437867,0.8083406566534823
18,15,2024-02-24,0.5671859707673788,0.8253965180252109
18,15,2024-03-02,0.6007620259396735,0.8379980235838304
18,15,2024-03-09,0.634813417521226,0.8475150700103858
18,15,2024-03-16,0.663062848701654,0.8467094074827799
18,15,2024-03-23,0.6624548734628966,0.8467422059227319
18,15,2024-03-30,0.6779518930822229,0.8606278394054561
18,15,2024-04-06,0.7232805159422918,0.861470958471942
18,15,2024-04-13,0.7412066750952011,0.8396926248467618
18,15,2024-04-20,0.7254482845901009,0.8011123454367808
18,25,2023-11-04,0.45705879421348095,0.5687662321345708
18,25,2023-11-11,0.42292036804612204,0.5669043872972249
18,25,2023-11-18,0.41651646981671236,0.5619453974318589
18,25,2023-11-25,0.41151715376499914,0.5618255609158909
18,25,2023-12-02,0.40210530451088844,0.5562506568684626
18,25,2023-12-09,0.38823082143082555,0.5574276499737698
18,25,2023-12-16,0.38380881351320306,0.5506309791160734
18,25,2023-12-23,0.3710829821284997,0.5533578058113382
18,25,2023-12-30,0.36570801753032034,0.5761858608073376
18,25,2024-01-06,0.3607942825498468,0.6104523406249062
18,25,2024-01-13,0.39037440980359256,0.6458040932823446
18,25,2024-01-20,0.41440510680578324,0.6874888764863506
18,25,2024-01-27,0.4556701135414786,0.7288304216201027
18,25,2024-02-03,0.47897518744976125,0.7628511628613213
18,25,2024-02-10,0.5134090694321581,0.7882907617857714
18,25,2024-02-17,0.5593229105448098,0.8083406566534823
18,25,2024-02-24,0.599146860821154,0.8253965180252109
18,25,2024-03-02,0.6362965837596529,0.8379980235838304
18,25,2024-03-09,0.6667314774393402,0.8475150700103858
18,25,2024-03-16,0.6921063253787295,0.8467094074827799
18,25,2024-03-23,0.6974126602727969,0.8467422059227319
18,25,2024-03-30,0.709871554221798,0.8606278394054561
18,25,2024-04-06,0.7555828909828533,0.861470958471942
18,25,2024-04-13,0.7736987580143393,0.8396926248467618
18,25,2024-04-20,0.758546214922577,0.8011123454367808
18,50,2023-11-04,0.48776711071247075,0.5687662321345708
18,50,2023-11-11,0.481404607218237,0.5669043872972249
18,50,2023-11-18,0.46686632110568255,0.5619453974318589
18,50,2023-11-25,0.4640698924178512,0.5618255609158909
18,50,2023-12-02,0.4521241635165799,0.5562506568684626
18,50,2023-12-09,0.4371926954012441,0.5574276499737698
18,50,2023-12-16,0.4279143557876317,0.5506309791160734
18,50,2023-12-23,0.4097750230372142,0.5533578058113382
18,50,2023-12-30,0.3985884449501901,0.5761858608073376
18,50,2024-01-06,0.40391941703301476,0.6104523406249062
18,50,2024-01-13,0.43329868572387403,0.6458040932823446
18,50,2024-01-20,0.4641711771578454,0.6874888764863506
18,50,2024-01-27,0.5033479897167144,0.7288304216201027
18,50,2024-02-03,0.5525750123940127,0.7628511628613213
18,50,2024-02-10,0.5954885679226567,0.7882907617857714
18,50,2024-02-17,0.6325813572797867,0.8083406566534823
18,50,2024-02-24,0.6669361430532311,0.8253965180252109
18,50,2024-03-02,0.6984619379221553,0.8379980235838304
18,50,2024-03-09,0.7235188181819484,0.8475150700103858
18,50,2024-03-16,0.7438981958700873,0.8467094074827799
18,50,2024-03-23,0.746300009265386,0.8467422059227319
18,50,2024-03-30,0.7542432262305232,0.8606278394054561
18,50,2024-04-06,0.7909162651207291,0.861470958471942
18,50,2024-04-13,0.8071055154903933,0.8396926248467618
18,50,2024-04-20,0.790451002176976,0.8011123454367808
18,75,2023-11-04,0.502028341471603,0.5687662321345708
18,75,2023-11-11,0.4978422677475003,0.5669043872972249
18,75,2023-11-18,0.48397453953959785,0.5619453974318589
18,75,2023-11-25,0.484042657218944,0.5618255609158909
18,75,2023-12-02,0.48080373268262133,0.5562506568684626
18,75,2023-12-09,0.47399290590993404,0.5574276499737698
18,75,2023-12-16,0.47431422798668377,0.5506309791160734
18,75,2023-12-23,0.4647284539785676,0.5533578058113382
18,75,2023-12-30,0.4660562850765215,0.5761858608073376
18,75,2024-01-06,0.47947440406375114,0.6104523406249062
18,75,2024-01-13,0.5115957891583341,0.6458040932823446
18,75,2024-01-20,0.5449664098519088,0.6874888764863506
18,75,2024-01-27,0.5866985995547074,0.7288304216201027
18,75,2024-02-03,0.6328010676184483,0.7628511628613213
18,75,2024-02-10,0.6752559997852973,0.7882907617857714
18,75,2024-02-17,0.7103578430712033,0.8083406566534823
18,75,2024-02-24,0.7394327256463099,0.8253965180252109
18,75,2024-03-02,0.7637464712964006,0.8379980235838304
18,75,2024-03-09,0.7821900797837387,0.8475150700103858
18,75,2024-03-16,0.797031064763155,0.8467094074827799
18,75,2024-03-23,0.797003731743849,0.8467422059227319
18,75,2024-03-30,0.8012862821958145,0.8606278394054561
18,75,2024-04-06,0.8299969810063144,0.861470958471942
18,75,2024-04-13,0.843251762619379,0.8396926248467618
18,75,2024-04-20,0.8309666291431376,0.8011123454367808
20,5,2023-11-04,0.5530511847556989,0.5997894261295503
20,5,2023-11-11,0.3698091408057133,0.5961100685460061
20,5,2023-11-18,0.3122669906672447,0.5924795545279538
20,5,2023-11-25,0.3827744688051405,0.5910251730153535
20,5,2023-12-02,0.32354268082091714,0.5940642395479638
20,5,2023-12-09,0.4470135329324816,0.5957694202040965
20,5,2023-12-16,0.30432355246737347,0.5858775900511715
20,5,2023-12-23,0.27877550843523863,0.5688449893751061
20,5,2023-12-30,0.3363585069162755,0.5912330155163037
20,5,2024-01-06,0.4083640712676891,0.6165817291134527
20,5,2024-01-13,0.37044919565745166,0.6402490803753459
20,5,2024-01-20,0.34661046461650147,0.6809498655191465
20,5,2024-01-27,0.33072108963027713,0.6945746920387538
20,5,2024-02-03,0.2956148754932297,0.7238653263492377
20,5,2024-02-10,0.26761971525160066,0.7509160985337129
20,5,2024-02-17,0.26343723899184146,0.7697233430300803
20,5,2024-02-24,0.29289573377082523,0.7807976654790789
20,5,2024-03-02,0.3237014120401026,0.8123226050931956
20,5,2024-03-09,0.31943453080815776,0.8395199222843099
20,5,2024-03-16,0.37920940815817583,0.8593632447261732
20,5,2024-03-23,0.4314354478084535,0.8685724746877748
20,5,2024-03-30,0.4312728125164493,0.8861420937453401
20,5,2024-04-06,0.46080031412316685,0.8888585087701062
20,5,2024-04-13,0.37696522450548114,0.9014179496385238
20,5,2024-04-20,0.3032133700780815,0.9235263532963581
20,15,2023-11-04,0.5328646408762839,0.5997894261295503
20,15,2023-11-11,0.4177011003799325,0.5961100685460061
20,15,2023-11-18,0.3734122006932264,0.5924795545279538
20,15,2023-11-25,0.40903448351538385,0.5910251730153535
20,15,2023-12-02,0.3763421745069468,0.5940642395479638
20,15,2023-12-09,0.41538783366477405,0.5957694202040965
20,15,2023-12-16,0.35114890128076715,0.5858775900511715
20,15,2023-12-23,0.32394532109242924,0.5688449893751061
20,15,2023-12-30,0.3486646031106294,0.5912330155163037
20,15,2024-01-06,0.38815856507053126,0.6165817291134527
20,15,2024-01-13,0.3852602212655524,0.6402490803753459
20,15,2024-01-20,0.3713550336868716,0.6809498655191465
20,15,2024-01-27,0.3399644265104277,0.6945746920387538
20,15,2024-02-03,0.3107385997142797,0.7238653263492377
20,15,2024-02-10,0.284106226114245,0.7509160985337129
20,15,2024-02-17,0.28762851696508157,0.7697233430300803
20,15,2024-02-24,0.31547627134031,0.7807976654790789
20,15,2024-03-02,0.34258852134822193,0.8123226050931956
20,15,2024-03-09,0.3422349709203328,0.8395199222843099
20,15,2024-03-16,0.40610430620660076,0.8593632447261732
20,15,2024-03-23,0.4568323155781039,0.8685724746877748
20,15,2024-03-30,0.4657049932645805,0.8861420937453401
20,15,2024-04-06,0.5025767942904021,0.8888585087701062
20,15,2024-04-13,0.44979313852233194,0.9014179496385238
20,15,2024-04-20,0.40511043491078524,0.9235263532963581
20,25,2023-11-04,0.5538670893062171,0.5997894261295503
20,25,2023-11-11,0.4391787263063063,0.5961100685460061
20,25,2023-11-18,0.39683330953900114,0.5924795545279538
20,25,2023-11-25,0.4116574793965329,0.5910251730153535
20,25,2023-12-02,0.3857095652438481,0.5940642395479638
20,25,2023-12-09,0.41488713432968444,0.5957694202040965
20,25,2023-12-16,0.36223095429170504,0.5858775900511715
20,25,2023-12-23,0.3378884413456708,0.5688449893751061
20,25,2023-12-30,0.33793644942376094,0.5912330155163037
20,25,2024-01-06,0.3655835411632909,0.6165817291134527
20,25,2024-01-13,0.3718467919476231,0.6402490803753459
20,25,2024-01-20,0.36248246116582544,0.6809498655191465
20,25,2024-01-27,0.34736238658231755,0.6945746920387538
20,25,2024-02-03,0.32156504380216583,0.7238653263492377
20,25,2024-02-10,0.3083650834135177,0.7509160985337129
20,25,2024-02-17,0.3038546022117696,0.7697233430300803
20,25,2024-02-24,0.31941645717225875,0.7807976654790789
20,25,2024-03-02,0.32430752608278207,0.8123226050931956
20,25,2024-03-09,0.3514322099059375,0.8395199222843099
20,25,2024-03-16,0.42755287364070804,0.8593632447261732
20,25,2024-03-23,0.4813190905457611,0.8685724746877748
20,25,2024-03-30,0.508060667858441,0.8861420937453401
20,25,2024-04-06,0.5427600268080166,0.8888585087701062
20,25,2024-04-13,0.48454111011348555,0.9014179496385238
20,25,2024-04-20,0.44221005142827036,0.9235263532963581
20,50,2023-11-04,0.5399674278404606,0.5997894261295503
20,50,2023-11-11,0.4308532115680308,0.5961100685460061
20,50,2023-11-18,0.38863055491292503,0.5924795545279538
20,50,2023-11-25,0.3966024352314307,0.5910251730153535
20,50,2023-12-02,0.38667074336663104,0.5940642395479638
20,50,2023-12-09,0.38084775168466595,0.5957694202040965
20,50,2023-12-16,0.36940679395897424,0.5858775900511715
20,50,2023-12-23,0.3566249387083938,0.5688449893751061
20,50,2023-12-30,0.3462997913835434,0.5912330155163037
20,50,2024-01-06,0.34200613384139533,0.6165817291134527
20,50,2024-01-13,0.35287474585647716,0.6402490803753459
20,50,2024-01-20,0.3676984163890562,0.6809498655191465
20,50,2024-01-27,0.3978848561230675,0.6945746920387538
20,50,2024-02-03,0.41090229135144507,0.7238653263492377
20,50,2024-02-10,0.4360966873128318,0.7509160985337129
20,50,2024-02-17,0.40999154089943785,0.7697233430300803
20,50,2024-02-24,0.40356056436063886,0.7807976654790789
20,50,2024-03-02,0.39948577082753733,0.8123226050931956
20,50,2024-03-09,0.4732760645641435,0.8395199222843099
20,50,2024-03-16,0.5334300976835613,0.8593632447261732
20,50,2024-03-23,0.5798649276584205,0.8685724746877748
20,50,2024-03-30,0.5910920700405502,0.8861420937453401
20,50,2024-04-06,0.6293308147607798,0.8888585087701062
20,50,2024-04-13,0.5978972583970436,0.9014179496385238
20,50,2024-04-20,0.5792518136091703,0.9235263532963581
20,75,2023-11-04,0.49309088239810955,0.5997894261295503
20,75,2023-11-11,0.45874319007071823,0.5961100685460061
20,75,2023-11-18,0.45096874930290887,0.5924795545279538
20,75,2023-11-25,0.45034317995468987,0.5910251730153535
20,75,2023-12-02,0.4549060608771384,0.5940642395479638
20,75,2023-12-09,0.4616416228976554,0.5957694202040965
20,75,2023-12-16,0.4714491565473895,0.5858775900511715
20,75,2023-12-23,0.46850009805824616,0.5688449893751061
20,75,2023-12-30,0.455671452450597,0.5912330155163037
20,75,2024-01-06,0.4757462761724134,0.6165817291134527
20,75,2024-01-13,0.4967824251397616,0.6402490803753459
20,75,2024-01-20,0.5131975947434455,0.6809498655191465
20,75,2024-01-27,0.5491899203962199,0.6945746920387538
20,75,2024-02-03,0.5702258752435111,0.7238653263492377
20,75,2024-02-10,0.6123013124950188,0.7509160985337129
20,75,2024-02-17,0.6082593412653741,0.7697233430300803
20,75,2024-02-24,0.6187366326699171,0.7807976654790789
20,75,2024-03-02,0.6302837390743783,0.8123226050931956
20,75,2024-03-09,0.6804528678661632,0.8395199222843099
20,75,2024-03-16,0.7210107814201698,0.8593632447261732
20,75,2024-03-23,0.7512353221661089,0.8685724746877748
20,75,2024-03-30,0.7590354038317475,0.8861420937453401
20,75,2024-04-06,0.7846728918607948,0.8888585087701062
20,75,2024-04-13,0.7623705625225562,0.9014179496385238
20,75,2024-04-20,0.748968699327826,0.9235263532963581
21,5,2023-11-04,0.8889996928138595,0.8455885108773074
21,5,2023-11-11,0.8076347054386385,0.8315496211441303
21,5,2023-11-18,0.7760813617204123,0.8137519482202737
21,5,2023-11-25,0.4801444836683894,0.7785887599434828
21,5,2023-12-02,0.4498438936640251,0.7406212036869831
21,5,2023-12-09,0.4378754671991651,0.7019638292316641
21,5,2023-12-16,0.4373231637175881,0.6619496479954867
21,5,2023-12-23,0.42314956294750156,0.639943357006384
21,5,2023-12-30,0.3968345038418162,0.6384957097496242
21,5,2024-01-06,0.3714053111301109,0.673110398485626
21,5,2024-01-13,0.3803526422320732,0.70361797231265
21,5,2024-01-20,0.4033360003398386,0.7387979231048981
21,5,2024-01-27,0.43308000718138323,0.7739491343971282
21,5,2024-02-03,0.42495371253418757,0.7996823058487552
21,5,2024-02-10,0.47042484395398604,0.8236027434908934
21,5,2024-02-17,0.4829826215434435,0.8378695386701985
21,5,2024-02-24,0.5189267185549691,0.8474042079352447
21,5,2024-03-02,0.551367524985295,0.8523529221249273
21,5,2024-03-09,0.5715031856347254,0.8467236771557083
21,5,2024-03-16,0.5697132992709878,0.8498808153327723
21,5,2024-03-23,0.6105046353837434,0.8575802866944503
21,5,2024-03-30,0.6612256813830287,0.8616870144831614
21,5,2024-04-06,0.7062721885272776,0.8550417087824593
21,5,2024-04-13,0.7197651657060722,0.8333307204283246
21,5,2024-04-20,0.7098392205832,0.8114155305343976
21,15,2023-11-04,0.9566657067585155,0.8455885108773074
21,15,2023-11-11,0.8377167101933267,0.8315496211441303
21,15,2023-11-18,0.7974669757246098,0.8137519482202737
21,15,2023-11-25,0.5289372897198074,0.7785887599434828
21,15,2023-12-02,0.5026915701035617,0.7406212036869831
21,15,2023-12-09,0.4985806882643546,0.7019638292316641
21,15,2023-12-16,0.4981446959342299,0.6619496479954867
21,15,2023-12-23,0.47718949960338586,0.639943357006384
21,15,2023-12-30,0.4630099470886007,0.6384957097496242
21,15,2024-01-06,0.44692828593114775,0.673110398485626
21,15,2024-01-13,0.45192687013109945,0.70361797231265
21,15,2024-01-20,0.47800263679654054,0.7387979231048981
21,15,2024-01-27,0.5110770504204566,0.7739491343971282
21,15,2024-02-03,0.5427855576192095,0.7996823058487552
21,15,2024-02-10,0.5689638635888787,0.8236027434908934
21,15,2024-02-17,0.592262852257717,0.8378695386701985
21,15,2024-02-24,0.6185212199679972,0.8474042079352447
21,15,2024-03-02,0.6388838739133607,0.8523529221249273
21,15,2024-03-09,0.6548841881640665,0.8467236771557083
21,15,2024-03-16,0.6442971450506273,0.8498808153327723
21,15,2024-03-23,0.6673846827574504,0.8575802866944503
21,15,2024-03-30,0.7107197934926675,0.8616870144831614
21,15,2024-04-06,0.7441330776929868,0.8550417087824593
21,15,2024-04-13,0.7541105206664124,0.8333307204283246
21,15,2024-04-20,0.7324496643210896,0.8114155305343976
21,25,2023-11-04,0.9539903431303434,0.8455885108773074
21,25,2023-11-11,0.8584444440166334,0.8315496211441303
21,25,2023-11-18,0.7836871207716805,0.8137519482202737
21,25,2023-11-25,0.5533394771877848,0.7785887599434828
21,25,2023-12-02,0.5325657099718959,0.7406212036869831
21,25,2023-12-09,0.526295278492857,0.7019638292316641
21,25,2023-12-16,0.5218307578095883,0.6619496479954867
21,25,2023-12-23,0.49960084805986366,0.639943357006384
21,25,2023-12-30,0.4920974661819037,0.6384957097496242
21,25,2024-01-06,0.47491761574026187,0.673110398485626
21,25,2024-01-13,0.49637231983204677,0.70361797231265
21,25,2024-01-20,0.5371383504614224,0.7387979231048981
21,25,2024-01-27,0.5828026110710532,0.7739491343971282
21,25,2024-02-03,0.6102337522949579,0.7996823058487552
21,25,2024-02-10,0.6334217504418354,0.8236027434908934
21,25,2024-02-17,0.659400493101793,0.8378695386701985
21,25,2024-02-24,0.6824207038149365,0.8474042079352447
21,25,2024-03-02,0.7049381948411612,0.8523529221249273
21,25,2024-03-09,0.7172608454102648,0.8467236771557083
21,25,2024-03-16,0.7097527533654898,0.8498808153327723
21,25,2024-03-23,0.719078462476384,0.8575802866944503
21,25,2024-03-30,0.7413834675635765,0.8616870144831614
21,25,2024-04-06,0.7587853710957208,0.8550417087824593
21,25,2024-04-13,0.7682801525290934,0.8333307204283246
21,25,2024-04-20,0.7468057102976702,0.8114155305343976
21,50,2023-11-04,0.9074272616427952,0.8455885108773074
21,50,2023-11-11,0.8049165441454844,0.8315496211441303
21,50,2023-11-18,0.7120957817486719,0.8137519482202737
21,50,2023-11-25,0.5922826068753007,0.7785887599434828
21,50,2023-12-02,0.5619221178647221,0.7406212036869831
21,50,2023-12-09,0.5528869211980542,0.7019638292316641
21,50,2023-12-16,0.5553204548856533,0.6619496479954867
21,50,2023-12-23,0.5424680943297113,0.639943357006384
21,50,2023-12-30,0.5338978148364033,0.6384957097496242
21,50,2024-01-06,0.539848396496044,0.673110398485626
21,50,2024-01-13,0.5719810220942274,0.70361797231265
21,50,2024-01-20,0.6025497895575417,0.7387979231048981
21,50,2024-01-27,0.6390826890924561,0.7739491343971282
21,50,2024-02-03,0.6750811708866405,0.7996823058487552
21,50,2024-02-10,0.7023128923796624,0.8236027434908934
21,50,2024-02-17,0.7313751696663218,0.8378695386701985
21,50,2024-02-24,0.7496681465280618,0.8474042079352447
21,50,2024-03-02,0.7653523552300263,0.8523529221249273
21,50,2024-03-09,0.7731721682199927,0.8467236771557083
21,50,2024-03-16,0.7672066483589315,0.8498808153327723
21,50,2024-03-23,0.7752461970825436,0.8575802866944503
21,50,2024-03-30,0.7926904604688173,0.8616870144831614
21,50,2024-04-06,0.8059935792189973,0.8550417087824593
21,50,2024-04-13,0.8110206353101881,0.8333307204283246
21,50,2024-04-20,0.7935978267958254,0.8114155305343976
21,75,2023-11-04,0.8617208361501479,0.8455885108773074
21,75,2023-11-11,0.7688764353209141,0.8315496211441303
21,75,2023-11-18,0.7160719528146944,0.8137519482202737
21,75,2023-11-25,0.6915256264753114,0.7785887599434828
21,75,2023-12-02,0.6686108985308687,0.7406212036869831
21,75,2023-12-09,0.6460860544715108,0.7019638292316641
21,75,2023-12-16,0.6325213481819768,0.6619496479954867
21,75,2023-12-23,0.605037343189517,0.639943357006384
21,75,2023-12-30,0.5887745725475448,0.6384957097496242
21,75,2024-01-06,0.5819206289572643,0.673110398485626
21,75,2024-01-13,0.6189010567264522,0.70361797231265
21,75,2024-01-20,0.6523080180963997,0.7387979231048981
21,75,2024-01-27,0.6915126817057344,0.7739491343971282
21,75,2024-02-03,0.7315371625991658,0.7996823058487552
21,75,2024-02-10,0.7616447831361798,0.8236027434908934
21,75,2024-02-17,0.7883006098001579,0.8378695386701985
21,75,2024-02-24,0.8052917771567469,0.8474042079352447
21,75,2024-03-02,0.8174011125359165,0.8523529221249273
21,75,2024-03-09,0.8242517314496961,0.8467236771557083
21,75,2024-03-16,0.818528968874997,0.8498808153327723
21,75,2024-03-23,0.8231834532689152,0.8575802866944503
21,75,2024-03-30,0.8356183727816847,0.8616870144831614
21,75,2024-04-06,0.8453217480451595,0.8550417087824593
21,75,2024-04-13,0.8462902820116976,0.8333307204283246
21,75,2024-04-20,0.8295207593264851,0.8114155305343976
22,5,2023-11-04,0.3270965910044626,0.3538842480796075
22,5,2023-11-11,0.22641111257389843,0.3584311013406571
22,5,2023-11-18,0.25897898396828317,0.3612015107966038
22,5,2023-11-25,0.3147541381170343,0.3614118041713515
22,5,2023-12-02,0.33721861355252636,0.36163952955297585
22,5,2023-12-09,0.32166621738508316,0.3672125803428807
22,5,2023-12-16,0.37323057873016297,0.37448512976585924
22,5,2023-12-23,0.41342287333395944,0.38482693108672744
22,5,2023-12-30,0.42743804502209076,0.361149337722033
22,5,2024-01-06,0.4480763981132145,0.29976847861251954
22,5,2024-01-13,0.4658133297502315,0.25385591124160334
22,5,2024-01-20,0.5576204262089728,0.22911921051508463
22,5,2024-01-27,0.6447573306636458,0.26055046958962963
22,5,2024-02-03,0.5612294039425556,0.2916480816530054
22,5,2024-02-10,0.3047363310275781,0.31201148625687536
22,5,2024-02-17,0.25500098840630314,0.3414430986550551
22,5,2024-02-24,0.22771890901713068,0.3663578689018892
22,5,2024-03-02,0.2899450628317392,0.3516646142334097
22,5,2024-03-09,0.308799431017849,0.33650577482030747
22,5,2024-03-16,0.34781538201587253,0.3530035751790299
22,5,2024-03-23,0.4186707723914022,0.39455981826108877
22,5,2024-03-30,0.5260562320271207,0.45031529232120004
22,5,2024-04-06,0.5932391893000517,0.42830592982413207
22,5,2024-04-13,0.5438945232736327,0.4383524162467028
22,5,2024-04-20,0.5389571115958366,0.4305272788373262
22,15,2023-11-04,0.3049992610971535,0.3538842480796075
22,15,2023-11-11,0.2594940449518854,0.3584311013406571
22,15,2023-11-18,0.23460751880261033,0.3612015107966038
22,15,2023-11-25,0.2694666243845672,0.3614118041713515
22,15,2023-12-02,0.2959001912090842,0.36163952955297585
22,15,2023-12-09,0.29721338790650004,0.3672125803428807
22,15,2023-12-16,0.30268857878700245,0.37448512976585924
22,15,2023-12-23,0.3114657794135047,0.38482693108672744
22,15,2023-12-30,0.30775523439908287,0.361149337722033
22,15,2024-01-06,0.3235156446338515,0.29976847861251954
22,15,2024-01-13,0.37398432927375713,0.25385591124160334
22,15,2024-01-20,0.4540494757817537,0.22911921051508463
22,15,2024-01-27,0.537280839195889,0.26055046958962963
22,15,2024-02-03,0.4080794175289347,0.2916480816530054
22,15,2024-02-10,0.33405703481445737,0.31201148625687536
22,15,2024-02-17,0.23274845257421076,0.3414430986550551
22,15,2024-02-24,0.18600463959475638,0.3663578689018892
22,15,2024-03-02,0.15990687352933292,0.3516646142334097
22,15,2024-03-09,0.18311205617711387,0.33650577482030747
22,15,2024-03-16,0.20778688672233545,0.3530035751790299
22,15,2024-03-23,0.2889396557989184,0.39455981826108877
22,15,2024-03-30,0.38090969276817516,0.45031529232120004
22,15,2024-04-06,0.4579878004807644,0.42830592982413207
22,15,2024-04-13,0.4069071216965781,0.4383524162467028
22,15,2024-04-20,0.4200179009530067,0.4305272788373262
22,25,2023-11-04,0.26279509157453484,0.3538842480796075
22,25,2023-11-11,0.24934719402151911,0.3584311013406571
22,25,2023-11-18,0.22656562756579404,0.3612015107966038
22,25,2023-11-25,0.22913434484576733,0.3614118041713515
22,25,2023-12-02,0.24605020289543636,0.36163952955297585
22,25,2023-12-09,0.2675468098694081,0.3672125803428807
22,25,2023-12-16,0.26963572253431356,0.37448512976585924
22,25,2023-12-23,0.2903951366614406,0.38482693108672744
22,25,2023-12-30,0.3087575657028335,0.361149337722033
22,25,2024-01-06,0.32919760504875517,0.29976847861251954
22,25,2024-01-13,0.36195136813054046,0.25385591124160334
22,25,2024-01-20,0.4616315642887841,0.22911921051508463
22,25,2024-01-27,0.5693190771856467,0.26055046958962963
22,25,2024-02-03,0.508241702525408,0.2916480816530054
22,25,2024-02-10,0.44330278122835237,0.31201148625687536
22,25,2024-02-17,0.3676545396054363,0.3414430986550551
22,25,2024-02-24,0.2929949979241365,0.3663578689018892
22,25,2024-03-02,0.19421167195117287,0.3516646142334097
22,25,2024-03-09,0.2273636847284663,0.33650577482030747
22,25,2024-03-16,0.2445487104750396,0.3530035751790299
22,25,2024-03-23,0.26494302437135675,0.39455981826108877
22,25,2024-03-30,0.3054981732208076,0.45031529232120004
22,25,2024-04-06,0.37693156035481695,0.42830592982413207
22,25,2024-04-13,0.34661091249968906,0.4383524162467028
22,25,2024-04-20,0.3710559808064333,0.4305272788373262
22,50,2023-11-04,0.23177011160534208,0.3538842480796075
22,50,2023-11-11,0.22979607578540237,0.3584311013406571
22,50,2023-11-18,0.21899788344112214,0.3612015107966038
22,50,2023-11-25,0.22102400228878472,0.3614118041713515
22,50,2023-12-02,0.22462687901550796,0.36163952955297585
22,50,2023-12-09,0.23566548492332587,0.3672125803428807
22,50,2023-12-16,0.2554684786827136,0.37448512976585924
22,50,2023-12-23,0.3001712769701344,0.38482693108672744
22,50,2023-12-30,0.331786944465176,0.361149337722033
22,50,2024-01-06,0.3528386984620224,0.29976847861251954
22,50,2024-01-13,0.36959650494897117,0.25385591124160334
22,50,2024-01-20,0.47138942948429646,0.22911921051508463
22,50,2024-01-27,0.5614279153674032,0.26055046958962963
22,50,2024-02-03,0.5640778702651371,0.2916480816530054
22,50,2024-02-10,0.4932813665356911,0.31201148625687536
22,50,2024-02-17,0.3500798140729677,0.3414430986550551
22,50,2024-02-24,0.2434604322992398,0.3663578689018892
22,50,2024-03-02,0.1885604661403966,0.3516646142334097
22,50,2024-03-09,0.21314579824864782,0.33650577482030747
22,50,2024-03-16,0.21988826233274583,0.3530035751790299
22,50,2024-03-23,0.25741602444924977,0.39455981826108877
22,50,2024-03-30,0.2826344490048538,0.45031529232120004
22,50,2024-04-06,0.32401899691707137,0.42830592982413207
22,50,2024-04-13,0.30081401990237655,0.4383524162467028
22,50,2024-04-20,0.32105237371304995,0.4305272788373262
22,75,2023-11-04,0.2836370458008696,0.3538842480796075
22,75,2023-11-11,0.2849587585594844,0.3584311013406571
22,75,2023-11-18,0.2886806527788551,0.3612015107966038
22,75,2023-11-25,0.28764374644278307,0.3614118041713515
22,75,2023-12-02,0.2894176587345452,0.36163952955297585
22,75,2023-12-09,0.2926753361436897,0.3672125803428807
22,75,2023-12-16,0.30172922147724174,0.37448512976585924
22,75,2023-12-23,0.309163098084677,0.38482693108672744
22,75,2023-12-30,0.321383319143686,0.361149337722033
22,75,2024-01-06,0.29695513958304826,0.29976847861251954
22,75,2024-01-13,0.2401548116101097,0.25385591124160334
22,75,2024-01-20,0.21671249763120137,0.22911921051508463
22,75,2024-01-27,0.21665647247367817,0.26055046958962963
22,75,2024-02-03,0.1978271761675053,0.2916480816530054
22,75,2024-02-10,0.17722785223627155,0.31201148625687536
22,75,2024-02-17,0.16718986832447344,0.3414430986550551
22,75,2024-02-24,0.20901591311347248,0.3663578689018892
22,75,2024-03-02,0.25555543332678593,0.3516646142334097
22,75,2024-03-09,0.23813395667585285,0.33650577482030747
22,75,2024-03-16,0.21587742568032248,0.3530035751790299
22,75,2024-03-23,0.23541975048515837,0.39455981826108877
22,75,2024-03-30,0.2967204215574628,0.45031529232120004
22,75,2024-04-06,0.3754586570327955,0.42830592982413207
22,75,2024-04-13,0.3510704192696578,0.4383524162467028
22,75,2024-04-20,0.3694276255094833,0.4305272788373262
27,5,2023-11-04,0.5433574321281672,0.6876705015317625
27,5,2023-11-11,0.4928331057080958,0.6780359173859054
27,5,2023-11-18,0.5222835883062773,0.6679392222665689
27,5,2023-11-25,0.5006565093005122,0.6498409769363702
27,5,2023-12-02,0.4613792525595108,0.6300987772093226
27,5,2023-12-09,0.4344248034845732,0.6103104157694842
27,5,2023-12-16,0.43701450586269874,0.5878394673107681
27,5,2023-12-23,0.4653232570575348,0.5632555050679576
27,5,2023-12-30,0.47710882346642247,0.5412318897265556
27,5,2024-01-06,0.6086617477490931,0.5629828475909252
27,5,2024-01-13,0.589896714494462,0.580406903158714
27,5,2024-01-20,0.5284108851263322,0.6048551233371726
27,5,2024-01-27,0.4429403705685748,0.6106043762252691
27,5,2024-02-03,0.38006066006434513,0.6537309169273485
27,5,2024-02-10,0.36123056881311727,0.7049804465907292
27,5,2024-02-17,0.3527949253758906,0.7493985723904802
27,5,2024-02-24,0.3857362853898815,0.786458842119743
27,5,2024-03-02,0.4687095598783407,0.8198883403375056
27,5,2024-03-09,0.541672020815723,0.8438533432701296
27,5,2024-03-16,0.579616936015279,0.8633145167615566
27,5,2024-03-23,0.6020825055066445,0.8775320068682685
27,5,2024-03-30,0.6268994602609949,0.891973402299664
27,5,2024-04-06,0.6618473429014698,0.9007511873678375
27,5,2024-04-13,0.6952539639727763,0.9008804823418692
27,5,2024-04-20,0.6698624851004823,0.900896742330253
27,15,2023-11-04,0.5477753871704211,0.6876705015317625
27,15,2023-11-11,0.4931032617085604,0.6780359173859054
27,15,2023-11-18,0.5381159986721805,0.6679392222665689
27,15,2023-11-25,0.5122877881829037,0.6498409769363702
27,15,2023-12-02,0.49106207659251566,0.6300987772093226
27,15,2023-12-09,0.43957595908081754,0.6103104157694842
27,15,2023-12-16,0.4243222369845055,0.5878394673107681
27,15,2023-12-23,0.4417633596538588,0.5632555050679576
27,15,2023-12-30,0.4492083811549528,0.5412318897265556
27,15,2024-01-06,0.5113591119232694,0.5629828475909252
27,15,2024-01-13,0.520147828469171,0.580406903158714
27,15,2024-01-20,0.4967272541496903,0.6048551233371726
27,15,2024-01-27,0.4647942863056727,0.6106043762252691
27,15,2024-02-03,0.4083278505385393,0.6537309169273485
27,15,2024-02-10,0.3831198922542227,0.7049804465907292
27,15,2024-02-17,0.3896949015984768,0.7493985723904802
27,15,2024-02-24,0.4376588425146239,0.786458842119743
27,15,2024-03-02,0.5107881546756776,0.8198883403375056
27,15,2024-03-09,0.5751714277319004,0.8438533432701296
27,15,2024-03-16,0.6035679526570362,0.8633145167615566
27,15,2024-03-23,0.636593767320997,0.8775320068682685
27,15,2024-03-30,0.6692200242083579,0.891973402299664
27,15,2024-04-06,0.710423658642393,0.9007511873678375
27,15,2024-04-13,0.7416234846941838,0.9008804823418692
27,15,2024-04-20,0.7364134214052355,0.900896742330253
27,25,2023-11-04,0.5590006468725135,0.6876705015317625
27,25,2023-11-11,0.5044487261367612,0.6780359173859054
27,25,2023-11-18,0.5515373542737397,0.6679392222665689
27,25,2023-11-25,0.5123631041309883,0.6498409769363702
27,25,2023-12-02,0.5021035331225755,0.6300987772093226
27,25,2023-12-09,0.44468448056046866,0.6103104157694842
27,25,2023-12-16,0.4211860890903236,0.5878394673107681
27,25,2023-12-23,0.4326137142025617,0.5632555050679576
27,25,2023-12-30,0.4203310117929343,0.5412318897265556
27,25,2024-01-06,0.4547128316229659,0.5629828475909252
27,25,2024-01-13,0.4689391640639083,0.580406903158714
27,25,2024-01-20,0.4709394977689272,0.6048551233371726
27,25,2024-01-27,0.44467545381829227,0.6106043762252691
27,25,2024-02-03,0.39933121081578504,0.6537309169273485
27,25,2024-02-10,0.4056636405341343,0.7049804465907292
27,25,2024-02-17,0.42511030307152115,0.7493985723904802
27,25,2024-02-24,0.4892543992329892,0.786458842119743
27,25,2024-03-02,0.5510175501291483,0.8198883403375056
27,25,2024-03-09,0.6060273410766944,0.8438533432701296
27,25,2024-03-16,0.6440769292377394,0.8633145167615566
27,25,2024-03-23,0.677127266345159,0.8775320068682685
27,25,2024-03-30,0.7040018873381167,0.891973402299664
27,25,2024-04-06,0.7404956365045344,0.9007511873678375
27,25,2024-04-13,0.7728301202344899,0.9008804823418692
27,25,2024-04-20,0.771221676881681,0.900896742330253
27,50,2023-11-04,0.550004488921349,0.6876705015317625
27,50,2023-11-11,0.5155057369648108,0.6780359173859054
27,50,2023-11-18,0.5550049922373144,0.6679392222665689
27,50,2023-11-25,0.5207776437013169,0.6498409769363702
27,50,2023-12-02,0.5101897117268368,0.6300987772093226
27,50,2023-12-09,0.48709533926851756,0.6103104157694842
27,50,2023-12-16,0.47111697021209875,0.5878394673107681
27,50,2023-12-23,0.4619002931054236,0.5632555050679576
27,50,2023-12-30,0.4358442013798121,0.5412318897265556
27,50,2024-01-06,0.42273670165053234,0.5629828475909252
27,50,2024-01-13,0.44267140923410314,0.580406903158714
27,50,2024-01-20,0.453780013487422,0.6048551233371726
27,50,2024-01-27,0.4592915292139559,0.6106043762252691
27,50,2024-02-03,0.4528979620204402,0.6537309169273485
27,50,2024-02-10,0.4798582850646357,0.7049804465907292
27,50,2024-02-17,0.5303183648962732,0.7493985723904802
27,50,2024-02-24,0.5908602477252647,0.786458842119743
27,50,2024-03-02,0.6421701114697405,0.8198883403375056
27,50,2024-03-09,0.6883306357256244,0.8438533432701296
27,50,2024-03-16,0.7182565041733585,0.8633145167615566
27,50,2024-03-23,0.7435502442278946,0.8775320068682685
27,50,2024-03-30,0.7626956209189342,0.891973402299664
27,50,2024-04-06,0.7949842092749324,0.9007511873678375
27,50,2024-04-13,0.8205695184259528,0.9008804823418692
27,50,2024-04-20,0.8223368492455266,0.900896742330253
27,75,2023-11-04,0.5956132487878254,0.6876705015317625
27,75,2023-11-11,0.5640071806788628,0.6780359173859054
27,75,2023-11-18,0.5640723871768504,0.6679392222665689
27,75,2023-11-25,0.5537241498018854,0.6498409769363702
27,75,2023-12-02,0.5479711161232722,0.6300987772093226
27,75,2023-12-09,0.5356790389044888,0.6103104157694842
27,75,2023-12-16,0.5259245820933811,0.5878394673107681
27,75,2023-12-23,0.5122171693218881,0.5632555050679576
27,75,2023-12-30,0.4873910184644528,0.5412318897265556
27,75,2024-01-06,0.4716670776061322,0.5629828475909252
27,75,2024-01-13,0.4943699910654211,0.580406903158714
27,75,2024-01-20,0.5074909183817761,0.6048551233371726
27,75,2024-01-27,0.5259324035375018,0.6106043762252691
27,75,2024-02-03,0.5233576606569681,0.6537309169273485
27,75,2024-02-10,0.5539166804177436,0.7049804465907292
27,75,2024-02-17,0.6195832825392771,0.7493985723904802
27,75,2024-02-24,0.6771467775407504,0.786458842119743
27,75,2024-03-02,0.7252595328928811,0.8198883403375056
27,75,2024-03-09,0.7665604937554946,0.8438533432701296
27,75,2024-03-16,0.7945624443384975,0.8633145167615566
27,75,2024-03-23,0.8167601337816552,0.8775320068682685
27,75,2024-03-30,0.835408681253238,0.891973402299664
27,75,2024-04-06,0.8559384393618262,0.9007511873678375
27,75,2024-04-13,0.8700732821970056,0.9008804823418692
27,75,2024-04-20,0.8691063448951292,0.900896742330253
24,5,2023-11-04,0.41235236517781304,0.4282844887276154
24,5,2023-11-11,0.40473734333775896,0.4246848768672073
24,5,2023-11-18,0.42085216806999864,0.41915315100614
24,5,2023-11-25,0.42792213415181507,0.41231446003737365
24,5,2023-12-02,0.4496574468352612,0.39580366217530155
24,5,2023-12-09,0.45505026733210135,0.3873080006920432
24,5,2023-12-16,0.5469926674119867,0.3761475933676824
24,5,2023-12-23,0.5408405515036854,0.370396528754521
24,5,2023-12-30,0.5827414440739884,0.4000633100549514
24,5,2024-01-06,0.6636754839827644,0.41500084359959116
24,5,2024-01-13,0.7765196701469239,0.44727972514411396
24,5,2024-01-20,0.796177200748815,0.5082879053367977
24,5,2024-01-27,0.74083634949093,0.5361709147021563
24,5,2024-02-03,0.6007721610152142,0.5345225599061343
24,5,2024-02-10,0.5126482040814486,0.4590493147458599
24,5,2024-02-17,0.38553211819360694,0.38319569920088387
24,5,2024-02-24,0.30196283685345426,0.3388401000222387
24,5,2024-03-02,0.22687827008243408,0.3158025322675474
24,5,2024-03-09,0.1877265718813312,0.35332722903513913
24,5,2024-03-16,0.17964700034156278,0.3584426540737987
24,5,2024-03-23,0.15421721809935052,0.41067533933932837
24,5,2024-03-30,0.20258826813955308,0.4946323297746906
24,5,2024-04-06,0.23112415035823286,0.5404788590751517
24,5,2024-04-13,0.26981938844098674,0.48958349720239025
24,5,2024-04-20,0.20642006667481638,0.4625893688480724
24,15,2023-11-04,0.41908984394426835,0.4282844887276154
24,15,2023-11-11,0.4229795464483509,0.4246848768672073
24,15,2023-11-18,0.4366081424598887,0.41915315100614
24,15,2023-11-25,0.43736554742566874,0.41231446003737365
24,15,2023-12-02,0.4557543545089394,0.39580366217530155
24,15,2023-12-09,0.46436440461862216,0.3873080006920432
24,15,2023-12-16,0.5017127138070235,0.3761475933676824
24,15,2023-12-23,0.5252822407334568,0.370396528754521
24,15,2023-12-30,0.5668130569844791,0.4000633100549514
24,15,2024-01-06,0.6341203897916833,0.41500084359959116
24,15,2024-01-13,0.7063452276825746,0.44727972514411396
24,15,2024-01-20,0.7798447049261714,0.5082879053367977
24,15,2024-01-27,0.7769304751632683,0.5361709147021563
24,15,2024-02-03,0.6708639982597808,0.5345225599061343
24,15,2024-02-10,0.5532605674963533,0.4590493147458599
24,15,2024-02-17,0.40418373976226735,0.38319569920088387
24,15,2024-02-24,0.2727246951978975,0.3388401000222387
24,15,2024-03-02,0.20378769025364038,0.3158025322675474
24,15,2024-03-09,0.14664064022832768,0.35332722903513913
24,15,2024-03-16,0.15283087178673674,0.3584426540737987
24,15,2024-03-23,0.11365858873087523,0.41067533933932837
24,15,2024-03-30,0.15918969770025204,0.4946323297746906
24,15,2024-04-06,0.14245923092438084,0.5404788590751517
24,15,2024-04-13,0.2057742809533531,0.48958349720239025
24,15,2024-04-20,0.11886583875719997,0.4625893688480724
24,25,2023-11-04,0.41316186489391565,0.4282844887276154
24,25,2023-11-11,0.41892272382381573,0.4246848768672073
24,25,2023-11-18,0.42808909908323134,0.41915315100614
24,25,2023-11-25,0.4297117129018667,0.41231446003737365
24,25,2023-12-02,0.44941513001421346,0.39580366217530155
24,25,2023-12-09,0.44511869716478697,0.3873080006920432
24,25,2023-12-16,0.4746818954352619,0.3761475933676824
24,25,2023-12-23,0.49688320590536794,0.370396528754521
24,25,2023-12-30,0.5436183417503571,0.4000633100549514
24,25,2024-01-06,0.6022796270354798,0.41500084359959116
24,25,2024-01-13,0.6475165144338136,0.44727972514411396
24,25,2024-01-20,0.7063314564213422,0.5082879053367977
24,25,2024-01-27,0.7464141087278487,0.5361709147021563
24,25,2024-02-03,0.6870350729443582,0.5345225599061343
24,25,2024-02-10,0.5647708297393567,0.4590493147458599
24,25,2024-02-17,0.405209522944282,0.38319569920088387
24,25,2024-02-24,0.2879946221775335,0.3388401000222387
24,25,2024-03-02,0.21676606400747014,0.3158025322675474
24,25,2024-03-09,0.15716739294497756,0.35332722903513913
24,25,2024-03-16,0.15746529261229295,0.3584426540737987
24,25,2024-03-23,0.12575510351307723,0.41067533933932837
24,25,2024-03-30,0.1893163280322925,0.4946323297746906
24,25,2024-04-06,0.19927622406898177,0.5404788590751517
24,25,2024-04-13,0.2678633721559357,0.48958349720239025
24,25,2024-04-20,0.16293244014600908,0.4625893688480724
24,50,2023-11-04,0.41395162658537626,0.4282844887276154
24,50,2023-11-11,0.4214199523196293,0.4246848768672073
24,50,2023-11-18,0.42697783415825313,0.41915315100614
24,50,2023-11-25,0.4244737257807649,0.41231446003737365
24,50,2023-12-02,0.43663756738193615,0.39580366217530155
24,50,2023-12-09,0.4327425318733648,0.3873080006920432
24,50,2023-12-16,0.4471525734999633,0.3761475933676824
24,50,2023-12-23,0.4610714304942272,0.370396528754521
24,50,2023-12-30,0.48042891602862225,0.4000633100549514
24,50,2024-01-06,0.5084079556619518,0.41500084359959116
24,50,2024-01-13,0.5277229030022257,0.44727972514411396
24,50,2024-01-20,0.5466518996859036,0.5082879053367977
24,50,2024-01-27,0.6009199889921255,0.5361709147021563
24,50,2024-02-03,0.593144133219854,0.5345225599061343
24,50,2024-02-10,0.538238488349192,0.4590493147458599
24,50,2024-02-17,0.4230302704976218,0.38319569920088387
24,50,2024-02-24,0.31407210475803615,0.3388401000222387
24,50,2024-03-02,0.23698311087180818,0.3158025322675474
24,50,2024-03-09,0.17409622083509815,0.35332722903513913
24,50,2024-03-16,0.2011015132984029,0.3584426540737987
24,50,2024-03-23,0.19108464144911788,0.41067533933932837
24,50,2024-03-30,0.25256453546430646,0.4946323297746906
24,50,2024-04-06,0.3002696555670297,0.5404788590751517
24,50,2024-04-13,0.3801224598013245,0.48958349720239025
24,50,2024-04-20,0.2917920213252564,0.4625893688480724
24,75,2023-11-04,0.41954391924913964,0.4282844887276154
24,75,2023-11-11,0.4190772016533943,0.4246848768672073
24,75,2023-11-18,0.41870139733932843,0.41915315100614
24,75,2023-11-25,0.4145614593876928,0.41231446003737365
24,75,2023-12-02,0.41582679299013425,0.39580366217530155
24,75,2023-12-09,0.4093250460410056,0.3873080006920432
24,75,2023-12-16,0.41330037877141573,0.3761475933676824
24,75,2023-12-23,0.41589081514075654,0.370396528754521
24,75,2023-12-30,0.42214485520737616,0.4000633100549514
24,75,2024-01-06,0.44375398849999564,0.41500084359959116
24,75,2024-01-13,0.4525706759410325,0.44727972514411396
24,75,2024-01-20,0.4755876345866481,0.5082879053367977
24,75,2024-01-27,0.531453153359697,0.5361709147021563
24,75,2024-02-03,0.5429699835888145,0.5345225599061343
24,75,2024-02-10,0.5257716083287377,0.4590493147458599
24,75,2024-02-17,0.43283315061116634,0.38319569920088387
24,75,2024-02-24,0.3447602944407166,0.3388401000222387
24,75,2024-03-02,0.29765710419730346,0.3158025322675474
24,75,2024-03-09,0.27005810701896776,0.35332722903513913
24,75,2024-03-16,0.2940662436776616,0.3584426540737987
24,75,2024-03-23,0.2903613205533895,0.41067533933932837
24,75,2024-03-30,0.33697371639056495,0.4946323297746906
24,75,2024-04-06,0.4429325076339657,0.5404788590751517
24,75,2024-04-13,0.5141477865498867,0.48958349720239025
24,75,2024-04-20,0.45751892351707096,0.4625893688480724
23,5,2023-11-04,1.13815306146508,1.1736678002203091
23,5,2023-11-11,0.4453192338152018,1.120319894788101
23,5,2023-11-18,0.4470060889270088,1.053893477367379
23,5,2023-11-25,0.49436455419108105,0.9645207399530453
23,5,2023-12-02,0.5123683903334744,0.8803635479300491
23,5,2023-12-09,0.41364264008656515,0.7854602169716144
23,5,2023-12-16,0.35348679498151214,0.7093271762794312
23,5,2023-12-23,0.3320482297575164,0.6606024684663604
23,5,2023-12-30,0.31808960899419425,0.6195151452209703
23,5,2024-01-06,0.263238813659311,0.6609234825122415
23,5,2024-01-13,0.23641203451282305,0.6951130180802572
23,5,2024-01-20,0.228502330257013,0.7344999614103956
23,5,2024-01-27,0.2492436895108,0.7751504259770184
23,5,2024-02-03,0.3299319565817281,0.8134337397790529
23,5,2024-02-10,0.2981192833187629,0.8372451214317312
23,5,2024-02-17,0.2946420837401454,0.8544761953300197
23,5,2024-02-24,0.25049326498022917,0.8624581022495332
23,5,2024-03-02,0.20379313462746773,0.8703255943387765
23,5,2024-03-09,0.21238303969625832,0.8734088190617516
23,5,2024-03-16,0.16877839698680994,0.8765060298273345
23,5,2024-03-23,0.21363444399711493,0.8864603996935639
23,5,2024-03-30,0.2792643352923602,0.8975189391107684
23,5,2024-04-06,0.3739974184557419,0.9081583012938615
23,5,2024-04-13,0.4213466649254441,0.9103269284788577
23,5,2024-04-20,0.39660380802719003,0.9263700891001105
23,15,2023-11-04,0.9590386425586045,1.1736678002203091
23,15,2023-11-11,0.5517423049997846,1.120319894788101
23,15,2023-11-18,0.5032675962876862,1.053893477367379
23,15,2023-11-25,0.49452427968528084,0.9645207399530453
23,15,2023-12-02,0.4936428058999203,0.8803635479300491
23,15,2023-12-09,0.47703451049790924,0.7854602169716144
23,15,2023-12-16,0.4544212248817805,0.7093271762794312
23,15,2023-12-23,0.41994227572526793,0.6606024684663604
23,15,2023-12-30,0.4147427198659881,0.6195151452209703
23,15,2024-01-06,0.3662839294784132,0.6609234825122415
23,15,2024-01-13,0.35687345109058494,0.6951130180802572
23,15,2024-01-20,0.3543746171811555,0.7344999614103956
23,15,2024-01-27,0.3639465158505985,0.7751504259770184
23,15,2024-02-03,0.43314399187325375,0.8134337397790529
23,15,2024-02-10,0.4384855297211323,0.8372451214317312
23,15,2024-02-17,0.4449700258817082,0.8544761953300197
23,15,2024-02-24,0.4287291031816459,0.8624581022495332
23,15,2024-03-02,0.39766489387304754,0.8703255943387765
23,15,2024-03-09,0.40725363397420955,0.8734088190617516
23,15,2024-03-16,0.39261960699061016,0.8765060298273345
23,15,2024-03-23,0.39501573238601856,0.8864603996935639
23,15,2024-03-30,0.45594262823222476,0.8975189391107684
23,15,2024-04-06,0.5324870674920318,0.9081583012938615
23,15,2024-04-13,0.5791223629542228,0.9103269284788577
23,15,2024-04-20,0.5647002178686112,0.9263700891001105
23,25,2023-11-04,0.8917516803084805,1.1736678002203091
23,25,2023-11-11,0.6558207748685874,1.120319894788101
23,25,2023-11-18,0.6065069462570234,1.053893477367379
23,25,2023-11-25,0.5918110261029708,0.9645207399530453
23,25,2023-12-02,0.578594274258625,0.8803635479300491
23,25,2023-12-09,0.5517921017223326,0.7854602169716144
23,25,2023-12-16,0.4964822418172627,0.7093271762794312
23,25,2023-12-23,0.46328795935387657,0.6606024684663604
23,25,2023-12-30,0.4411739533910227,0.6195151452209703
23,25,2024-01-06,0.3922340381819132,0.6609234825122415
23,25,2024-01-13,0.38016531904097645,0.6951130180802572
23,25,2024-01-20,0.3846285067946491,0.7344999614103956
23,25,2024-01-27,0.41951041039409526,0.7751504259770184
23,25,2024-02-03,0.47329235409659093,0.8134337397790529
23,25,2024-02-10,0.4948650456919347,0.8372451214317312
23,25,2024-02-17,0.5253356427149024,0.8544761953300197
23,25,2024-02-24,0.5174606658069019,0.8624581022495332
23,25,2024-03-02,0.5070510119254225,0.8703255943387765
23,25,2024-03-09,0.5039814606761627,0.8734088190617516
23,25,2024-03-16,0.48473387873150187,0.8765060298273345
23,25,2024-03-23,0.487947217679074,0.8864603996935639
23,25,2024-03-30,0.5327182297656351,0.8975189391107684
23,25,2024-04-06,0.587986836299804,0.9081583012938615
23,25,2024-04-13,0.6379696543681798,0.9103269284788577
23,25,2024-04-20,0.6164505302873473,0.9263700891001105
23,50,2023-11-04,0.9391824637368394,1.1736678002203091
23,50,2023-11-11,0.8166574067269743,1.120319894788101
23,50,2023-11-18,0.7908130530146796,1.053893477367379
23,50,2023-11-25,0.7682402634761583,0.9645207399530453
23,50,2023-12-02,0.7288228209585379,0.8803635479300491
23,50,2023-12-09,0.6786253881633424,0.7854602169716144
23,50,2023-12-16,0.6052901082664789,0.7093271762794312
23,50,2023-12-23,0.5546169909954026,0.6606024684663604
23,50,2023-12-30,0.5114684212654822,0.6195151452209703
23,50,2024-01-06,0.47326516692374254,0.6609234825122415
23,50,2024-01-13,0.4846769577290816,0.6951130180802572
23,50,2024-01-20,0.5009241284557263,0.7344999614103956
23,50,2024-01-27,0.5310625185811487,0.7751504259770184
23,50,2024-02-03,0.5754061689393839,0.8134337397790529
23,50,2024-02-10,0.6094916851266599,0.8372451214317312
23,50,2024-02-17,0.6379120660479124,0.8544761953300197
23,50,2024-02-24,0.6535161551757196,0.8624581022495332
23,50,2024-03-02,0.649464450517596,0.8703255943387765
23,50,2024-03-09,0.6557733881950066,0.8734088190617516
23,50,2024-03-16,0.6408067689630501,0.8765060298273345
23,50,2024-03-23,0.6390152833065282,0.8864603996935639
23,50,2024-03-30,0.6690153523217137,0.8975189391107684
23,50,2024-04-06,0.7036444615059725,0.9081583012938615
23,50,2024-04-13,0.7344898992691454,0.9103269284788577
23,50,2024-04-20,0.7053266017648847,0.9263700891001105
23,75,2023-11-04,0.9810006311433002,1.1736678002203091
23,75,2023-11-11,0.9491658000030461,1.120319894788101
23,75,2023-11-18,0.9175450261231076,1.053893477367379
23,75,2023-11-25,0.8852354208562726,0.9645207399530453
23,75,2023-12-02,0.8290329550025257,0.8803635479300491
23,75,2023-12-09,0.7615911500905908,0.7854602169716144
23,75,2023-12-16,0.6952053796440215,0.7093271762794312
23,75,2023-12-23,0.6221147388087879,0.6606024684663604
23,75,2023-12-30,0.5855906367392438,0.6195151452209703
23,75,2024-01-06,0.5464869722457043,0.6609234825122415
23,75,2024-01-13,0.5747246405067092,0.6951130180802572
23,75,2024-01-20,0.598637302262897,0.7344999614103956
23,75,2024-01-27,0.6371183005789188,0.7751504259770184
23,75,2024-02-03,0.6818476338139755,0.8134337397790529
23,75,2024-02-10,0.7245285184100008,0.8372451214317312
23,75,2024-02-17,0.7496879783040068,0.8544761953300197
23,75,2024-02-24,0.7653985729905465,0.8624581022495332
23,75,2024-03-02,0.7714467454856232,0.8703255943387765
23,75,2024-03-09,0.776605791095771,0.8734088190617516
23,75,2024-03-16,0.7737252881813382,0.8765060298273345
23,75,2024-03-23,0.7730888039339402,0.8864603996935639
23,75,2024-03-30,0.7892265575513179,0.8975189391107684
23,75,2024-04-06,0.8073520061841076,0.9081583012938615
23,75,2024-04-13,0.8269332545623186,0.9103269284788577
23,75,2024-04-20,0.801990859336338,0.9263700891001105
26,5,2023-11-04,0.5549552606200369,0.9428104475963139
26,5,2023-11-11,0.5788934572251134,0.9349072428606197
26,5,2023-11-18,0.4934174202063183,0.9185969622665154
26,5,2023-11-25,0.4923663442534069,0.8963557195425661
26,5,2023-12-02,0.49302841519438795,0.8685845839619388
26,5,2023-12-09,0.47561119415325775,0.8310720882833089
26,5,2023-12-16,0.4769957774797811,0.7919646180430395
26,5,2023-12-23,0.48868042900206876,0.7538167803159318
26,5,2023-12-30,0.49000652316110166,0.7080138313323358
26,5,2024-01-06,0.5330530861759979,0.7187655161367703
26,5,2024-01-13,0.5541445394867637,0.725267234040336
26,5,2024-01-20,0.5640979431522842,0.7242271793849016
26,5,2024-01-27,0.5654240098928759,0.7204711048928516
26,5,2024-02-03,0.5520319889125009,0.731291054465576
26,5,2024-02-10,0.5515391623663488,0.7784864056583763
26,5,2024-02-17,0.5648443323985847,0.8167123875757138
26,5,2024-02-24,0.5911554166396981,0.8458075189558383
26,5,2024-03-02,0.5964871727673079,0.8641325335426813
26,5,2024-03-09,0.6256698433392224,0.875582285764071
26,5,2024-03-16,0.6280809501405397,0.8860113208327802
26,5,2024-03-23,0.6429638992427055,0.9020011110808958
26,5,2024-03-30,0.6743468763177505,0.9144498178404539
26,5,2024-04-06,0.7110468776169347,0.9190466088490573
26,5,2024-04-13,0.7255179494164016,0.9158840468377348
26,5,2024-04-20,0.7184072000420603,0.9063144389598347
26,15,2023-11-04,0.6042450600266092,0.9428104475963139
26,15,2023-11-11,0.6798320269048445,0.9349072428606197
26,15,2023-11-18,0.5719165758092356,0.9185969622665154
26,15,2023-11-25,0.5496676994685555,0.8963557195425661
26,15,2023-12-02,0.5517933021607441,0.8685845839619388
26,15,2023-12-09,0.518108788135671,0.8310720882833089
26,15,2023-12-16,0.5145945371358374,0.7919646180430395
26,15,2023-12-23,0.5145354826144791,0.7538167803159318
26,15,2023-12-30,0.5082172457160125,0.7080138313323358
26,15,2024-01-06,0.5276540512630544,0.7187655161367703
26,15,2024-01-13,0.5634511864488762,0.725267234040336
26,15,2024-01-20,0.5711325652087339,0.7242271793849016
26,15,2024-01-27,0.566372499009761,0.7204711048928516
26,15,2024-02-03,0.5618047934448723,0.731291054465576
26,15,2024-02-10,0.550675601206008,0.7784864056583763
26,15,2024-02-17,0.5559882097985638,0.8167123875757138
26,15,2024-02-24,0.5888070036328816,0.8458075189558383
26,15,2024-03-02,0.6352894860109881,0.8641325335426813
26,15,2024-03-09,0.6631823567609344,0.875582285764071
26,15,2024-03-16,0.6839089022730223,0.8860113208327802
26,15,2024-03-23,0.7077484676767267,0.9020011110808958
26,15,2024-03-30,0.7441799880554696,0.9144498178404539
26,15,2024-04-06,0.7818396884011128,0.9190466088490573
26,15,2024-04-13,0.796967661015871,0.9158840468377348
26,15,2024-04-20,0.7946245863092976,0.9063144389598347
26,25,2023-11-04,0.6819771576595853,0.9428104475963139
26,25,2023-11-11,0.7259252832731014,0.9349072428606197
26,25,2023-11-18,0.6251875588371976,0.9185969622665154
26,25,2023-11-25,0.6160380167672491,0.8963557195425661
26,25,2023-12-02,0.6069320459778434,0.8685845839619388
26,25,2023-12-09,0.5728752442488155,0.8310720882833089
26,25,2023-12-16,0.5620660369582487,0.7919646180430395
26,25,2023-12-23,0.5540909698504014,0.7538167803159318
26,25,2023-12-30,0.540127907681962,0.7080138313323358
26,25,2024-01-06,0.5454263309015391,0.7187655161367703
26,25,2024-01-13,0.5798238808613001,0.725267234040336
26,25,2024-01-20,0.5859650039260985,0.7242271793849016
26,25,2024-01-27,0.5759562842202169,0.7204711048928516
26,25,2024-02-03,0.5649991747201483,0.731291054465576
26,25,2024-02-10,0.5589096034228741,0.7784864056583763
26,25,2024-02-17,0.5748491647454123,0.8167123875757138
26,25,2024-02-24,0.619126104914981,0.8458075189558383
26,25,2024-03-02,0.654720613259293,0.8641325335426813
26,25,2024-03-09,0.6927919359346034,0.875582285764071
26,25,2024-03-16,0.7159489116026554,0.8860113208327802
26,25,2024-03-23,0.7356740521232034,0.9020011110808958
26,25,2024-03-30,0.7753363668495381,0.9144498178404539
26,25,2024-04-06,0.8089262588932764,0.9190466088490573
26,25,2024-04-13,0.8274930205299461,0.9158840468377348
26,25,2024-04-20,0.8324214482109371,0.9063144389598347
26,50,2023-11-04,0.8045649984580291,0.9428104475963139
26,50,2023-11-11,0.8107209739894957,0.9349072428606197
26,50,2023-11-18,0.7660669312810409,0.9185969622665154
26,50,2023-11-25,0.7417820746699728,0.8963557195425661
26,50,2023-12-02,0.7152162938825067,0.8685845839619388
26,50,2023-12-09,0.6713084116719014,0.8310720882833089
26,50,2023-12-16,0.6525204053859189,0.7919646180430395
26,50,2023-12-23,0.6217908718239759,0.7538167803159318
26,50,2023-12-30,0.5984814858116401,0.7080138313323358
26,50,2024-01-06,0.5866259402487423,0.7187655161367703
26,50,2024-01-13,0.6040970221850757,0.725267234040336
26,50,2024-01-20,0.6103474093548737,0.7242271793849016
26,50,2024-01-27,0.6064389111140424,0.7204711048928516
26,50,2024-02-03,0.5954457948132849,0.731291054465576
26,50,2024-02-10,0.5956728441422628,0.7784864056583763
26,50,2024-02-17,0.6281293495373005,0.8167123875757138
26,50,2024-02-24,0.6744176800656556,0.8458075189558383
26,50,2024-03-02,0.7132285761217179,0.8641325335426813
26,50,2024-03-09,0.744043456163843,0.875582285764071
26,50,2024-03-16,0.7607228712753721,0.8860113208327802
26,50,2024-03-23,0.7773379090783173,0.9020011110808958
26,50,2024-03-30,0.8087076004104904,0.9144498178404539
26,50,2024-04-06,0.8348732738662084,0.9190466088490573
26,50,2024-04-13,0.8503402602259917,0.9158840468377348
26,50,2024-04-20,0.8506043875140131,0.9063144389598347
26,75,2023-11-04,0.8822170959851432,0.9428104475963139
26,75,2023-11-11,0.8662234660300737,0.9349072428606197
26,75,2023-11-18,0.8461813656638423,0.9185969622665154
26,75,2023-11-25,0.8350555156523983,0.8963557195425661
26,75,2023-12-02,0.8215868422804204,0.8685845839619388
26,75,2023-12-09,0.8046871583054453,0.8310720882833089
26,75,2023-12-16,0.7765436614845991,0.7919646180430395
26,75,2023-12-23,0.745448349949691,0.7538167803159318
26,75,2023-12-30,0.712656449560804,0.7080138313323358
26,75,2024-01-06,0.6729115240145997,0.7187655161367703
26,75,2024-01-13,0.6857563712224739,0.725267234040336
26,75,2024-01-20,0.68698818640123,0.7242271793849016
26,75,2024-01-27,0.6773900026752274,0.7204711048928516
26,75,2024-02-03,0.6676651835466288,0.731291054465576
26,75,2024-02-10,0.6718015872057086,0.7784864056583763
26,75,2024-02-17,0.7097579769968694,0.8167123875757138
26,75,2024-02-24,0.7523737634507509,0.8458075189558383
26,75,2024-03-02,0.7850828680177722,0.8641325335426813
26,75,2024-03-09,0.8087608530137577,0.875582285764071
26,75,2024-03-16,0.8235527197619282,0.8860113208327802
26,75,2024-03-23,0.8382380107356686,0.9020011110808958
26,75,2024-03-30,0.862476753234352,0.9144498178404539
26,75,2024-04-06,0.881201010840828,0.9190466088490573
26,75,2024-04-13,0.8929955872165435,0.9158840468377348
26,75,2024-04-20,0.8945853458666053,0.9063144389598347
17,5,2023-11-04,0.6890926868365223,0.5113350172323008
17,5,2023-11-11,0.6022639145334152,0.5079995544422252
17,5,2023-11-18,0.6841897908869886,0.5047232707456151
17,5,2023-11-25,0.6601525661942463,0.4986490255046293
17,5,2023-12-02,0.670283579566558,0.49159314555731165
17,5,2023-12-09,0.7088462101560585,0.485599293017183
17,5,2023-12-16,0.7184163151357453,0.4707036666762878
17,5,2023-12-23,0.628216589140132,0.4495132294771627
17,5,2023-12-30,0.7111114835863003,0.46960561192330685
17,5,2024-01-06,0.8203440428864018,0.515316520654752
17,5,2024-01-13,0.8854468669190937,0.5521113443039568
17,5,2024-01-20,0.8823379887530941,0.5642976732252611
17,5,2024-01-27,0.8108941142863368,0.5911631978700862
17,5,2024-02-03,0.6597999725215866,0.6217502147932922
17,5,2024-02-10,0.5416001681537351,0.6839796623357257
17,5,2024-02-17,0.4413204115559537,0.7399525047037612
17,5,2024-02-24,0.3939098798137205,0.7846052191582509
17,5,2024-03-02,0.39173292951459276,0.8174860150278642
17,5,2024-03-09,0.43254865767769735,0.8395688368293382
17,5,2024-03-16,0.4792214138235877,0.8600293479195729
17,5,2024-03-23,0.548279201255537,0.8743747493369778
17,5,2024-03-30,0.5950214937671486,0.8878548658034906
17,5,2024-04-06,0.6532110361221863,0.8968525233536835
17,5,2024-04-13,0.7004911160084906,0.9037331609317343
17,5,2024-04-20,0.732222222073571,0.8960416766016507
17,15,2023-11-04,0.6353029365347684,0.5113350172323008
17,15,2023-11-11,0.630654860413245,0.5079995544422252
17,15,2023-11-18,0.6549398675282706,0.5047232707456151
17,15,2023-11-25,0.6326479753574519,0.4986490255046293
17,15,2023-12-02,0.6324912262472557,0.49159314555731165
17,15,2023-12-09,0.6434711604750608,0.485599293017183
17,15,2023-12-16,0.6347488356356699,0.4707036666762878
17,15,2023-12-23,0.6203273652858119,0.4495132294771627
17,15,2023-12-30,0.66309271115547,0.46960561192330685
17,15,2024-01-06,0.7489680732161377,0.515316520654752
17,15,2024-01-13,0.8230513188986641,0.5521113443039568
17,15,2024-01-20,0.8716968737510714,0.5642976732252611
17,15,2024-01-27,0.8058438961167272,0.5911631978700862
17,15,2024-02-03,0.6996992999640261,0.6217502147932922
17,15,2024-02-10,0.5455121610141206,0.6839796623357257
17,15,2024-02-17,0.46063075475336973,0.7399525047037612
17,15,2024-02-24,0.4010176374867935,0.7846052191582509
17,15,2024-03-02,0.4271948184019703,0.8174860150278642
17,15,2024-03-09,0.49403704827007233,0.8395688368293382
17,15,2024-03-16,0.5481178098399028,0.8600293479195729
17,15,2024-03-23,0.6097951736737027,0.8743747493369778
17,15,2024-03-30,0.6507611565520207,0.8878548658034906
17,15,2024-04-06,0.6997363082090683,0.8968525233536835
17,15,2024-04-13,0.7410968017655722,0.9037331609317343
17,15,2024-04-20,0.7775356460059323,0.8960416766016507
17,25,2023-11-04,0.6153709400727632,0.5113350172323008
17,25,2023-11-11,0.6223980992516943,0.5079995544422252
17,25,2023-11-18,0.6421666867652799,0.5047232707456151
17,25,2023-11-25,0.6369636294029747,0.4986490255046293
17,25,2023-12-02,0.6346757508940624,0.49159314555731165
17,25,2023-12-09,0.6197773370314744,0.485599293017183
17,25,2023-12-16,0.6212396218264429,0.4707036666762878
17,25,2023-12-23,0.6187122065094852,0.4495132294771627
17,25,2023-12-30,0.6345763261710652,0.46960561192330685
17,25,2024-01-06,0.6973897730556492,0.515316520654752
17,25,2024-01-13,0.782260731660379,0.5521113443039568
17,25,2024-01-20,0.8270133714257576,0.5642976732252611
17,25,2024-01-27,0.7806785572534842,0.5911631978700862
17,25,2024-02-03,0.651645523134189,0.6217502147932922
17,25,2024-02-10,0.5107155172602039,0.6839796623357257
17,25,2024-02-17,0.4369610065783004,0.7399525047037612
17,25,2024-02-24,0.4345437872625195,0.7846052191582509
17,25,2024-03-02,0.4779938549393348,0.8174860150278642
17,25,2024-03-09,0.5176640863157215,0.8395688368293382
17,25,2024-03-16,0.5677419305137812,0.8600293479195729
17,25,2024-03-23,0.6181349196797508,0.8743747493369778
17,25,2024-03-30,0.6630819752759449,0.8878548658034906
17,25,2024-04-06,0.7097434028337536,0.8968525233536835
17,25,2024-04-13,0.7503412790896264,0.9037331609317343
17,25,2024-04-20,0.7860283553193183,0.8960416766016507
17,50,2023-11-04,0.5356093509267171,0.5113350172323008
17,50,2023-11-11,0.5534000628051109,0.5079995544422252
17,50,2023-11-18,0.5621744909376084,0.5047232707456151
17,50,2023-11-25,0.5297962719292441,0.4986490255046293
17,50,2023-12-02,0.49692581282098536,0.49159314555731165
17,50,2023-12-09,0.48712281121949935,0.485599293017183
17,50,2023-12-16,0.48470571585543754,0.4707036666762878
17,50,2023-12-23,0.47049458550724893,0.4495132294771627
17,50,2023-12-30,0.47021618192355724,0.46960561192330685
17,50,2024-01-06,0.5059153732952246,0.515316520654752
17,50,2024-01-13,0.5534319809253128,0.5521113443039568
17,50,2024-01-20,0.5821765242561827,0.5642976732252611
17,50,2024-01-27,0.5583296806481387,0.5911631978700862
17,50,2024-02-03,0.5219788026967243,0.6217502147932922
17,50,2024-02-10,0.47599260151597533,0.6839796623357257
17,50,2024-02-17,0.47301155103092285,0.7399525047037612
17,50,2024-02-24,0.49433523077196767,0.7846052191582509
17,50,2024-03-02,0.5676956975003948,0.8174860150278642
17,50,2024-03-09,0.615723073083933,0.8395688368293382
17,50,2024-03-16,0.6524030767958511,0.8600293479195729
17,50,2024-03-23,0.6932300246375832,0.8743747493369778
17,50,2024-03-30,0.7256948877640644,0.8878548658034906
17,50,2024-04-06,0.762558668154554,0.8968525233536835
17,50,2024-04-13,0.7905727458901276,0.9037331609317343
17,50,2024-04-20,0.823821544547563,0.8960416766016507
17,75,2023-11-04,0.49715376690268587,0.5113350172323008
17,75,2023-11-11,0.4895580556266689,0.5079995544422252
17,75,2023-11-18,0.4851801380406494,0.5047232707456151
17,75,2023-11-25,0.45805467937263783,0.4986490255046293
17,75,2023-12-02,0.4503864982281441,0.49159314555731165
17,75,2023-12-09,0.4504585049298675,0.485599293017183
17,75,2023-12-16,0.45569666602235026,0.4707036666762878
17,75,2023-12-23,0.4529808896774806,0.4495132294771627
17,75,2023-12-30,0.44303665653431146,0.46960561192330685
17,75,2024-01-06,0.4675046848805328,0.515316520654752
17,75,2024-01-13,0.5102677285065428,0.5521113443039568
17,75,2024-01-20,0.5361342635051564,0.5642976732252611
17,75,2024-01-27,0.5228719177557543,0.5911631978700862
17,75,2024-02-03,0.5187466979183333,0.6217502147932922
17,75,2024-02-10,0.5217374018820758,0.6839796623357257
17,75,2024-02-17,0.5637363433321296,0.7399525047037612
17,75,2024-02-24,0.6280738530497072,0.7846052191582509
17,75,2024-03-02,0.6928003571343483,0.8174860150278642
17,75,2024-03-09,0.7338312137048113,0.8395688368293382
17,75,2024-03-16,0.7614466401313196,0.8600293479195729
17,75,2024-03-23,0.7877496474298401,0.8743747493369778
17,75,2024-03-30,0.8094881511473914,0.8878548658034906
17,75,2024-04-06,0.8329725640411234,0.8968525233536835
17,75,2024-04-13,0.8514870584971629,0.9037331609317343
17,75,2024-04-20,0.8748385383539564,0.8960416766016507
25,5,2023-11-04,0.48096747186842875,0.5560618705831962
25,5,2023-11-11,0.4676230903139825,0.554969407677661
25,5,2023-11-18,0.33877136898086,0.5516332711505143
25,5,2023-11-25,0.3423148797917594,0.5453829332508872
25,5,2023-12-02,0.32469733613396085,0.540296748177472
25,5,2023-12-09,0.3015963926984036,0.5398154486230974
25,5,2023-12-16,0.3486260409484978,0.540968204678559
25,5,2023-12-23,0.3724448891017365,0.5545118436439075
25,5,2023-12-30,0.3692155419252705,0.5706034820294471
25,5,2024-01-06,0.3847493026935677,0.5794085414229699
25,5,2024-01-13,0.4095252762484072,0.5832095220881687
25,5,2024-01-20,0.4443196279485718,0.5962686651420362
25,5,2024-01-27,0.49981655731439073,0.6231428467317665
25,5,2024-02-03,0.5397919365292186,0.6576838158569468
25,5,2024-02-10,0.55708933987821,0.6879227677884658
25,5,2024-02-17,0.566586408329685,0.7199582894204295
25,5,2024-02-24,0.5863878055352241,0.7358507117614913
25,5,2024-03-02,0.6417329794311789,0.7503011151556881
25,5,2024-03-09,0.3465871382818444,0.7481196357544337
25,5,2024-03-16,0.33261116054091283,0.7539829006699529
25,5,2024-03-23,0.34680370593998894,0.7601017539557171
25,5,2024-03-30,0.36842650168848773,0.7712730581846109
25,5,2024-04-06,0.4182032531104088,0.782013710410557
25,5,2024-04-13,0.4746257939742363,0.7708608110418232
25,5,2024-04-20,0.4615314157100732,0.7508675358225273
25,15,2023-11-04,0.4857073152566278,0.5560618705831962
25,15,2023-11-11,0.49433750205036103,0.554969407677661
25,15,2023-11-18,0.4379999260684393,0.5516332711505143
25,15,2023-11-25,0.3749927577586077,0.5453829332508872
25,15,2023-12-02,0.3969605354980393,0.540296748177472
25,15,2023-12-09,0.3999065404156237,0.5398154486230974
25,15,2023-12-16,0.4066355066659891,0.540968204678559
25,15,2023-12-23,0.3859733011539745,0.5545118436439075
25,15,2023-12-30,0.38760340967953044,0.5706034820294471
25,15,2024-01-06,0.3981924764391977,0.5794085414229699
25,15,2024-01-13,0.4224856773526418,0.5832095220881687
25,15,2024-01-20,0.44855889507543834,0.5962686651420362
25,15,2024-01-27,0.4809006713040561,0.6231428467317665
25,15,2024-02-03,0.514499821240459,0.6576838158569468
25,15,2024-02-10,0.5324784595225347,0.6879227677884658
25,15,2024-02-17,0.5686481286953207,0.7199582894204295
25,15,2024-02-24,0.5784797288180856,0.7358507117614913
25,15,2024-03-02,0.6166230299016521,0.7503011151556881
25,15,2024-03-09,0.43018250044007755,0.7481196357544337
25,15,2024-03-16,0.4105598916508229,0.7539829006699529
25,15,2024-03-23,0.41798734926921494,0.7601017539557171
25,15,2024-03-30,0.4173730864728868,0.7712730581846109
25,15,2024-04-06,0.4557086940511722,0.782013710410557
25,15,2024-04-13,0.4966012907555678,0.7708608110418232
25,15,2024-04-20,0.47837815017368807,0.7508675358225273
25,25,2023-11-04,0.4689785268837718,0.5560618705831962
25,25,2023-11-11,0.48236373678242545,0.554969407677661
25,25,2023-11-18,0.44787121385745793,0.5516332711505143
25,25,2023-11-25,0.4227942303012428,0.5453829332508872
25,25,2023-12-02,0.4210200632406697,0.540296748177472
25,25,2023-12-09,0.4191906517919375,0.5398154486230974
25,25,2023-12-16,0.46945184961623065,0.540968204678559
25,25,2023-12-23,0.40224348719252767,0.5545118436439075
25,25,2023-12-30,0.4120854427361541,0.5706034820294471
25,25,2024-01-06,0.4179731377852536,0.5794085414229699
25,25,2024-01-13,0.4347316844896427,0.5832095220881687
25,25,2024-01-20,0.45086965203874535,0.5962686651420362
25,25,2024-01-27,0.4604161804830811,0.6231428467317665
25,25,2024-02-03,0.4950214215707549,0.6576838158569468
25,25,2024-02-10,0.5312782498751373,0.6879227677884658
25,25,2024-02-17,0.5745352956029999,0.7199582894204295
25,25,2024-02-24,0.5609557658087492,0.7358507117614913
25,25,2024-03-02,0.6073449538151123,0.7503011151556881
25,25,2024-03-09,0.5266343807268906,0.7481196357544337
25,25,2024-03-16,0.47556463061790144,0.7539829006699529
25,25,2024-03-23,0.4539457748941045,0.7601017539557171
25,25,2024-03-30,0.4637025800379626,0.7712730581846109
25,25,2024-04-06,0.49023761723277576,0.782013710410557
25,25,2024-04-13,0.5287904948056502,0.7708608110418232
25,25,2024-04-20,0.5099061403954024,0.7508675358225273
25,50,2023-11-04,0.4618623945650261,0.5560618705831962
25,50,2023-11-11,0.4817106507954621,0.554969407677661
25,50,2023-11-18,0.4782241370761076,0.5516332711505143
25,50,2023-11-25,0.46257093107292047,0.5453829332508872
25,50,2023-12-02,0.44954297905577684,0.540296748177472
25,50,2023-12-09,0.4451129324737022,0.5398154486230974
25,50,2023-12-16,0.4458069109879565,0.540968204678559
25,50,2023-12-23,0.43723775012218585,0.5545118436439075
25,50,2023-12-30,0.4349060443102805,0.5706034820294471
25,50,2024-01-06,0.44024649998050785,0.5794085414229699
25,50,2024-01-13,0.44606086153592356,0.5832095220881687
25,50,2024-01-20,0.44067090599890896,0.5962686651420362
25,50,2024-01-27,0.44894811965221515,0.6231428467317665
25,50,2024-02-03,0.48453941331713835,0.6576838158569468
25,50,2024-02-10,0.5298894978354752,0.6879227677884658
25,50,2024-02-17,0.5724451386001658,0.7199582894204295
25,50,2024-02-24,0.585159980989326,0.7358507117614913
25,50,2024-03-02,0.6126111286393013,0.7503011151556881
25,50,2024-03-09,0.6022545272318759,0.7481196357544337
25,50,2024-03-16,0.5684337158092805,0.7539829006699529
25,50,2024-03-23,0.5660027645583021,0.7601017539557171
25,50,2024-03-30,0.5733940425142101,0.7712730581846109
25,50,2024-04-06,0.5945698305740812,0.782013710410557
25,50,2024-04-13,0.6173755362787954,0.7708608110418232
25,50,2024-04-20,0.5963230288288732,0.7508675358225273
25,75,2023-11-04,0.4621875649409897,0.5560618705831962
25,75,2023-11-11,0.4619089638511687,0.554969407677661
25,75,2023-11-18,0.45629598690841816,0.5516332711505143
25,75,2023-11-25,0.45056416609432454,0.5453829332508872
25,75,2023-12-02,0.4504378468416424,0.540296748177472
25,75,2023-12-09,0.45326678720040353,0.5398154486230974
25,75,2023-12-16,0.4545439144592303,0.540968204678559
25,75,2023-12-23,0.458360835736219,0.5545118436439075
25,75,2023-12-30,0.4639627676785118,0.5706034820294471
25,75,2024-01-06,0.4685419422232132,0.5794085414229699
25,75,2024-01-13,0.465327944749833,0.5832095220881687
25,75,2024-01-20,0.4561552924958389,0.5962686651420362
25,75,2024-01-27,0.463989316555184,0.6231428467317665
25,75,2024-02-03,0.4975049182743817,0.6576838158569468
25,75,2024-02-10,0.5434494712473223,0.6879227677884658
25,75,2024-02-17,0.5792449967220895,0.7199582894204295
25,75,2024-02-24,0.6218795571164815,0.7358507117614913
25,75,2024-03-02,0.6471399401814802,0.7503011151556881
25,75,2024-03-09,0.6686087228198416,0.7481196357544337
25,75,2024-03-16,0.6703722467247152,0.7539829006699529
25,75,2024-03-23,0.6823943821112571,0.7601017539557171
25,75,2024-03-30,0.6966893138158637,0.7712730581846109
25,75,2024-04-06,0.7166267700743109,0.782013710410557
25,75,2024-04-13,0.7382545695387241,0.7708608110418232
25,75,2024-04-20,0.7340387621202245,0.7508675358225273
16,5,2023-11-04,0.4105786581962676,0.6179040062021185
16,5,2023-11-11,0.40631288754263056,0.6127524134616166
16,5,2023-11-18,0.4355001549110293,0.6031020099033108
16,5,2023-11-25,0.3984670945833629,0.597079418546155
16,5,2023-12-02,0.45384042860380946,0.5834103302469251
16,5,2023-12-09,0.4275450114196992,0.5758651246603748
16,5,2023-12-16,0.3953770401650736,0.5932403331247895
16,5,2023-12-23,0.34855569792789515,0.613697806680935
16,5,2023-12-30,0.3123891187557076,0.6263008298136742
16,5,2024-01-06,0.3032408496991398,0.6315759539380543
16,5,2024-01-13,0.3235130694210952,0.6346094765364962
16,5,2024-01-20,0.3819022321089987,0.6541661223908343
16,5,2024-01-27,0.40666854034689925,0.6747346162519539
16,5,2024-02-03,0.4154804095033002,0.70184102482402
16,5,2024-02-10,0.4102745949960955,0.7244159935028761
16,5,2024-02-17,0.4932713237559798,0.7476384975984314
16,5,2024-02-24,0.5488392865199908,0.7697369639283541
16,5,2024-03-02,0.5449665358794977,0.7717263185901528
16,5,2024-03-09,0.5363946024048166,0.7852521067311355
16,5,2024-03-16,0.5082149061275338,0.7866192805306946
16,5,2024-03-23,0.5247905901605336,0.7804625147936177
16,5,2024-03-30,0.5038127565091055,0.7691006275659077
16,5,2024-04-06,0.48810693837159214,0.7458367985319646
16,5,2024-04-13,0.38801194850912324,0.7129185966979
16,5,2024-04-20,0.31628626913410834,0.7703449623996727
16,15,2023-11-04,0.41007001350977745,0.6179040062021185
16,15,2023-11-11,0.4047317174147171,0.6127524134616166
16,15,2023-11-18,0.4308933170902078,0.6031020099033108
16,15,2023-11-25,0.43478735652545286,0.597079418546155
16,15,2023-12-02,0.461365768534094,0.5834103302469251
16,15,2023-12-09,0.42880717459661655,0.5758651246603748
16,15,2023-12-16,0.4036192481974557,0.5932403331247895
16,15,2023-12-23,0.38252542620586166,0.613697806680935
16,15,2023-12-30,0.35121535309794577,0.6263008298136742
16,15,2024-01-06,0.3594219894777777,0.6315759539380543
16,15,2024-01-13,0.34193836515250126,0.6346094765364962
16,15,2024-01-20,0.3548382350250096,0.6541661223908343
16,15,2024-01-27,0.38834690186665893,0.6747346162519539
16,15,2024-02-03,0.3944531178202435,0.70184102482402
16,15,2024-02-10,0.40530474405474437,0.7244159935028761
16,15,2024-02-17,0.4539953581511969,0.7476384975984314
16,15,2024-02-24,0.5144014869406524,0.7697369639283541
16,15,2024-03-02,0.5433153295710752,0.7717263185901528
16,15,2024-03-09,0.546735170293147,0.7852521067311355
16,15,2024-03-16,0.5780467126229442,0.7866192805306946
16,15,2024-03-23,0.5711139321973402,0.7804625147936177
16,15,2024-03-30,0.542740998222465,0.7691006275659077
16,15,2024-04-06,0.4879343287952796,0.7458367985319646
16,15,2024-04-13,0.3665908923131465,0.7129185966979
16,15,2024-04-20,0.032621526015283266,0.7703449623996727
16,25,2023-11-04,0.44165989027696784,0.6179040062021185
16,25,2023-11-11,0.44124688887227725,0.6127524134616166
16,25,2023-11-18,0.4480926024097566,0.6031020099033108
16,25,2023-11-25,0.44562258525303805,0.597079418546155
16,25,2023-12-02,0.47720989379965395,0.5834103302469251
16,25,2023-12-09,0.46549055844706877,0.5758651246603748
16,25,2023-12-16,0.4177865876220273,0.5932403331247895
16,25,2023-12-23,0.3925274258577273,0.613697806680935
16,25,2023-12-30,0.3759823028631189,0.6263008298136742
16,25,2024-01-06,0.3610735517692448,0.6315759539380543
16,25,2024-01-13,0.3289955761786947,0.6346094765364962
16,25,2024-01-20,0.32395147394594775,0.6541661223908343
16,25,2024-01-27,0.3470545515287038,0.6747346162519539
16,25,2024-02-03,0.37512832698716025,0.70184102482402
16,25,2024-02-10,0.3908580556395955,0.7244159935028761
16,25,2024-02-17,0.44614504797646953,0.7476384975984314
16,25,2024-02-24,0.5191262585689128,0.7697369639283541
16,25,2024-03-02,0.543594911481578,0.7717263185901528
16,25,2024-03-09,0.5527720480912296,0.7852521067311355
16,25,2024-03-16,0.5771540117204728,0.7866192805306946
16,25,2024-03-23,0.5695488667900515,0.7804625147936177
16,25,2024-03-30,0.5503671120884573,0.7691006275659077
16,25,2024-04-06,0.5067654688996522,0.7458367985319646
16,25,2024-04-13,0.3997551910994907,0.7129185966979
16,25,2024-04-20,0.07213910091525833,0.7703449623996727
16,50,2023-11-04,0.5027239202640005,0.6179040062021185
16,50,2023-11-11,0.5020033038201209,0.6127524134616166
16,50,2023-11-18,0.5089937094713097,0.6031020099033108
16,50,2023-11-25,0.5085181504216618,0.597079418546155
16,50,2023-12-02,0.5112009949975264,0.5834103302469251
16,50,2023-12-09,0.5012615203950906,0.5758651246603748
16,50,2023-12-16,0.4971197657272273,0.5932403331247895
16,50,2023-12-23,0.47350263623921673,0.613697806680935
16,50,2023-12-30,0.46132697749985857,0.6263008298136742
16,50,2024-01-06,0.4394124914937979,0.6315759539380543
16,50,2024-01-13,0.40012666583448275,0.6346094765364962
16,50,2024-01-20,0.3740604445121402,0.6541661223908343
16,50,2024-01-27,0.3811524887502783,0.6747346162519539
16,50,2024-02-03,0.39528340955489677,0.70184102482402
16,50,2024-02-10,0.4299021543426427,0.7244159935028761
16,50,2024-02-17,0.47014964565511974,0.7476384975984314
16,50,2024-02-24,0.5210622951560038,0.7697369639283541
16,50,2024-03-02,0.5470855307304942,0.7717263185901528
16,50,2024-03-09,0.5541016446998092,0.7852521067311355
16,50,2024-03-16,0.5882480910130813,0.7866192805306946
16,50,2024-03-23,0.6029551751714939,0.7804625147936177
16,50,2024-03-30,0.5965478119396361,0.7691006275659077
16,50,2024-04-06,0.5718620805495122,0.7458367985319646
16,50,2024-04-13,0.4899918008999004,0.7129185966979
16,50,2024-04-20,0.22039752856259756,0.7703449623996727
16,75,2023-11-04,0.5511689659334668,0.6179040062021185
16,75,2023-11-11,0.5496307456153284,0.6127524134616166
16,75,2023-11-18,0.5427523323091387,0.6031020099033108
16,75,2023-11-25,0.5336374623134076,0.597079418546155
16,75,2023-12-02,0.532937498385303,0.5834103302469251
16,75,2023-12-09,0.5236066377291373,0.5758651246603748
16,75,2023-12-16,0.5145225844254984,0.5932403331247895
16,75,2023-12-23,0.5108331172766581,0.613697806680935
16,75,2023-12-30,0.5178748240549766,0.6263008298136742
16,75,2024-01-06,0.5200502767802857,0.6315759539380543
16,75,2024-01-13,0.5010055775241153,0.6346094765364962
16,75,2024-01-20,0.4907216238128967,0.6541661223908343
16,75,2024-01-27,0.5029474497684163,0.6747346162519539
16,75,2024-02-03,0.5304195286782241,0.70184102482402
16,75,2024-02-10,0.5638949201392363,0.7244159935028761
16,75,2024-02-17,0.5912510954497093,0.7476384975984314
16,75,2024-02-24,0.6271701999966287,0.7697369639283541
16,75,2024-03-02,0.6474100062973015,0.7717263185901528
16,75,2024-03-09,0.6493665735441824,0.7852521067311355
16,75,2024-03-16,0.6700968983171443,0.7866192805306946
16,75,2024-03-23,0.6775263113452374,0.7804625147936177
16,75,2024-03-30,0.6701508727085448,0.7691006275659077
16,75,2024-04-06,0.6587639515691502,0.7458367985319646
16,75,2024-04-13,0.5919858379101351,0.7129185966979
16,75,2024-04-20,0.36182715943017,0.7703449623996727
09,5,2023-11-04,0.35375211676275164,0.6172993850550086
09,5,2023-11-11,0.3875699705294493,0.6014106386011997
09,5,2023-11-18,0.33388685154132464,0.5752326247841835
09,5,2023-11-25,0.3430943896731553,0.550249712504954
09,5,2023-12-02,0.37582341643401257,0.5232993915496781
09,5,2023-12-09,0.42918049562050026,0.5010855365105604
09,5,2023-12-16,0.4332339539410493,0.47785916138281653
09,5,2023-12-23,0.445348280539802,0.4741854662061164
09,5,2023-12-30,0.4166014689256832,0.45955237349799105
09,5,2024-01-06,0.4413466373988971,0.4954439827066747
09,5,2024-01-13,0.44686135470439453,0.5246262131268111
09,5,2024-01-20,0.44967143871880916,0.5627152035825758
09,5,2024-01-27,0.43130748495575505,0.5883916063360651
09,5,2024-02-03,0.3938444883789141,0.6400055587867918
09,5,2024-02-10,0.40600644800738134,0.6891178854985238
09,5,2024-02-17,0.3917821682067097,0.7299343433792043
09,5,2024-02-24,0.42258363180109854,0.7682520453278376
09,5,2024-03-02,0.4405065540993638,0.789827527437108
09,5,2024-03-09,0.44430606883897034,0.7954482805671252
09,5,2024-03-16,0.3872288413011332,0.8049840662549551
09,5,2024-03-23,0.3866367035340813,0.8288441645075064
09,5,2024-03-30,0.44218423564752424,0.8515096266768776
09,5,2024-04-06,0.49262327751593515,0.8658120572271074
09,5,2024-04-13,0.5194993892707647,0.8740366548414084
09,5,2024-04-20,0.4939257023120274,0.8919222810424116
09,15,2023-11-04,0.39798052779146137,0.6172993850550086
09,15,2023-11-11,0.4071672593524669,0.6014106386011997
09,15,2023-11-18,0.34902150324247005,0.5752326247841835
09,15,2023-11-25,0.3521659854432553,0.550249712504954
09,15,2023-12-02,0.3798426426927275,0.5232993915496781
09,15,2023-12-09,0.41686643251758426,0.5010855365105604
09,15,2023-12-16,0.4241865104376591,0.47785916138281653
09,15,2023-12-23,0.44435785880417944,0.4741854662061164
09,15,2023-12-30,0.43235253446405336,0.45955237349799105
09,15,2024-01-06,0.4485233020043315,0.4954439827066747
09,15,2024-01-13,0.46917004201990203,0.5246262131268111
09,15,2024-01-20,0.47865732511299297,0.5627152035825758
09,15,2024-01-27,0.46040955097111624,0.5883916063360651
09,15,2024-02-03,0.43536416077047135,0.6400055587867918
09,15,2024-02-10,0.4408235370318652,0.6891178854985238
09,15,2024-02-17,0.4186906398534417,0.7299343433792043
09,15,2024-02-24,0.46339610199655257,0.7682520453278376
09,15,2024-03-02,0.48521801735117215,0.789827527437108
09,15,2024-03-09,0.49763634873530976,0.7954482805671252
09,15,2024-03-16,0.47192975083906896,0.8049840662549551
09,15,2024-03-23,0.47878024923765633,0.8288441645075064
09,15,2024-03-30,0.5295717881432882,0.8515096266768776
09,15,2024-04-06,0.5840883479451168,0.8658120572271074
09,15,2024-04-13,0.6091327040177706,0.8740366548414084
09,15,2024-04-20,0.5778333080009596,0.8919222810424116
09,25,2023-11-04,0.4129258005262893,0.6172993850550086
09,25,2023-11-11,0.4319893484596483,0.6014106386011997
09,25,2023-11-18,0.3630387911318744,0.5752326247841835
09,25,2023-11-25,0.3642061953922284,0.550249712504954
09,25,2023-12-02,0.3707682153837934,0.5232993915496781
09,25,2023-12-09,0.3875149419745415,0.5010855365105604
09,25,2023-12-16,0.3957978687594515,0.47785916138281653
09,25,2023-12-23,0.41635463628413527,0.4741854662061164
09,25,2023-12-30,0.4209086288278175,0.45955237349799105
09,25,2024-01-06,0.42454470203346284,0.4954439827066747
09,25,2024-01-13,0.4498284901859297,0.5246262131268111
09,25,2024-01-20,0.45680549762467376,0.5627152035825758
09,25,2024-01-27,0.45225677725046365,0.5883916063360651
09,25,2024-02-03,0.42866731762193655,0.6400055587867918
09,25,2024-02-10,0.4428910051127944,0.6891178854985238
09,25,2024-02-17,0.43139838297047844,0.7299343433792043
09,25,2024-02-24,0.48165018555116024,0.7682520453278376
09,25,2024-03-02,0.5146568353589381,0.789827527437108
09,25,2024-03-09,0.5241984815418725,0.7954482805671252
09,25,2024-03-16,0.5101492382063731,0.8049840662549551
09,25,2024-03-23,0.5103878031198619,0.8288441645075064
09,25,2024-03-30,0.5654637223950914,0.8515096266768776
09,25,2024-04-06,0.6199581886369238,0.8658120572271074
09,25,2024-04-13,0.640194708850358,0.8740366548414084
09,25,2024-04-20,0.6175237772550838,0.8919222810424116
09,50,2023-11-04,0.4538183104383738,0.6172993850550086
09,50,2023-11-11,0.4490252080087653,0.6014106386011997
09,50,2023-11-18,0.3684002870745234,0.5752326247841835
09,50,2023-11-25,0.35651214418776334,0.550249712504954
09,50,2023-12-02,0.35211164011692825,0.5232993915496781
09,50,2023-12-09,0.3548362904946972,0.5010855365105604
09,50,2023-12-16,0.35484057410438863,0.47785916138281653
09,50,2023-12-23,0.3583980837918833,0.4741854662061164
09,50,2023-12-30,0.37056737942787144,0.45955237349799105
09,50,2024-01-06,0.3673531601694314,0.4954439827066747
09,50,2024-01-13,0.39626980578996573,0.5246262131268111
09,50,2024-01-20,0.4102977532640872,0.5627152035825758
09,50,2024-01-27,0.4340389863590694,0.5883916063360651
09,50,2024-02-03,0.43432981495969436,0.6400055587867918
09,50,2024-02-10,0.4873050364032745,0.6891178854985238
09,50,2024-02-17,0.5131048870906748,0.7299343433792043
09,50,2024-02-24,0.572249694836647,0.7682520453278376
09,50,2024-03-02,0.6181532954351148,0.789827527437108
09,50,2024-03-09,0.6358160960208794,0.7954482805671252
09,50,2024-03-16,0.6296508523125293,0.8049840662549551
09,50,2024-03-23,0.6330886721292913,0.8288441645075064
09,50,2024-03-30,0.6731944553013081,0.8515096266768776
09,50,2024-04-06,0.7179540455117653,0.8658120572271074
09,50,2024-04-13,0.733370783238072,0.8740366548414084
09,50,2024-04-20,0.7133022849151,0.8919222810424116
09,75,2023-11-04,0.5147248026489889,0.6172993850550086
09,75,2023-11-11,0.47954397458281334,0.6014106386011997
09,75,2023-11-18,0.4531891642365507,0.5752326247841835
09,75,2023-11-25,0.4372972011245565,0.550249712504954
09,75,2023-12-02,0.4258850958075024,0.5232993915496781
09,75,2023-12-09,0.41608391204636985,0.5010855365105604
09,75,2023-12-16,0.415514134695237,0.47785916138281653
09,75,2023-12-23,0.41503425731397997,0.4741854662061164
09,75,2023-12-30,0.4273601349496137,0.45955237349799105
09,75,2024-01-06,0.4196310483085971,0.4954439827066747
09,75,2024-01-13,0.4484186710150381,0.5246262131268111
09,75,2024-01-20,0.471322347523324,0.5627152035825758
09,75,2024-01-27,0.5021586312125392,0.5883916063360651
09,75,2024-02-03,0.5201739652075886,0.6400055587867918
09,75,2024-02-10,0.5797176986367982,0.6891178854985238
09,75,2024-02-17,0.6254246191171118,0.7299343433792043
09,75,2024-02-24,0.6731039571485115,0.7682520453278376
09,75,2024-03-02,0.7150179468549004,0.789827527437108
09,75,2024-03-09,0.7339083808778706,0.7954482805671252
09,75,2024-03-16,0.7329576890212324,0.8049840662549551
09,75,2024-03-23,0.7335270625763359,0.8288441645075064
09,75,2024-03-30,0.7604816322635062,0.8515096266768776
09,75,2024-04-06,0.7921846127555627,0.8658120572271074
09,75,2024-04-13,0.8062729968656334,0.8740366548414084
09,75,2024-04-20,0.7989317609545193,0.8919222810424116
13,5,2023-11-04,0.4216967026978462,0.3681835792456296
13,5,2023-11-11,0.42571599976046537,0.36940833455390915
13,5,2023-11-18,0.22186917676501908,0.36813893353180926
13,5,2023-11-25,0.22768955224870796,0.36830413925531597
13,5,2023-12-02,0.29895845424702455,0.37039294228298886
13,5,2023-12-09,0.36757528473739265,0.37107925447870393
13,5,2023-12-16,0.4467836610511695,0.37593695458042303
13,5,2023-12-23,0.40841816003102704,0.3720198679476067
13,5,2023-12-30,0.3800418308642452,0.3387807063329922
13,5,2024-01-06,0.3756094589783013,0.23858564349772804
13,5,2024-01-13,0.22664856423815688,0.17278296890512634
13,5,2024-01-20,0.2696359627461156,0.11726697679198035
13,5,2024-01-27,0.2633257103829763,0.08628234799730441
13,5,2024-02-03,0.1829652411123513,0.06261841211256218
13,5,2024-02-10,0.15698390662943432,0.07661531568483326
13,5,2024-02-17,0.1538091967464554,0.09435047764789134
13,5,2024-02-24,0.17451642559974045,0.11522263882539172
13,5,2024-03-02,0.215572127340675,0.11442681320627181
13,5,2024-03-09,0.2508465279551539,0.11467102898625622
13,5,2024-03-16,0.2734949891183378,0.14316996752290884
13,5,2024-03-23,0.3514103053846224,0.15929344878787893
13,5,2024-03-30,0.40863720992068514,0.2064179645423805
13,5,2024-04-06,0.45074786152363905,0.27355364537432536
13,5,2024-04-13,0.4852688633151255,0.3307137332311471
13,5,2024-04-20,0.5303709226304945,0.32153808871033135
13,15,2023-11-04,0.35629370716398967,0.3681835792456296
13,15,2023-11-11,0.3530760092607934,0.36940833455390915
13,15,2023-11-18,0.23302568903429674,0.36813893353180926
13,15,2023-11-25,0.2294665421469273,0.36830413925531597
13,15,2023-12-02,0.26060077486983363,0.37039294228298886
13,15,2023-12-09,0.29670709783967125,0.37107925447870393
13,15,2023-12-16,0.4340057213337791,0.37593695458042303
13,15,2023-12-23,0.39935668248362133,0.3720198679476067
13,15,2023-12-30,0.3853358368637056,0.3387807063329922
13,15,2024-01-06,0.3853914264800648,0.23858564349772804
13,15,2024-01-13,0.21438489774747033,0.17278296890512634
13,15,2024-01-20,0.23512852993723718,0.11726697679198035
13,15,2024-01-27,0.26082289967281336,0.08628234799730441
13,15,2024-02-03,0.2105695583887196,0.06261841211256218
13,15,2024-02-10,0.16872732062431178,0.07661531568483326
13,15,2024-02-17,0.1385081568744252,0.09435047764789134
13,15,2024-02-24,0.19354680859153786,0.11522263882539172
13,15,2024-03-02,0.24779982782080534,0.11442681320627181
13,15,2024-03-09,0.2998279951299257,0.11467102898625622
13,15,2024-03-16,0.29754149196704016,0.14316996752290884
13,15,2024-03-23,0.31177391575976077,0.15929344878787893
13,15,2024-03-30,0.3803479110165914,0.2064179645423805
13,15,2024-04-06,0.4376778400902523,0.27355364537432536
13,15,2024-04-13,0.48717556759551817,0.3307137332311471
13,15,2024-04-20,0.5373315780836,0.32153808871033135
13,25,2023-11-04,0.34469073181086796,0.3681835792456296
13,25,2023-11-11,0.3460136746846643,0.36940833455390915
13,25,2023-11-18,0.24477089530730065,0.36813893353180926
13,25,2023-11-25,0.2313230560017841,0.36830413925531597
13,25,2023-12-02,0.2652813236403077,0.37039294228298886
13,25,2023-12-09,0.30336306787679407,0.37107925447870393
13,25,2023-12-16,0.43174600103197813,0.37593695458042303
13,25,2023-12-23,0.42114465729755785,0.3720198679476067
13,25,2023-12-30,0.41382692121978004,0.3387807063329922
13,25,2024-01-06,0.40402091952283664,0.23858564349772804
13,25,2024-01-13,0.22419607152083368,0.17278296890512634
13,25,2024-01-20,0.25110130526222824,0.11726697679198035
13,25,2024-01-27,0.31752196625458107,0.08628234799730441
13,25,2024-02-03,0.31597753513446897,0.06261841211256218
13,25,2024-02-10,0.22906571964612532,0.07661531568483326
13,25,2024-02-17,0.1295337282570036,0.09435047764789134
13,25,2024-02-24,0.11523025548604385,0.11522263882539172
13,25,2024-03-02,0.17218360701772567,0.11442681320627181
13,25,2024-03-09,0.20987318588936554,0.11467102898625622
13,25,2024-03-16,0.21583213844428764,0.14316996752290884
13,25,2024-03-23,0.24080240474893894,0.15929344878787893
13,25,2024-03-30,0.2914512291814383,0.2064179645423805
13,25,2024-04-06,0.351425351178977,0.27355364537432536
13,25,2024-04-13,0.4357037526712809,0.3307137332311471
13,25,2024-04-20,0.4991108023154667,0.32153808871033135
13,50,2023-11-04,0.36257182407053945,0.3681835792456296
13,50,2023-11-11,0.36789748283584567,0.36940833455390915
13,50,2023-11-18,0.30487769648276913,0.36813893353180926
13,50,2023-11-25,0.2999302780317178,0.36830413925531597
13,50,2023-12-02,0.3148735454132075,0.37039294228298886
13,50,2023-12-09,0.3508713588584667,0.37107925447870393
13,50,2023-12-16,0.4508002930409714,0.37593695458042303
13,50,2023-12-23,0.46634248244208715,0.3720198679476067
13,50,2023-12-30,0.4705432902042162,0.3387807063329922
13,50,2024-01-06,0.4626387407284381,0.23858564349772804
13,50,2024-01-13,0.30874476495314107,0.17278296890512634
13,50,2024-01-20,0.32567889801477334,0.11726697679198035
13,50,2024-01-27,0.39832155536364067,0.08628234799730441
13,50,2024-02-03,0.41936105858117023,0.06261841211256218
13,50,2024-02-10,0.4121715377638605,0.07661531568483326
13,50,2024-02-17,0.31603312762546043,0.09435047764789134
13,50,2024-02-24,0.1982999111728687,0.11522263882539172
13,50,2024-03-02,0.14462101445969647,0.11442681320627181
13,50,2024-03-09,0.09729612610882431,0.11467102898625622
13,50,2024-03-16,0.11589655831804792,0.14316996752290884
13,50,2024-03-23,0.14433871925664532,0.15929344878787893
13,50,2024-03-30,0.1336274938586207,0.2064179645423805
13,50,2024-04-06,0.1469988892031535,0.27355364537432536
13,50,2024-04-13,0.21276178137669816,0.3307137332311471
13,50,2024-04-20,0.32443990444267595,0.32153808871033135
13,75,2023-11-04,0.3742118152433416,0.3681835792456296
13,75,2023-11-11,0.37636440752072026,0.36940833455390915
13,75,2023-11-18,0.34685218331330026,0.36813893353180926
13,75,2023-11-25,0.34278995603299234,0.36830413925531597
13,75,2023-12-02,0.3492959848060046,0.37039294228298886
13,75,2023-12-09,0.37058879445665444,0.37107925447870393
13,75,2023-12-16,0.4108325068703513,0.37593695458042303
13,75,2023-12-23,0.4193619527608676,0.3720198679476067
13,75,2023-12-30,0.4217113458742898,0.3387807063329922
13,75,2024-01-06,0.39750765202318644,0.23858564349772804
13,75,2024-01-13,0.28303421168843285,0.17278296890512634
13,75,2024-01-20,0.25958776191339195,0.11726697679198035
13,75,2024-01-27,0.2600065219731953,0.08628234799730441
13,75,2024-02-03,0.3030604815447747,0.06261841211256218
13,75,2024-02-10,0.31481295082853816,0.07661531568483326
13,75,2024-02-17,0.27307438007546214,0.09435047764789134
13,75,2024-02-24,0.21282679719997735,0.11522263882539172
13,75,2024-03-02,0.16930627776627621,0.11442681320627181
13,75,2024-03-09,0.12567824522566517,0.11467102898625622
13,75,2024-03-16,0.14391311905511603,0.14316996752290884
13,75,2024-03-23,0.1588816613572445,0.15929344878787893
13,75,2024-03-30,0.13747643411039806,0.2064179645423805
13,75,2024-04-06,0.1422145544505839,0.27355364537432536
13,75,2024-04-13,0.17683791370116178,0.3307137332311471
13,75,2024-04-20,0.294050907755637,0.32153808871033135
12,5,2023-11-04,0.42712191083833917,0.31097065417883596
12,5,2023-11-11,0.4954940815129657,0.3083367059279051
12,5,2023-11-18,0.43622575737222824,0.3082015145688858
12,5,2023-11-25,0.3985753381297863,0.30266106578349716
12,5,2023-12-02,0.37802171603812795,0.2979444624057233
12,5,2023-12-09,0.37449933738406227,0.2974219799334206
12,5,2023-12-16,0.33056900079310464,0.30663063336579394
12,5,2023-12-23,0.2602522647647462,0.3235335179312089
12,5,2023-12-30,0.23524932312021687,0.3388604117462579
12,5,2024-01-06,0.2732152030783084,0.34335079352984327
12,5,2024-01-13,0.34459458053737185,0.34952431238564385
12,5,2024-01-20,0.33457481789535237,0.3855092263659888
12,5,2024-01-27,0.2919714807824804,0.4297788179037461
12,5,2024-02-03,0.29342693462437325,0.47864142664197296
12,5,2024-02-10,0.32341181230678706,0.5275850627270384
12,5,2024-02-17,0.3312145078216755,0.556247526845718
12,5,2024-02-24,0.3956132354149206,0.5855217657236473
12,5,2024-03-02,0.40320705828799996,0.6101511081274759
12,5,2024-03-09,0.44268327465972884,0.6356983276532429
12,5,2024-03-16,0.47208804882612,0.6565970871744978
12,5,2024-03-23,0.5035169227327841,0.6684153212028526
12,5,2024-03-30,0.5175769361613134,0.6865038648265087
12,5,2024-04-06,0.5448249106028872,0.6954433515816013
12,5,2024-04-13,0.5491936958293613,0.715698788022448
12,5,2024-04-20,0.579018301259125,0.719583736609091
12,15,2023-11-04,0.4902548340341599,0.31097065417883596
12,15,2023-11-11,0.5149638243630396,0.3083367059279051
12,15,2023-11-18,0.47316418292331,0.3082015145688858
12,15,2023-11-25,0.4430438849548796,0.30266106578349716
12,15,2023-12-02,0.3864641214525897,0.2979444624057233
12,15,2023-12-09,0.3530190909764942,0.2974219799334206
12,15,2023-12-16,0.3137215292497644,0.30663063336579394
12,15,2023-12-23,0.25320305453325753,0.3235335179312089
12,15,2023-12-30,0.23876845569715893,0.3388604117462579
12,15,2024-01-06,0.2477080140072792,0.34335079352984327
12,15,2024-01-13,0.2769039228555143,0.34952431238564385
12,15,2024-01-20,0.27226600448677757,0.3855092263659888
12,15,2024-01-27,0.24016822146983258,0.4297788179037461
12,15,2024-02-03,0.22670830719228247,0.47864142664197296
12,15,2024-02-10,0.24556053615915666,0.5275850627270384
12,15,2024-02-17,0.24825854701097083,0.556247526845718
12,15,2024-02-24,0.29008802401025535,0.5855217657236473
12,15,2024-03-02,0.3597090707452073,0.6101511081274759
12,15,2024-03-09,0.3997184153509595,0.6356983276532429
12,15,2024-03-16,0.45102057239848303,0.6565970871744978
12,15,2024-03-23,0.4885209751380982,0.6684153212028526
12,15,2024-03-30,0.5044916833735223,0.6865038648265087
12,15,2024-04-06,0.5296130777457945,0.6954433515816013
12,15,2024-04-13,0.5327527686182243,0.715698788022448
12,15,2024-04-20,0.5727352330247621,0.719583736609091
12,25,2023-11-04,0.39502363063652063,0.31097065417883596
12,25,2023-11-11,0.394166373325086,0.3083367059279051
12,25,2023-11-18,0.39337645777735564,0.3082015145688858
12,25,2023-11-25,0.37699242871584265,0.30266106578349716
12,25,2023-12-02,0.33139705295351046,0.2979444624057233
12,25,2023-12-09,0.30551030489103376,0.2974219799334206
12,25,2023-12-16,0.2859337136093145,0.30663063336579394
12,25,2023-12-23,0.258305091815386,0.3235335179312089
12,25,2023-12-30,0.24969373461343297,0.3388604117462579
12,25,2024-01-06,0.259404844101349,0.34335079352984327
12,25,2024-01-13,0.2757039853439527,0.34952431238564385
12,25,2024-01-20,0.26481974859303603,0.3855092263659888
12,25,2024-01-27,0.25044430587674393,0.4297788179037461
12,25,2024-02-03,0.22299616482323872,0.47864142664197296
12,25,2024-02-10,0.23628997760123133,0.5275850627270384
12,25,2024-02-17,0.23973602442720107,0.556247526845718
12,25,2024-02-24,0.2713862265203007,0.5855217657236473
12,25,2024-03-02,0.31455225213199006,0.6101511081274759
12,25,2024-03-09,0.35024753167542366,0.6356983276532429
12,25,2024-03-16,0.4040260539218993,0.6565970871744978
12,25,2024-03-23,0.4436352940241944,0.6684153212028526
12,25,2024-03-30,0.4712668373338202,0.6865038648265087
12,25,2024-04-06,0.5085181222213307,0.6954433515816013
12,25,2024-04-13,0.5160291175077368,0.715698788022448
12,25,2024-04-20,0.5644898618065609,0.719583736609091
12,50,2023-11-04,0.26005401988925736,0.31097065417883596
12,50,2023-11-11,0.24795632216990854,0.3083367059279051
12,50,2023-11-18,0.2450868338741123,0.3082015145688858
12,50,2023-11-25,0.24451658376415408,0.30266106578349716
12,50,2023-12-02,0.23890447462193243,0.2979444624057233
12,50,2023-12-09,0.22354967697506803,0.2974219799334206
12,50,2023-12-16,0.21279371094564473,0.30663063336579394
12,50,2023-12-23,0.2023195495161811,0.3235335179312089
12,50,2023-12-30,0.20452967641982958,0.3388604117462579
12,50,2024-01-06,0.21984895469506519,0.34335079352984327
12,50,2024-01-13,0.21750797147268855,0.34952431238564385
12,50,2024-01-20,0.2022389662366843,0.3855092263659888
12,50,2024-01-27,0.2081585527732847,0.4297788179037461
12,50,2024-02-03,0.1975001086188251,0.47864142664197296
12,50,2024-02-10,0.1963209606707499,0.5275850627270384
12,50,2024-02-17,0.22087315494989962,0.556247526845718
12,50,2024-02-24,0.2779266488172774,0.5855217657236473
12,50,2024-03-02,0.35391526925770583,0.6101511081274759
12,50,2024-03-09,0.3971885871812932,0.6356983276532429
12,50,2024-03-16,0.4388429893620216,0.6565970871744978
12,50,2024-03-23,0.4742374315770453,0.6684153212028526
12,50,2024-03-30,0.4929094744185264,0.6865038648265087
12,50,2024-04-06,0.5268846719880563,0.6954433515816013
12,50,2024-04-13,0.5379488979899627,0.715698788022448
12,50,2024-04-20,0.5895637404033811,0.719583736609091
12,75,2023-11-04,0.26272560414311796,0.31097065417883596
12,75,2023-11-11,0.256249268395514,0.3083367059279051
12,75,2023-11-18,0.25505663380290067,0.3082015145688858
12,75,2023-11-25,0.2498100584684181,0.30266106578349716
12,75,2023-12-02,0.24529674776212207,0.2979444624057233
12,75,2023-12-09,0.2451799845839198,0.2974219799334206
12,75,2023-12-16,0.24222837668397568,0.30663063336579394
12,75,2023-12-23,0.23901597794809065,0.3235335179312089
12,75,2023-12-30,0.24425851211405183,0.3388604117462579
12,75,2024-01-06,0.24553010270568967,0.34335079352984327
12,75,2024-01-13,0.23269774606964966,0.34952431238564385
12,75,2024-01-20,0.21378115881353998,0.3855092263659888
12,75,2024-01-27,0.23795568357838698,0.4297788179037461
12,75,2024-02-03,0.24385945144361124,0.47864142664197296
12,75,2024-02-10,0.28690285696137974,0.5275850627270384
12,75,2024-02-17,0.3357905297617954,0.556247526845718
12,75,2024-02-24,0.38335113314553276,0.5855217657236473
12,75,2024-03-02,0.44214118642158295,0.6101511081274759
12,75,2024-03-09,0.47536490303815915,0.6356983276532429
12,75,2024-03-16,0.5121396858403006,0.6565970871744978
12,75,2024-03-23,0.5412170703102078,0.6684153212028526
12,75,2024-03-30,0.5591407896939193,0.6865038648265087
12,75,2024-04-06,0.587262117109065,0.6954433515816013
12,75,2024-04-13,0.5980052348546029,0.715698788022448
12,75,2024-04-20,0.6411784511400397,0.719583736609091
10,5,2023-11-04,0.4114242657866419,0.8698723693468374
10,5,2023-11-11,0.46121823117901944,0.8562419705812989
10,5,2023-11-18,0.464254347630627,0.8358303428233276
10,5,2023-11-25,0.427251742673489,0.808376751496796
10,5,2023-12-02,0.5025270201656961,0.7662048271331259
10,5,2023-12-09,0.6117891273806418,0.7158077803037628
10,5,2023-12-16,0.31909897198059123,0.6848664436505806
10,5,2023-12-23,0.4615772591104462,0.6787847965287648
10,5,2023-12-30,0.43810775994550516,0.7003492616831499
10,5,2024-01-06,0.5175172722301294,0.7213369293485404
10,5,2024-01-13,0.5392727564974871,0.7475580531534054
10,5,2024-01-20,0.5471175996526576,0.7793245899573499
10,5,2024-01-27,0.43982124079493373,0.8069951627729437
10,5,2024-02-03,0.38500684565931104,0.8324877014415001
10,5,2024-02-10,0.3732734756235344,0.8569135144507022
10,5,2024-02-17,0.38339616754388406,0.8778123254881446
10,5,2024-02-24,0.4111807736508816,0.8891278075575564
10,5,2024-03-02,0.5069565427229739,0.9049038109626868
10,5,2024-03-09,0.5644627255891409,0.9117186321648367
10,5,2024-03-16,0.5610493266724539,0.9194650296636023
10,5,2024-03-23,0.6109820859838718,0.9318923000469409
10,5,2024-03-30,0.6755071657254534,0.9414624463016701
10,5,2024-04-06,0.7287525472452443,0.9493715747559462
10,5,2024-04-13,0.7839855587179058,0.9393762890718416
10,5,2024-04-20,0.7059880090965471,0.9468444922887833
10,15,2023-11-04,0.4234762784988626,0.8698723693468374
10,15,2023-11-11,0.44383892918728063,0.8562419705812989
10,15,2023-11-18,0.46906527039384804,0.8358303428233276
10,15,2023-11-25,0.4828591072754536,0.808376751496796
10,15,2023-12-02,0.5399441751784061,0.7662048271331259
10,15,2023-12-09,0.5825915769142269,0.7158077803037628
10,15,2023-12-16,0.401364745122174,0.6848664436505806
10,15,2023-12-23,0.33909819257506746,0.6787847965287648
10,15,2023-12-30,0.37434203485865075,0.7003492616831499
10,15,2024-01-06,0.42123857265518316,0.7213369293485404
10,15,2024-01-13,0.4275066567533133,0.7475580531534054
10,15,2024-01-20,0.4339052078920451,0.7793245899573499
10,15,2024-01-27,0.43876334315475324,0.8069951627729437
10,15,2024-02-03,0.40268846873194303,0.8324877014415001
10,15,2024-02-10,0.3832864431963041,0.8569135144507022
10,15,2024-02-17,0.4162507808585751,0.8778123254881446
10,15,2024-02-24,0.4551161909387045,0.8891278075575564
10,15,2024-03-02,0.5515693706448288,0.9049038109626868
10,15,2024-03-09,0.5902575769033308,0.9117186321648367
10,15,2024-03-16,0.6109208590226214,0.9194650296636023
10,15,2024-03-23,0.6571741899462534,0.9318923000469409
10,15,2024-03-30,0.7110651883582059,0.9414624463016701
10,15,2024-04-06,0.7647102892999141,0.9493715747559462
10,15,2024-04-13,0.809971495305863,0.9393762890718416
10,15,2024-04-20,0.7257634939668799,0.9468444922887833
10,25,2023-11-04,0.46242523508626976,0.8698723693468374
10,25,2023-11-11,0.48026332801171473,0.8562419705812989
10,25,2023-11-18,0.5185997359078695,0.8358303428233276
10,25,2023-11-25,0.5375362725170103,0.808376751496796
10,25,2023-12-02,0.5538021287555664,0.7662048271331259
10,25,2023-12-09,0.5655707758220558,0.7158077803037628
10,25,2023-12-16,0.5030720771992516,0.6848664436505806
10,25,2023-12-23,0.34847173161154676,0.6787847965287648
10,25,2023-12-30,0.3386653796009884,0.7003492616831499
10,25,2024-01-06,0.36173838036889,0.7213369293485404
10,25,2024-01-13,0.3610244353969752,0.7475580531534054
10,25,2024-01-20,0.35668649867499663,0.7793245899573499
10,25,2024-01-27,0.36355485805567406,0.8069951627729437
10,25,2024-02-03,0.3616285886519244,0.8324877014415001
10,25,2024-02-10,0.39709022625569745,0.8569135144507022
10,25,2024-02-17,0.4823673488812278,0.8778123254881446
10,25,2024-02-24,0.5531734409420357,0.8891278075575564
10,25,2024-03-02,0.615061101422812,0.9049038109626868
10,25,2024-03-09,0.6458739168791818,0.9117186321648367
10,25,2024-03-16,0.6618863914108408,0.9194650296636023
10,25,2024-03-23,0.6930123541150666,0.9318923000469409
10,25,2024-03-30,0.7428403203108157,0.9414624463016701
10,25,2024-04-06,0.7843838478320514,0.9493715747559462
10,25,2024-04-13,0.8232479669716815,0.9393762890718416
10,25,2024-04-20,0.74059474767916,0.9468444922887833
10,50,2023-11-04,0.5142746838413522,0.8698723693468374
10,50,2023-11-11,0.502318716900456,0.8562419705812989
10,50,2023-11-18,0.49265645303022815,0.8358303428233276
10,50,2023-11-25,0.4850129661428267,0.808376751496796
10,50,2023-12-02,0.48346257098910417,0.7662048271331259
10,50,2023-12-09,0.4840180916411951,0.7158077803037628
10,50,2023-12-16,0.459884171206773,0.6848664436505806
10,50,2023-12-23,0.45641884087836965,0.6787847965287648
10,50,2023-12-30,0.4576010267108407,0.7003492616831499
10,50,2024-01-06,0.4590810493095631,0.7213369293485404
10,50,2024-01-13,0.45246721746029633,0.7475580531534054
10,50,2024-01-20,0.46079380422607574,0.7793245899573499
10,50,2024-01-27,0.492568265098461,0.8069951627729437
10,50,2024-02-03,0.5318927527529568,0.8324877014415001
10,50,2024-02-10,0.593638116632859,0.8569135144507022
10,50,2024-02-17,0.651605694650708,0.8778123254881446
10,50,2024-02-24,0.6926908435870248,0.8891278075575564
10,50,2024-03-02,0.7164010616728521,0.9049038109626868
10,50,2024-03-09,0.7460763620365529,0.9117186321648367
10,50,2024-03-16,0.7541173830185619,0.9194650296636023
10,50,2024-03-23,0.7721183881712101,0.9318923000469409
10,50,2024-03-30,0.8116640301055713,0.9414624463016701
10,50,2024-04-06,0.8420747233370578,0.9493715747559462
10,50,2024-04-13,0.8804595817208903,0.9393762890718416
10,50,2024-04-20,0.8257724756084514,0.9468444922887833
10,75,2023-11-04,0.697282205946732,0.8698723693468374
10,75,2023-11-11,0.6902664914223934,0.8562419705812989
10,75,2023-11-18,0.6832480433516421,0.8358303428233276
10,75,2023-11-25,0.6764137673223707,0.808376751496796
10,75,2023-12-02,0.6654432978271709,0.7662048271331259
10,75,2023-12-09,0.6456293279165736,0.7158077803037628
10,75,2023-12-16,0.6151036542406759,0.6848664436505806
10,75,2023-12-23,0.5949371718310598,0.6787847965287648
10,75,2023-12-30,0.5850327387660526,0.7003492616831499
10,75,2024-01-06,0.5950296682582417,0.7213369293485404
10,75,2024-01-13,0.5965919779028993,0.7475580531534054
10,75,2024-01-20,0.6127820502265552,0.7793245899573499
10,75,2024-01-27,0.6376473150065802,0.8069951627729437
10,75,2024-02-03,0.6643675634578396,0.8324877014415001
10,75,2024-02-10,0.70357651720901,0.8569135144507022
10,75,2024-02-17,0.7470388441186177,0.8778123254881446
10,75,2024-02-24,0.7812656367151081,0.8891278075575564
10,75,2024-03-02,0.7995387136127055,0.9049038109626868
10,75,2024-03-09,0.8207731809855714,0.9117186321648367
10,75,2024-03-16,0.824870670138811,0.9194650296636023
10,75,2024-03-23,0.8381183533305895,0.9318923000469409
10,75,2024-03-30,0.8645148185162487,0.9414624463016701
10,75,2024-04-06,0.8877448893761779,0.9493715747559462
10,75,2024-04-13,0.9102749463161077,0.9393762890718416
10,75,2024-04-20,0.8649953555586748,0.9468444922887833
11,5,2023-11-04,0.6811401040948417,0.8746803467607307
11,5,2023-11-11,0.6223115458520488,0.8614603295514967
11,5,2023-11-18,0.6184766581544694,0.8430408125047382
11,5,2023-11-25,0.6007892856104691,0.8344083675739875
11,5,2023-12-02,0.5846094438948497,0.8313012695918743
11,5,2023-12-09,0.5792123602026322,0.8429467294377768
11,5,2023-12-16,0.5662387502094275,0.8630821353640251
11,5,2023-12-23,0.5662658548386076,0.881162880269743
11,5,2023-12-30,0.5794204387913157,0.8937554528492886
11,5,2024-01-06,0.6010318968581256,0.9013166269897159
11,5,2024-01-13,0.5468547380941166,0.9070194085942891
11,5,2024-01-20,0.5374457553684133,0.9165985938230312
11,5,2024-01-27,0.5790457127671704,0.9279940144378116
11,5,2024-02-03,0.6236852149176985,0.9397167972381993
11,5,2024-02-10,0.6850493321270876,0.9502542951028985
11,5,2024-02-17,0.7571444686087185,0.9600082535861083
11,5,2024-02-24,0.7912686059954368,0.9665866134200138
11,5,2024-03-02,0.8271861057280717,0.9724407960584058
11,5,2024-03-09,0.8434877710395158,0.9770733989489501
11,5,2024-03-16,0.8680115286677221,0.9784679434567528
11,5,2024-03-23,0.8654292040166175,0.9828404558317416
11,5,2024-03-30,0.8962359470474252,0.9851630191663041
11,5,2024-04-06,0.9132619571117813,0.987511849751634
11,5,2024-04-13,0.9236592592958399,0.9879415171662516
11,5,2024-04-20,0.9126733828089894,0.988320325906869
11,15,2023-11-04,0.6580129530432175,0.8746803467607307
11,15,2023-11-11,0.6444516480770806,0.8614603295514967
11,15,2023-11-18,0.6214254640886719,0.8430408125047382
11,15,2023-11-25,0.611590883400551,0.8344083675739875
11,15,2023-12-02,0.5976535733485981,0.8313012695918743
11,15,2023-12-09,0.588300780638554,0.8429467294377768
11,15,2023-12-16,0.5962215912189621,0.8630821353640251
11,15,2023-12-23,0.6039025298172969,0.881162880269743
11,15,2023-12-30,0.6208945256562269,0.8937554528492886
11,15,2024-01-06,0.6312754630224449,0.9013166269897159
11,15,2024-01-13,0.627513887145405,0.9070194085942891
11,15,2024-01-20,0.5976481779572225,0.9165985938230312
11,15,2024-01-27,0.6222795003182281,0.9279940144378116
11,15,2024-02-03,0.6802154412572572,0.9397167972381993
11,15,2024-02-10,0.7208475355648609,0.9502542951028985
11,15,2024-02-17,0.7764701492123258,0.9600082535861083
11,15,2024-02-24,0.8130575113629815,0.9665866134200138
11,15,2024-03-02,0.8383095358671077,0.9724407960584058
11,15,2024-03-09,0.8614748663122245,0.9770733989489501
11,15,2024-03-16,0.8858429035531827,0.9784679434567528
11,15,2024-03-23,0.8884522741882905,0.9828404558317416
11,15,2024-03-30,0.9093404565534701,0.9851630191663041
11,15,2024-04-06,0.9241452877901131,0.987511849751634
11,15,2024-04-13,0.9396608186717362,0.9879415171662516
11,15,2024-04-20,0.9395058565920406,0.988320325906869
11,25,2023-11-04,0.673905034537224,0.8746803467607307
11,25,2023-11-11,0.6477283590552319,0.8614603295514967
11,25,2023-11-18,0.6253167871877069,0.8430408125047382
11,25,2023-11-25,0.6130227077388749,0.8344083675739875
11,25,2023-12-02,0.609917956848091,0.8313012695918743
11,25,2023-12-09,0.6128029436976993,0.8429467294377768
11,25,2023-12-16,0.6156874158481694,0.8630821353640251
11,25,2023-12-23,0.6269122837510307,0.881162880269743
11,25,2023-12-30,0.6426069053041567,0.8937554528492886
11,25,2024-01-06,0.6524507647684725,0.9013166269897159
11,25,2024-01-13,0.6556736625799499,0.9070194085942891
11,25,2024-01-20,0.6642107616771408,0.9165985938230312
11,25,2024-01-27,0.6865453523733408,0.9279940144378116
11,25,2024-02-03,0.7261654421634199,0.9397167972381993
11,25,2024-02-10,0.7710794117907419,0.9502542951028985
11,25,2024-02-17,0.812963178728406,0.9600082535861083
11,25,2024-02-24,0.8478384463173714,0.9665866134200138
11,25,2024-03-02,0.874121549251197,0.9724407960584058
11,25,2024-03-09,0.8957833383927502,0.9770733989489501
11,25,2024-03-16,0.9137671210078843,0.9784679434567528
11,25,2024-03-23,0.9160780008079655,0.9828404558317416
11,25,2024-03-30,0.9351958120951784,0.9851630191663041
11,25,2024-04-06,0.9462473896814387,0.987511849751634
11,25,2024-04-13,0.9561592931153576,0.9879415171662516
11,25,2024-04-20,0.9561810320242169,0.988320325906869
11,50,2023-11-04,0.7140679754316522,0.8746803467607307
11,50,2023-11-11,0.6868890983226164,0.8614603295514967
11,50,2023-11-18,0.6717493847606665,0.8430408125047382
11,50,2023-11-25,0.6634909070179875,0.8344083675739875
11,50,2023-12-02,0.6672574262739425,0.8313012695918743
11,50,2023-12-09,0.67740924944893,0.8429467294377768
11,50,2023-12-16,0.6867279487995275,0.8630821353640251
11,50,2023-12-23,0.6901772794878819,0.881162880269743
11,50,2023-12-30,0.7112172407751791,0.8937554528492886
11,50,2024-01-06,0.7231612869823517,0.9013166269897159
11,50,2024-01-13,0.728985626533929,0.9070194085942891
11,50,2024-01-20,0.7401649417581482,0.9165985938230312
11,50,2024-01-27,0.7656355714169965,0.9279940144378116
11,50,2024-02-03,0.7975899957783076,0.9397167972381993
11,50,2024-02-10,0.8319685462489771,0.9502542951028985
11,50,2024-02-17,0.8635462779400538,0.9600082535861083
11,50,2024-02-24,0.8913507754855481,0.9665866134200138
11,50,2024-03-02,0.9115430276191333,0.9724407960584058
11,50,2024-03-09,0.9283613974319324,0.9770733989489501
11,50,2024-03-16,0.9428889228584931,0.9784679434567528
11,50,2024-03-23,0.9461056689811747,0.9828404558317416
11,50,2024-03-30,0.9582451545166686,0.9851630191663041
11,50,2024-04-06,0.964923673131715,0.987511849751634
11,50,2024-04-13,0.9701210835568812,0.9879415171662516
11,50,2024-04-20,0.9704242240958268,0.988320325906869
11,75,2023-11-04,0.7843255067185961,0.8746803467607307
11,75,2023-11-11,0.7709156984608181,0.8614603295514967
11,75,2023-11-18,0.7592324038294436,0.8430408125047382
11,75,2023-11-25,0.7524465460443218,0.8344083675739875
11,75,2023-12-02,0.7555080519299238,0.8313012695918743
11,75,2023-12-09,0.7553170413832623,0.8429467294377768
11,75,2023-12-16,0.7684221555977252,0.8630821353640251
11,75,2023-12-23,0.781286182831789,0.881162880269743
11,75,2023-12-30,0.7946599221967879,0.8937554528492886
11,75,2024-01-06,0.7982259450641073,0.9013166269897159
11,75,2024-01-13,0.8029348315603053,0.9070194085942891
11,75,2024-01-20,0.8101475474161252,0.9165985938230312
11,75,2024-01-27,0.8265052629946662,0.9279940144378116
11,75,2024-02-03,0.8479828834399172,0.9397167972381993
11,75,2024-02-10,0.8744916742352545,0.9502542951028985
11,75,2024-02-17,0.8988634408861519,0.9600082535861083
11,75,2024-02-24,0.9216262840991959,0.9665866134200138
11,75,2024-03-02,0.9368711063433875,0.9724407960584058
11,75,2024-03-09,0.9494300192581495,0.9770733989489501
11,75,2024-03-16,0.960191383534176,0.9784679434567528
11,75,2024-03-23,0.9629562722652831,0.9828404558317416
11,75,2024-03-30,0.9702041784369637,0.9851630191663041
11,75,2024-04-06,0.9740937741179707,0.987511849751634
11,75,2024-04-13,0.978939111724516,0.9879415171662516
11,75,2024-04-20,0.9794595499611238,0.988320325906869
08,5,2023-11-04,0.2882017029877422,0.3980935719454344
08,5,2023-11-11,0.24027171109715947,0.39960024654592
08,5,2023-11-18,0.2245270146489267,0.40012213829310367
08,5,2023-11-25,0.2702253004509953,0.3950020698629953
08,5,2023-12-02,0.291959618135094,0.3870005484057678
08,5,2023-12-09,0.26483672549892356,0.3859617773448054
08,5,2023-12-16,0.253233911976596,0.38888709203187743
08,5,2023-12-23,0.24283280237425448,0.390807354763462
08,5,2023-12-30,0.25129287854432725,0.39772162154726454
08,5,2024-01-06,0.2365694891765786,0.3841318687652666
08,5,2024-01-13,0.2384374762116504,0.38020688945493414
08,5,2024-01-20,0.23544763261278964,0.3824405793822866
08,5,2024-01-27,0.2530963166348684,0.4151722846337303
08,5,2024-02-03,0.2764137121491937,0.4332017885737778
08,5,2024-02-10,0.33007790690211664,0.4591235595878543
08,5,2024-02-17,0.41364497454296123,0.4779699746882494
08,5,2024-02-24,0.48028878316018175,0.5224138217804436
08,5,2024-03-02,0.5562219654444542,0.5623248814270735
08,5,2024-03-09,0.6138300477466253,0.6202174240748702
08,5,2024-03-16,0.6639494882041554,0.6745411238883228
08,5,2024-03-23,0.7101881011905825,0.7048623573991902
08,5,2024-03-30,0.7360161220453084,0.716090634647312
08,5,2024-04-06,0.7498692254761115,0.731684513831275
08,5,2024-04-13,0.7708245882185726,0.755376775167088
08,5,2024-04-20,0.8163497344515437,0.7166242186460707
08,15,2023-11-04,0.2605288467183307,0.3980935719454344
08,15,2023-11-11,0.22878686249689625,0.39960024654592
08,15,2023-11-18,0.21611639742307986,0.40012213829310367
08,15,2023-11-25,0.23632172170495358,0.3950020698629953
08,15,2023-12-02,0.2582177060072134,0.3870005484057678
08,15,2023-12-09,0.24702481186097608,0.3859617773448054
08,15,2023-12-16,0.23590982820725706,0.38888709203187743
08,15,2023-12-23,0.22603792491343538,0.390807354763462
08,15,2023-12-30,0.20990889047304404,0.39772162154726454
08,15,2024-01-06,0.21675229815991948,0.3841318687652666
08,15,2024-01-13,0.20169449423738683,0.38020688945493414
08,15,2024-01-20,0.1981794875731165,0.3824405793822866
08,15,2024-01-27,0.2008732480600133,0.4151722846337303
08,15,2024-02-03,0.19552864983377163,0.4332017885737778
08,15,2024-02-10,0.21509848437212273,0.4591235595878543
08,15,2024-02-17,0.26606573968713715,0.4779699746882494
08,15,2024-02-24,0.32630524759882434,0.5224138217804436
08,15,2024-03-02,0.4122738559655841,0.5623248814270735
08,15,2024-03-09,0.49102580615570063,0.6202174240748702
08,15,2024-03-16,0.5860885556616438,0.6745411238883228
08,15,2024-03-23,0.6454118842644926,0.7048623573991902
08,15,2024-03-30,0.6787444169487409,0.716090634647312
08,15,2024-04-06,0.6879012481610971,0.731684513831275
08,15,2024-04-13,0.7126076860603126,0.755376775167088
08,15,2024-04-20,0.7724027165575382,0.7166242186460707
08,25,2023-11-04,0.2643225911058013,0.3980935719454344
08,25,2023-11-11,0.2404566090541468,0.39960024654592
08,25,2023-11-18,0.22186477450194544,0.40012213829310367
08,25,2023-11-25,0.225736819200742,0.3950020698629953
08,25,2023-12-02,0.22973148421797854,0.3870005484057678
08,25,2023-12-09,0.21717172685319702,0.3859617773448054
08,25,2023-12-16,0.20684394179403487,0.38888709203187743
08,25,2023-12-23,0.20665464818799517,0.390807354763462
08,25,2023-12-30,0.19556009027174695,0.39772162154726454
08,25,2024-01-06,0.20802569559176226,0.3841318687652666
08,25,2024-01-13,0.19657435515608515,0.38020688945493414
08,25,2024-01-20,0.19175006841976375,0.3824405793822866
08,25,2024-01-27,0.18743827261817572,0.4151722846337303
08,25,2024-02-03,0.1811157762200763,0.4332017885737778
08,25,2024-02-10,0.2073339844273196,0.4591235595878543
08,25,2024-02-17,0.24673309907614788,0.4779699746882494
08,25,2024-02-24,0.281904375060017,0.5224138217804436
08,25,2024-03-02,0.36363843906469806,0.5623248814270735
08,25,2024-03-09,0.4495631740834961,0.6202174240748702
08,25,2024-03-16,0.5455091030092072,0.6745411238883228
08,25,2024-03-23,0.6134229620047998,0.7048623573991902
08,25,2024-03-30,0.6473139423718625,0.716090634647312
08,25,2024-04-06,0.6591304245673274,0.731684513831275
08,25,2024-04-13,0.6941322761373423,0.755376775167088
08,25,2024-04-20,0.7541144114012419,0.7166242186460707
08,50,2023-11-04,0.2969492642703695,0.3980935719454344
08,50,2023-11-11,0.2907051428783071,0.39960024654592
08,50,2023-11-18,0.28123647246042055,0.40012213829310367
08,50,2023-11-25,0.2630579844093948,0.3950020698629953
08,50,2023-12-02,0.24584580609209675,0.3870005484057678
08,50,2023-12-09,0.2349965140148383,0.3859617773448054
08,50,2023-12-16,0.22785516442607262,0.38888709203187743
08,50,2023-12-23,0.22461027635425593,0.390807354763462
08,50,2023-12-30,0.22353869970176024,0.39772162154726454
08,50,2024-01-06,0.21948874228903217,0.3841318687652666
08,50,2024-01-13,0.19359194945949937,0.38020688945493414
08,50,2024-01-20,0.1803972043632869,0.3824405793822866
08,50,2024-01-27,0.16814584307546773,0.4151722846337303
08,50,2024-02-03,0.17998790989602717,0.4332017885737778
08,50,2024-02-10,0.20099929308907136,0.4591235595878543
08,50,2024-02-17,0.2297988716413658,0.4779699746882494
08,50,2024-02-24,0.2568981767073675,0.5224138217804436
08,50,2024-03-02,0.3103935743918271,0.5623248814270735
08,50,2024-03-09,0.37703898679838344,0.6202174240748702
08,50,2024-03-16,0.4779794173914908,0.6745411238883228
08,50,2024-03-23,0.5548090846794304,0.7048623573991902
08,50,2024-03-30,0.6002010128885847,0.716090634647312
08,50,2024-04-06,0.6160515160306785,0.731684513831275
08,50,2024-04-13,0.657121517610148,0.755376775167088
08,50,2024-04-20,0.7294796612313236,0.7166242186460707
08,75,2023-11-04,0.3350360836796194,0.3980935719454344
08,75,2023-11-11,0.33017047322147247,0.39960024654592
08,75,2023-11-18,0.330003606436974,0.40012213829310367
08,75,2023-11-25,0.32799083484609964,0.3950020698629953
08,75,2023-12-02,0.31765954691198295,0.3870005484057678
08,75,2023-12-09,0.30598105519803637,0.3859617773448054
08,75,2023-12-16,0.2965625289226651,0.38888709203187743
08,75,2023-12-23,0.2838466287210693,0.390807354763462
08,75,2023-12-30,0.2741270445306376,0.39772162154726454
08,75,2024-01-06,0.26337721295105004,0.3841318687652666
08,75,2024-01-13,0.22859463406360878,0.38020688945493414
08,75,2024-01-20,0.2071105210756907,0.3824405793822866
08,75,2024-01-27,0.19108662040846047,0.4151722846337303
08,75,2024-02-03,0.2201728969285005,0.4332017885737778
08,75,2024-02-10,0.22951252477426615,0.4591235595878543
08,75,2024-02-17,0.26038899156119955,0.4779699746882494
08,75,2024-02-24,0.28398177863261587,0.5224138217804436
08,75,2024-03-02,0.3446467339664977,0.5623248814270735
08,75,2024-03-09,0.4120527194450438,0.6202174240748702
08,75,2024-03-16,0.4982896238968686,0.6745411238883228
08,75,2024-03-23,0.5730281656761871,0.7048623573991902
08,75,2024-03-30,0.6133932862046945,0.716090634647312
08,75,2024-04-06,0.6312283704613104,0.731684513831275
08,75,2024-04-13,0.665562639415576,0.755376775167088
08,75,2024-04-20,0.7309825789959509,0.7166242186460707
06,5,2023-11-04,0.8895069483167548,0.7562560424418806
06,5,2023-11-11,1.0763844017769912,0.7547828408429387
06,5,2023-11-18,0.9295767194471901,0.7637260683135322
06,5,2023-11-25,1.1064734538875918,0.7834060092611825
06,5,2023-12-02,1.355087425522936,0.8049671883817551
06,5,2023-12-09,1.4061681275050735,0.8446422853189488
06,5,2023-12-16,1.5890488901754838,0.8994907281685383
06,5,2023-12-23,1.7324506994835793,0.9755365077164314
06,5,2023-12-30,1.9761759991234105,1.110946159094942
06,5,2024-01-06,2.2996001140858824,1.3342546032203886
06,5,2024-01-13,2.6918156113201035,1.601559219683086
06,5,2024-01-20,3.0980362248691073,1.7461626248841482
06,5,2024-01-27,2.6180440724717258,1.9474787118692543
06,5,2024-02-03,2.8834173007608617,2.027605002800869
06,5,2024-02-10,2.6584439748715174,2.0168403024510284
06,5,2024-02-17,2.196758060463916,1.9222057713693863
06,5,2024-02-24,1.8258665975183166,1.7452915347176914
06,5,2024-03-02,1.3755723076996513,1.541628215255332
06,5,2024-03-09,0.9809391595645196,1.2935398908180138
06,5,2024-03-16,0.7872340790686991,0.9722488464669569
06,5,2024-03-23,0.5521202964870299,0.6685488695734337
06,5,2024-03-30,0.34028100604994155,0.42146484900662534
06,5,2024-04-06,0.16879578554203925,0.2894383145540806
06,5,2024-04-13,0.17331415767894204,0.17240441573136853
06,5,2024-04-20,0.2790154276609831,0.22343500046817047
06,15,2023-11-04,0.8522308408891655,0.7562560424418806
06,15,2023-11-11,1.0060815443682993,0.7547828408429387
06,15,2023-11-18,0.8503182842635711,0.7637260683135322
06,15,2023-11-25,0.9723741963736288,0.7834060092611825
06,15,2023-12-02,1.254482577556286,0.8049671883817551
06,15,2023-12-09,1.4227319677845682,0.8446422853189488
06,15,2023-12-16,1.4777064414228673,0.8994907281685383
06,15,2023-12-23,1.658922018670691,0.9755365077164314
06,15,2023-12-30,1.8140652716642758,1.110946159094942
06,15,2024-01-06,2.122731900735493,1.3342546032203886
06,15,2024-01-13,2.612528342412178,1.601559219683086
06,15,2024-01-20,3.015744417822798,1.7461626248841482
06,15,2024-01-27,3.083772702257089,1.9474787118692543
06,15,2024-02-03,3.3048678761865524,2.027605002800869
06,15,2024-02-10,3.3676255127739436,2.0168403024510284
06,15,2024-02-17,2.8564298865912723,1.9222057713693863
06,15,2024-02-24,2.2223442173371737,1.7452915347176914
06,15,2024-03-02,1.76351191666806,1.541628215255332
06,15,2024-03-09,1.4162525944965592,1.2935398908180138
06,15,2024-03-16,1.0357993852139054,0.9722488464669569
06,15,2024-03-23,0.713255455391606,0.6685488695734337
06,15,2024-03-30,0.4273738363641038,0.42146484900662534
06,15,2024-04-06,0.17644795765669744,0.2894383145540806
06,15,2024-04-13,0.2000837017205336,0.17240441573136853
06,15,2024-04-20,0.35232219453308994,0.22343500046817047
06,25,2023-11-04,0.9198147754293747,0.7562560424418806
06,25,2023-11-11,0.9947063080607292,0.7547828408429387
06,25,2023-11-18,0.8454078621561881,0.7637260683135322
06,25,2023-11-25,0.9220833199041005,0.7834060092611825
06,25,2023-12-02,1.1998920997288296,0.8049671883817551
06,25,2023-12-09,1.3595223322686574,0.8446422853189488
06,25,2023-12-16,1.4578212165437252,0.8994907281685383
06,25,2023-12-23,1.5895522092367083,0.9755365077164314
06,25,2023-12-30,1.7506478557523901,1.110946159094942
06,25,2024-01-06,2.043458164761553,1.3342546032203886
06,25,2024-01-13,2.458669156959156,1.601559219683086
06,25,2024-01-20,2.945670696290253,1.7461626248841482
06,25,2024-01-27,3.2643007086818754,1.9474787118692543
06,25,2024-02-03,3.4270989532729286,2.027605002800869
06,25,2024-02-10,3.3599040017132586,2.0168403024510284
06,25,2024-02-17,3.1492688341238178,1.9222057713693863
06,25,2024-02-24,2.762676788033245,1.7452915347176914
06,25,2024-03-02,2.1831995195703846,1.541628215255332
06,25,2024-03-09,1.6633579119920712,1.2935398908180138
06,25,2024-03-16,1.2760945470117928,0.9722488464669569
06,25,2024-03-23,0.7961152634373998,0.6685488695734337
06,25,2024-03-30,0.39696838821398095,0.42146484900662534
06,25,2024-04-06,0.19723348101337917,0.2894383145540806
06,25,2024-04-13,0.16546823389395424,0.17240441573136853
06,25,2024-04-20,0.2544306049809832,0.22343500046817047
06,50,2023-11-04,0.9974171642416882,0.7562560424418806
06,50,2023-11-11,0.9550866397689258,0.7547828408429387
06,50,2023-11-18,0.9244935911888483,0.7637260683135322
06,50,2023-11-25,0.9599668357293323,0.7834060092611825
06,50,2023-12-02,1.1383109100701987,0.8049671883817551
06,50,2023-12-09,1.2759545308207152,0.8446422853189488
06,50,2023-12-16,1.352246201171952,0.8994907281685383
06,50,2023-12-23,1.471297680147478,0.9755365077164314
06,50,2023-12-30,1.6151318288596346,1.110946159094942
06,50,2024-01-06,1.8649543390197327,1.3342546032203886
06,50,2024-01-13,2.19924327611558,1.601559219683086
06,50,2024-01-20,2.726977501848477,1.7461626248841482
06,50,2024-01-27,3.159486362479949,1.9474787118692543
06,50,2024-02-03,3.7386303185310874,2.027605002800869
06,50,2024-02-10,3.7504124221466664,2.0168403024510284
06,50,2024-02-17,3.4736269306010037,1.9222057713693863
06,50,2024-02-24,3.0019114619317335,1.7452915347176914
06,50,2024-03-02,2.570270950799028,1.541628215255332
06,50,2024-03-09,2.0713222947487067,1.2935398908180138
06,50,2024-03-16,1.4575905412222363,0.9722488464669569
06,50,2024-03-23,0.8918754213808271,0.6685488695734337
06,50,2024-03-30,0.5417273262798785,0.42146484900662534
06,50,2024-04-06,0.275851751509163,0.2894383145540806
06,50,2024-04-13,0.19473043175998167,0.17240441573136853
06,50,2024-04-20,0.19608812130043818,0.22343500046817047
06,75,2023-11-04,0.8911303704949839,0.7562560424418806
06,75,2023-11-11,0.8702517629905001,0.7547828408429387
06,75,2023-11-18,0.8823404966273699,0.7637260683135322
06,75,2023-11-25,0.9343800625590803,0.7834060092611825
06,75,2023-12-02,1.0613426260777739,0.8049671883817551
06,75,2023-12-09,1.1151985920270149,0.8446422853189488
06,75,2023-12-16,1.1530077545309732,0.8994907281685383
06,75,2023-12-23,1.2350679608102617,0.9755365077164314
06,75,2023-12-30,1.3486032486343185,1.110946159094942
06,75,2024-01-06,1.5328921362292305,1.3342546032203886
06,75,2024-01-13,1.8569113229163934,1.601559219683086
06,75,2024-01-20,2.287199318662536,1.7461626248841482
06,75,2024-01-27,2.579386499071171,1.9474787118692543
06,75,2024-02-03,2.9994688691265066,2.027605002800869
06,75,2024-02-10,3.0866025464153704,2.0168403024510284
06,75,2024-02-17,2.81782364686754,1.9222057713693863
06,75,2024-02-24,2.436805599259938,1.7452915347176914
06,75,2024-03-02,2.094174766535094,1.541628215255332
06,75,2024-03-09,1.8050158923378923,1.2935398908180138
06,75,2024-03-16,1.5088162710163482,0.9722488464669569
06,75,2024-03-23,1.1711117131704993,0.6685488695734337
06,75,2024-03-30,0.7766392024897485,0.42146484900662534
06,75,2024-04-06,0.47851630498767583,0.2894383145540806
06,75,2024-04-13,0.29149368746404875,0.17240441573136853
06,75,2024-04-20,0.047414627197763994,0.22343500046817047
04,5,2023-11-04,0.5424448704572509,0.5537234699629577
04,5,2023-11-11,0.4556018247531996,0.555490126491602
04,5,2023-11-18,0.5178991188975055,0.5590208842007522
04,5,2023-11-25,0.5318957586639563,0.5638777321454045
04,5,2023-12-02,0.5060154237009934,0.5728048727451959
04,5,2023-12-09,0.5086918135752769,0.5856681900787426
04,5,2023-12-16,0.507853354010112,0.5985442681082204
04,5,2023-12-23,0.5102813651716243,0.6044799354124925
04,5,2023-12-30,0.494774664182764,0.5928434327783357
04,5,2024-01-06,0.4330342621227284,0.5620480209402404
04,5,2024-01-13,0.38004953545556547,0.5402332570874427
04,5,2024-01-20,0.4187182655367501,0.5335743604362946
04,5,2024-01-27,0.495690895251377,0.518004884619237
04,5,2024-02-03,0.48721609412943656,0.4854354248087462
04,5,2024-02-10,0.5261021199404208,0.5011117164324691
04,5,2024-02-17,0.6000450678163048,0.5639110873209132
04,5,2024-02-24,0.6808361510908998,0.6145713213444995
04,5,2024-03-02,0.7334909030960067,0.6527531427172326
04,5,2024-03-09,0.7686863394938116,0.6879013415268138
04,5,2024-03-16,0.7958407369792638,0.7309364103429234
04,5,2024-03-23,0.8247054466886652,0.7579809923005386
04,5,2024-03-30,0.8424330764271246,0.7867249049653653
04,5,2024-04-06,0.8575359221843906,0.8129611500419303
04,5,2024-04-13,0.8709365932259913,0.8405273979657236
04,5,2024-04-20,0.8861265634374249,0.8617131954196181
04,15,2023-11-04,0.5349560372243417,0.5537234699629577
04,15,2023-11-11,0.46021913883174753,0.555490126491602
04,15,2023-11-18,0.4701247448816646,0.5590208842007522
04,15,2023-11-25,0.4680695881611237,0.5638777321454045
04,15,2023-12-02,0.4559708497145574,0.5728048727451959
04,15,2023-12-09,0.4564968863651189,0.5856681900787426
04,15,2023-12-16,0.4718582255796563,0.5985442681082204
04,15,2023-12-23,0.48899514838068786,0.6044799354124925
04,15,2023-12-30,0.503795627025835,0.5928434327783357
04,15,2024-01-06,0.49374302354817856,0.5620480209402404
04,15,2024-01-13,0.45078145135596437,0.5402332570874427
04,15,2024-01-20,0.44872942020650464,0.5335743604362946
04,15,2024-01-27,0.45322315925650325,0.518004884619237
04,15,2024-02-03,0.44163910043388027,0.4854354248087462
04,15,2024-02-10,0.46761573444690147,0.5011117164324691
04,15,2024-02-17,0.5455876415176169,0.5639110873209132
04,15,2024-02-24,0.6196383940687438,0.6145713213444995
04,15,2024-03-02,0.6822442296636568,0.6527531427172326
04,15,2024-03-09,0.7245468154035719,0.6879013415268138
04,15,2024-03-16,0.7556337367161444,0.7309364103429234
04,15,2024-03-23,0.7934349993646514,0.7579809923005386
04,15,2024-03-30,0.8112546705365241,0.7867249049653653
04,15,2024-04-06,0.8326535241413057,0.8129611500419303
04,15,2024-04-13,0.8477752267937331,0.8405273979657236
04,15,2024-04-20,0.8659404295873443,0.8617131954196181
04,25,2023-11-04,0.5044224262662012,0.5537234699629577
04,25,2023-11-11,0.4561170453902139,0.555490126491602
04,25,2023-11-18,0.4491155846827428,0.5590208842007522
04,25,2023-11-25,0.4478533436155704,0.5638777321454045
04,25,2023-12-02,0.4424716172469556,0.5728048727451959
04,25,2023-12-09,0.4456664950155521,0.5856681900787426
04,25,2023-12-16,0.45330974493170934,0.5985442681082204
04,25,2023-12-23,0.4685500142069809,0.6044799354124925
04,25,2023-12-30,0.4790378254568847,0.5928434327783357
04,25,2024-01-06,0.4702103583942589,0.5620480209402404
04,25,2024-01-13,0.43989230519154665,0.5402332570874427
04,25,2024-01-20,0.4065468569406598,0.5335743604362946
04,25,2024-01-27,0.41137295949391767,0.518004884619237
04,25,2024-02-03,0.3927822300763155,0.4854354248087462
04,25,2024-02-10,0.4011462688078717,0.5011117164324691
04,25,2024-02-17,0.4873852608410928,0.5639110873209132
04,25,2024-02-24,0.5362016371478214,0.6145713213444995
04,25,2024-03-02,0.6095428898788334,0.6527531427172326
04,25,2024-03-09,0.64841785378934,0.6879013415268138
04,25,2024-03-16,0.6876305552234264,0.7309364103429234
04,25,2024-03-23,0.7347078420618666,0.7579809923005386
04,25,2024-03-30,0.7599522959308708,0.7867249049653653
04,25,2024-04-06,0.7857393586867008,0.8129611500419303
04,25,2024-04-13,0.8107157135626982,0.8405273979657236
04,25,2024-04-20,0.8363820245667057,0.8617131954196181
04,50,2023-11-04,0.47432705722646035,0.5537234699629577
04,50,2023-11-11,0.47547544937394987,0.555490126491602
04,50,2023-11-18,0.4698382906709767,0.5590208842007522
04,50,2023-11-25,0.47175090467375475,0.5638777321454045
04,50,2023-12-02,0.47402335702916953,0.5728048727451959
04,50,2023-12-09,0.4739338125343848,0.5856681900787426
04,50,2023-12-16,0.4747658256071489,0.5985442681082204
04,50,2023-12-23,0.47986326371022464,0.6044799354124925
04,50,2023-12-30,0.4830307876573093,0.5928434327783357
04,50,2024-01-06,0.46669229639029974,0.5620480209402404
04,50,2024-01-13,0.42444276931180175,0.5402332570874427
04,50,2024-01-20,0.39002610379300373,0.5335743604362946
04,50,2024-01-27,0.3670483260134792,0.518004884619237
04,50,2024-02-03,0.34101570204457987,0.4854354248087462
04,50,2024-02-10,0.30519233274806357,0.5011117164324691
04,50,2024-02-17,0.37292608140552613,0.5639110873209132
04,50,2024-02-24,0.40695550325393637,0.6145713213444995
04,50,2024-03-02,0.47814874594050294,0.6527531427172326
04,50,2024-03-09,0.5288837288964937,0.6879013415268138
04,50,2024-03-16,0.5747957882516099,0.7309364103429234
04,50,2024-03-23,0.6285234498132719,0.7579809923005386
04,50,2024-03-30,0.6611282215291638,0.7867249049653653
04,50,2024-04-06,0.6984831173022424,0.8129611500419303
04,50,2024-04-13,0.7253952574803936,0.8405273979657236
04,50,2024-04-20,0.7692993087293523,0.8617131954196181
04,75,2023-11-04,0.4925539763024398,0.5537234699629577
04,75,2023-11-11,0.5007771506656494,0.555490126491602
04,75,2023-11-18,0.5026150415108473,0.5590208842007522
04,75,2023-11-25,0.5056636893850764,0.5638777321454045
04,75,2023-12-02,0.5110874592380905,0.5728048727451959
04,75,2023-12-09,0.5169712575095633,0.5856681900787426
04,75,2023-12-16,0.5223536021580724,0.5985442681082204
04,75,2023-12-23,0.5256144118854987,0.6044799354124925
04,75,2023-12-30,0.5204257724541724,0.5928434327783357
04,75,2024-01-06,0.4984082744385294,0.5620480209402404
04,75,2024-01-13,0.4542196032122627,0.5402332570874427
04,75,2024-01-20,0.4147595627432042,0.5335743604362946
04,75,2024-01-27,0.3969432013780184,0.518004884619237
04,75,2024-02-03,0.36463618885291793,0.4854354248087462
04,75,2024-02-10,0.3114218322742437,0.5011117164324691
04,75,2024-02-17,0.3507678476215095,0.5639110873209132
04,75,2024-02-24,0.37788445461293163,0.6145713213444995
04,75,2024-03-02,0.4442209675727855,0.6527531427172326
04,75,2024-03-09,0.492510303509062,0.6879013415268138
04,75,2024-03-16,0.532206071744136,0.7309364103429234
04,75,2024-03-23,0.5903895166827416,0.7579809923005386
04,75,2024-03-30,0.6212638015730395,0.7867249049653653
04,75,2024-04-06,0.6585137501692097,0.8129611500419303
04,75,2024-04-13,0.6914699177487617,0.8405273979657236
04,75,2024-04-20,0.737488562620375,0.8617131954196181
05,5,2023-11-04,0.8285660840087959,0.7745088290422016
05,5,2023-11-11,0.6516566301195514,0.7565022733356433
05,5,2023-11-18,0.5915431029620346,0.7317660129986492
05,5,2023-11-25,0.5648143549157554,0.6925390580015757
05,5,2023-12-02,0.5644436326120518,0.650903113332902
05,5,2023-12-09,0.5655429409746496,0.6060701731464824
05,5,2023-12-16,0.5520745394152471,0.5706832658902927
05,5,2023-12-23,0.5260096811483439,0.5412114757994202
05,5,2023-12-30,0.49841766688509653,0.5308268644504643
05,5,2024-01-06,0.4125924705705843,0.5619622247199009
05,5,2024-01-13,0.38184570348195795,0.5900279666076819
05,5,2024-01-20,0.3938586723717907,0.6195740267448128
05,5,2024-01-27,0.4182339120137969,0.6487180654117007
05,5,2024-02-03,0.4346745612669041,0.6698657917779086
05,5,2024-02-10,0.4643964798458976,0.692593048170481
05,5,2024-02-17,0.4961710714772985,0.7032782246715271
05,5,2024-02-24,0.5241938296295264,0.716390941499973
05,5,2024-03-02,0.4823683560183283,0.725512500435435
05,5,2024-03-09,0.40803962097212043,0.7279683915525901
05,5,2024-03-16,0.36523870193825203,0.7173587432647942
05,5,2024-03-23,0.2429856751525945,0.6902719490273926
05,5,2024-03-30,0.2014143011942946,0.6918884733826647
05,5,2024-04-06,0.26648547781670323,0.6826465736640814
05,5,2024-04-13,0.2766151120891374,0.6736154211864366
05,5,2024-04-20,0.2933479523805532,0.6600703853491668
05,15,2023-11-04,0.856358196107926,0.7745088290422016
05,15,2023-11-11,0.6486440609808871,0.7565022733356433
05,15,2023-11-18,0.6174977075399857,0.7317660129986492
05,15,2023-11-25,0.5631095519077466,0.6925390580015757
05,15,2023-12-02,0.5336676773663721,0.650903113332902
05,15,2023-12-09,0.5561169192731165,0.6060701731464824
05,15,2023-12-16,0.5307891486553142,0.5706832658902927
05,15,2023-12-23,0.5036811326577405,0.5412114757994202
05,15,2023-12-30,0.4818733593727562,0.5308268644504643
05,15,2024-01-06,0.457755033885526,0.5619622247199009
05,15,2024-01-13,0.4364076763148564,0.5900279666076819
05,15,2024-01-20,0.43165947753227685,0.6195740267448128
05,15,2024-01-27,0.43542463376315715,0.6487180654117007
05,15,2024-02-03,0.4486190687136184,0.6698657917779086
05,15,2024-02-10,0.44524027013430445,0.692593048170481
05,15,2024-02-17,0.45531660853210576,0.7032782246715271
05,15,2024-02-24,0.48508727454752854,0.716390941499973
05,15,2024-03-02,0.5024786483923674,0.725512500435435
05,15,2024-03-09,0.521196702844799,0.7279683915525901
05,15,2024-03-16,0.5036557502020986,0.7173587432647942
05,15,2024-03-23,0.4698517820196149,0.6902719490273926
05,15,2024-03-30,0.40438124972493233,0.6918884733826647
05,15,2024-04-06,0.4509674543961471,0.6826465736640814
05,15,2024-04-13,0.4485681776786449,0.6736154211864366
05,15,2024-04-20,0.4921256104193915,0.6600703853491668
05,25,2023-11-04,0.861431286381226,0.7745088290422016
05,25,2023-11-11,0.661219382313083,0.7565022733356433
05,25,2023-11-18,0.6205865110520501,0.7317660129986492
05,25,2023-11-25,0.5765438401343974,0.6925390580015757
05,25,2023-12-02,0.5512910482895547,0.650903113332902
05,25,2023-12-09,0.5420683396766522,0.6060701731464824
05,25,2023-12-16,0.5104497147613039,0.5706832658902927
05,25,2023-12-23,0.49865529913536183,0.5412114757994202
05,25,2023-12-30,0.47466351717036304,0.5308268644504643
05,25,2024-01-06,0.47074158201263866,0.5619622247199009
05,25,2024-01-13,0.46934588678629013,0.5900279666076819
05,25,2024-01-20,0.47660695854058166,0.6195740267448128
05,25,2024-01-27,0.4813901641379633,0.6487180654117007
05,25,2024-02-03,0.4835081940366133,0.6698657917779086
05,25,2024-02-10,0.47408158268312817,0.692593048170481
05,25,2024-02-17,0.4849683127343329,0.7032782246715271
05,25,2024-02-24,0.49636650006001043,0.716390941499973
05,25,2024-03-02,0.5154176511959118,0.725512500435435
05,25,2024-03-09,0.5152241071404021,0.7279683915525901
05,25,2024-03-16,0.5038872834421567,0.7173587432647942
05,25,2024-03-23,0.4467872860313695,0.6902719490273926
05,25,2024-03-30,0.3589133516576667,0.6918884733826647
05,25,2024-04-06,0.4185460128243609,0.6826465736640814
05,25,2024-04-13,0.4179597875726018,0.6736154211864366
05,25,2024-04-20,0.4555827642063191,0.6600703853491668
05,50,2023-11-04,0.804508160318473,0.7745088290422016
05,50,2023-11-11,0.6745609796572489,0.7565022733356433
05,50,2023-11-18,0.6175890482789108,0.7317660129986492
05,50,2023-11-25,0.574101701397756,0.6925390580015757
05,50,2023-12-02,0.5536360329352733,0.650903113332902
05,50,2023-12-09,0.5390760969838828,0.6060701731464824
05,50,2023-12-16,0.5105851688645751,0.5706832658902927
05,50,2023-12-23,0.48870863792709135,0.5412114757994202
05,50,2023-12-30,0.46712555780527626,0.5308268644504643
05,50,2024-01-06,0.465476317546724,0.5619622247199009
05,50,2024-01-13,0.47591238103313055,0.5900279666076819
05,50,2024-01-20,0.49526066363770843,0.6195740267448128
05,50,2024-01-27,0.5145675838735327,0.6487180654117007
05,50,2024-02-03,0.5358481738357053,0.6698657917779086
05,50,2024-02-10,0.5458877868703795,0.692593048170481
05,50,2024-02-17,0.5580070780828336,0.7032782246715271
05,50,2024-02-24,0.5647038400131823,0.716390941499973
05,50,2024-03-02,0.5766724149788166,0.725512500435435
05,50,2024-03-09,0.5823789412389214,0.7279683915525901
05,50,2024-03-16,0.5623855048263176,0.7173587432647942
05,50,2024-03-23,0.5311640392520944,0.6902719490273926
05,50,2024-03-30,0.47954987664275345,0.6918884733826647
05,50,2024-04-06,0.49066881814652114,0.6826465736640814
05,50,2024-04-13,0.49388083869177574,0.6736154211864366
05,50,2024-04-20,0.5133336311729936,0.6600703853491668
05,75,2023-11-04,0.7574476104806436,0.7745088290422016
05,75,2023-11-11,0.6806662374256439,0.7565022733356433
05,75,2023-11-18,0.668045630438543,0.7317660129986492
05,75,2023-11-25,0.6450129566093807,0.6925390580015757
05,75,2023-12-02,0.6146197165414866,0.650903113332902
05,75,2023-12-09,0.5856678267503291,0.6060701731464824
05,75,2023-12-16,0.5483577673115821,0.5706832658902927
05,75,2023-12-23,0.519761196729332,0.5412114757994202
05,75,2023-12-30,0.49186675478087477,0.5308268644504643
05,75,2024-01-06,0.4874598532583208,0.5619622247199009
05,75,2024-01-13,0.5166860003581025,0.5900279666076819
05,75,2024-01-20,0.5443786034147144,0.6195740267448128
05,75,2024-01-27,0.571263786575004,0.6487180654117007
05,75,2024-02-03,0.5989202529961964,0.6698657917779086
05,75,2024-02-10,0.6161266548740327,0.692593048170481
05,75,2024-02-17,0.638219951500835,0.7032782246715271
05,75,2024-02-24,0.6478920135404639,0.716390941499973
05,75,2024-03-02,0.6624498246565799,0.725512500435435
05,75,2024-03-09,0.6735364441037632,0.7279683915525901
05,75,2024-03-16,0.6771326779000965,0.7173587432647942
05,75,2024-03-23,0.66437418643797,0.6902719490273926
05,75,2024-03-30,0.6299247941343398,0.6918884733826647
05,75,2024-04-06,0.6390913053465328,0.6826465736640814
05,75,2024-04-13,0.63298389052607,0.6736154211864366
05,75,2024-04-20,0.6281924259124873,0.6600703853491668
01,5,2023-11-04,0.3141496154761967,0.2894088151177091
01,5,2023-11-11,0.2720508788206131,0.29261085424338273
01,5,2023-11-18,0.35608080909390505,0.2934717546682849
01,5,2023-11-25,0.41794809528892823,0.29266518851504914
01,5,2023-12-02,0.46214634100248086,0.29654967955906947
01,5,2023-12-09,0.5061568297490213,0.3043612635707073
01,5,2023-12-16,0.5186172394815103,0.31491769013803705
01,5,2023-12-23,0.5294445700621245,0.32776860249341044
01,5,2023-12-30,0.5937096930202114,0.31229998512006735
01,5,2024-01-06,0.7501337006715763,0.29774957405967123
01,5,2024-01-13,0.8422046045962738,0.261579458272706
01,5,2024-01-20,0.8608623077158775,0.28481658864528897
01,5,2024-01-27,0.6570606471466099,0.3099901826141378
01,5,2024-02-03,0.43655054386825826,0.3315255240574379
01,5,2024-02-10,0.24798927339991877,0.33378868093320824
01,5,2024-02-17,0.12493260863497382,0.37964965971505577
01,5,2024-02-24,0.12824935672550347,0.3923617201104051
01,5,2024-03-02,0.14085796600113581,0.4210636366371121
01,5,2024-03-09,0.1680466916953038,0.43599634936826176
01,5,2024-03-16,0.2078643905736938,0.43866321063667163
01,5,2024-03-23,0.24823850166705985,0.3983204765596476
01,5,2024-03-30,0.2692837183053354,0.3783312007514555
01,5,2024-04-06,0.327733449332353,0.26383016417958693
01,5,2024-04-13,0.25451389424303966,0.14466448416045846
01,5,2024-04-20,0.275209767881721,0.1970828185650647
01,15,2023-11-04,0.3343872655303248,0.2894088151177091
01,15,2023-11-11,0.33100369711818917,0.29261085424338273
01,15,2023-11-18,0.3485130886662707,0.2934717546682849
01,15,2023-11-25,0.36341909468853073,0.29266518851504914
01,15,2023-12-02,0.3762619102923349,0.29654967955906947
01,15,2023-12-09,0.41020744988798713,0.3043612635707073
01,15,2023-12-16,0.43952468743585427,0.31491769013803705
01,15,2023-12-23,0.4539632809971049,0.32776860249341044
01,15,2023-12-30,0.4811462030679881,0.31229998512006735
01,15,2024-01-06,0.5371771166528276,0.29774957405967123
01,15,2024-01-13,0.6183337155489954,0.261579458272706
01,15,2024-01-20,0.6856059871363545,0.28481658864528897
01,15,2024-01-27,0.6973316289836883,0.3099901826141378
01,15,2024-02-03,0.5493498288661234,0.3315255240574379
01,15,2024-02-10,0.27459046072067356,0.33378868093320824
01,15,2024-02-17,0.1410529344526774,0.37964965971505577
01,15,2024-02-24,0.10323954745674155,0.3923617201104051
01,15,2024-03-02,0.1129877329981444,0.4210636366371121
01,15,2024-03-09,0.13464354701103107,0.43599634936826176
01,15,2024-03-16,0.18739620325036851,0.43866321063667163
01,15,2024-03-23,0.240245439500339,0.3983204765596476
01,15,2024-03-30,0.24564325722665561,0.3783312007514555
01,15,2024-04-06,0.29028636362447396,0.26383016417958693
01,15,2024-04-13,0.24275807197862587,0.14466448416045846
01,15,2024-04-20,0.27681086819831585,0.1970828185650647
01,25,2023-11-04,0.3009657586045716,0.2894088151177091
01,25,2023-11-11,0.30714700667293776,0.29261085424338273
01,25,2023-11-18,0.3142710971202283,0.2934717546682849
01,25,2023-11-25,0.31459988288011653,0.29266518851504914
01,25,2023-12-02,0.3385422452730892,0.29654967955906947
01,25,2023-12-09,0.36561321994597346,0.3043612635707073
01,25,2023-12-16,0.3916512522124704,0.31491769013803705
01,25,2023-12-23,0.41557214424886596,0.32776860249341044
01,25,2023-12-30,0.4497807742696491,0.31229998512006735
01,25,2024-01-06,0.4797193903372904,0.29774957405967123
01,25,2024-01-13,0.5655809755119008,0.261579458272706
01,25,2024-01-20,0.6356020131226273,0.28481658864528897
01,25,2024-01-27,0.6982328705112577,0.3099901826141378
01,25,2024-02-03,0.6241678125165463,0.3315255240574379
01,25,2024-02-10,0.4139932988994836,0.33378868093320824
01,25,2024-02-17,0.20821352604610335,0.37964965971505577
01,25,2024-02-24,0.14554729763915022,0.3923617201104051
01,25,2024-03-02,0.14142484571194186,0.4210636366371121
01,25,2024-03-09,0.11434919143515548,0.43599634936826176
01,25,2024-03-16,0.1314390822472876,0.43866321063667163
01,25,2024-03-23,0.19903274143513394,0.3983204765596476
01,25,2024-03-30,0.2233367680962994,0.3783312007514555
01,25,2024-04-06,0.2862949856581546,0.26383016417958693
01,25,2024-04-13,0.25691026376090004,0.14466448416045846
01,25,2024-04-20,0.2949433577265473,0.1970828185650647
01,50,2023-11-04,0.26780714917641835,0.2894088151177091
01,50,2023-11-11,0.27310798252964535,0.29261085424338273
01,50,2023-11-18,0.2811233169507484,0.2934717546682849
01,50,2023-11-25,0.277782349188337,0.29266518851504914
01,50,2023-12-02,0.27996624462409603,0.29654967955906947
01,50,2023-12-09,0.29565578668272013,0.3043612635707073
01,50,2023-12-16,0.3277798383726997,0.31491769013803705
01,50,2023-12-23,0.35477399717721575,0.32776860249341044
01,50,2023-12-30,0.3928387199820576,0.31229998512006735
01,50,2024-01-06,0.4135937754159649,0.29774957405967123
01,50,2024-01-13,0.4561445608344606,0.261579458272706
01,50,2024-01-20,0.4903296033850523,0.28481658864528897
01,50,2024-01-27,0.5628710077515933,0.3099901826141378
01,50,2024-02-03,0.5774851898610293,0.3315255240574379
01,50,2024-02-10,0.5113748595711124,0.33378868093320824
01,50,2024-02-17,0.29795309576108214,0.37964965971505577
01,50,2024-02-24,0.15741878482382307,0.3923617201104051
01,50,2024-03-02,0.12291800368922404,0.4210636366371121
01,50,2024-03-09,0.12748623923065425,0.43599634936826176
01,50,2024-03-16,0.19304063377039557,0.43866321063667163
01,50,2024-03-23,0.2471089434566417,0.3983204765596476
01,50,2024-03-30,0.25826036923326456,0.3783312007514555
01,50,2024-04-06,0.30308879385634796,0.26383016417958693
01,50,2024-04-13,0.25239897186866556,0.14466448416045846
01,50,2024-04-20,0.2443701987799421,0.1970828185650647
01,75,2023-11-04,0.26441444260158603,0.2894088151177091
01,75,2023-11-11,0.27991417102847377,0.29261085424338273
01,75,2023-11-18,0.28258847381537805,0.2934717546682849
01,75,2023-11-25,0.28766548207100334,0.29266518851504914
01,75,2023-12-02,0.2961712717870919,0.29654967955906947
01,75,2023-12-09,0.3071318652781026,0.3043612635707073
01,75,2023-12-16,0.31407699336177597,0.31491769013803705
01,75,2023-12-23,0.327761872022549,0.32776860249341044
01,75,2023-12-30,0.3450765771835935,0.31229998512006735
01,75,2024-01-06,0.32899407015368715,0.29774957405967123
01,75,2024-01-13,0.3075803539744998,0.261579458272706
01,75,2024-01-20,0.26094700150558353,0.28481658864528897
01,75,2024-01-27,0.2638468702931724,0.3099901826141378
01,75,2024-02-03,0.25682905313838367,0.3315255240574379
01,75,2024-02-10,0.22228755037588574,0.33378868093320824
01,75,2024-02-17,0.1588157501119239,0.37964965971505577
01,75,2024-02-24,0.21880268698128497,0.3923617201104051
01,75,2024-03-02,0.2823890413956485,0.4210636366371121
01,75,2024-03-09,0.35765391874393127,0.43599634936826176
01,75,2024-03-16,0.406885711858373,0.43866321063667163
01,75,2024-03-23,0.4230532316512332,0.3983204765596476
01,75,2024-03-30,0.40433811571909833,0.3783312007514555
01,75,2024-04-06,0.4013503339492319,0.26383016417958693
01,75,2024-04-13,0.2753589018394518,0.14466448416045846
01,75,2024-04-20,0.010333143500484298,0.1970828185650647
02,5,2023-11-04,1.1094478966188572,0.988903675729368
02,5,2023-11-11,1.2990476115880598,1.0415419988700154
02,5,2023-11-18,1.5059324563525218,1.1347137707690391
02,5,2023-11-25,1.6762436112407273,1.2305505439700302
02,5,2023-12-02,1.3332782329193653,1.2775711122893285
02,5,2023-12-09,1.2203010773075218,1.3220738863122223
02,5,2023-12-16,1.1850755190998148,1.3486496465867202
02,5,2023-12-23,1.3185279731906843,1.1876113168698643
02,5,2023-12-30,1.0830670662729787,1.040309846551535
02,5,2024-01-06,0.8385483921963957,0.8846720644978894
02,5,2024-01-13,0.7010768195686395,0.7636722897291532
02,5,2024-01-20,0.5909051307741283,0.6759898497101265
02,5,2024-01-27,0.5360833307841764,0.6598047186714195
02,5,2024-02-03,0.5655263769628556,0.6311371298844268
02,5,2024-02-10,0.6035641165491831,0.6422410289690033
02,5,2024-02-17,0.6516693178200044,0.7348979153105009
02,5,2024-02-24,0.69192523719031,0.6597901338445205
02,5,2024-03-02,0.6661645093337393,0.6560580516936451
02,5,2024-03-09,0.7332119559169435,0.686899575999719
02,5,2024-03-16,0.7501299081720234,0.7402402540757993
02,5,2024-03-23,0.7770828806667718,0.762671023234556
02,5,2024-03-30,0.7865792648864243,0.772491437954879
02,5,2024-04-06,0.76391918210306,0.7865678509662396
02,5,2024-04-13,0.7718877291982833,0.798433992509911
02,5,2024-04-20,0.814572736520855,0.6900674101319084
02,15,2023-11-04,1.0872408021280666,0.988903675729368
02,15,2023-11-11,1.2141656490848733,1.0415419988700154
02,15,2023-11-18,1.4327526766781824,1.1347137707690391
02,15,2023-11-25,1.6110946866258566,1.2305505439700302
02,15,2023-12-02,1.3050226942043843,1.2775711122893285
02,15,2023-12-09,1.325779952704513,1.3220738863122223
02,15,2023-12-16,1.4601825942179139,1.3486496465867202
02,15,2023-12-23,1.4940515154147431,1.1876113168698643
02,15,2023-12-30,1.2557506276667407,1.040309846551535
02,15,2024-01-06,1.0603583609121825,0.8846720644978894
02,15,2024-01-13,0.7831535018605188,0.7636722897291532
02,15,2024-01-20,0.6280911685432438,0.6759898497101265
02,15,2024-01-27,0.5250537353943313,0.6598047186714195
02,15,2024-02-03,0.528479044458159,0.6311371298844268
02,15,2024-02-10,0.5449219471667365,0.6422410289690033
02,15,2024-02-17,0.5783992083333098,0.7348979153105009
02,15,2024-02-24,0.6550581305003527,0.6597901338445205
02,15,2024-03-02,0.6090007301600644,0.6560580516936451
02,15,2024-03-09,0.6605167103031057,0.686899575999719
02,15,2024-03-16,0.6920663087545939,0.7402402540757993
02,15,2024-03-23,0.7298325078987136,0.762671023234556
02,15,2024-03-30,0.7214446325741379,0.772491437954879
02,15,2024-04-06,0.7162359679550465,0.7865678509662396
02,15,2024-04-13,0.7668152187454,0.798433992509911
02,15,2024-04-20,0.782600794063815,0.6900674101319084
02,25,2023-11-04,1.0639509725672793,0.988903675729368
02,25,2023-11-11,1.2022251737499416,1.0415419988700154
02,25,2023-11-18,1.3918934820110913,1.1347137707690391
02,25,2023-11-25,1.5494411977822196,1.2305505439700302
02,25,2023-12-02,1.3144240354308068,1.2775711122893285
02,25,2023-12-09,1.396291437862256,1.3220738863122223
02,25,2023-12-16,1.4866580864291716,1.3486496465867202
02,25,2023-12-23,1.5177033415278132,1.1876113168698643
02,25,2023-12-30,1.2959228896594233,1.040309846551535
02,25,2024-01-06,1.100045969503744,0.8846720644978894
02,25,2024-01-13,0.8467886018424311,0.7636722897291532
02,25,2024-01-20,0.6746891287736585,0.6759898497101265
02,25,2024-01-27,0.5624372648897523,0.6598047186714195
02,25,2024-02-03,0.5394087001457396,0.6311371298844268
02,25,2024-02-10,0.5395623958842131,0.6422410289690033
02,25,2024-02-17,0.5733431425930007,0.7348979153105009
02,25,2024-02-24,0.6642780766887152,0.6597901338445205
02,25,2024-03-02,0.6023930998597762,0.6560580516936451
02,25,2024-03-09,0.6503513222476492,0.686899575999719
02,25,2024-03-16,0.6751416075812933,0.7402402540757993
02,25,2024-03-23,0.7158555597651995,0.762671023234556
02,25,2024-03-30,0.7196032642115799,0.772491437954879
02,25,2024-04-06,0.7012532337726453,0.7865678509662396
02,25,2024-04-13,0.7546524677458907,0.798433992509911
02,25,2024-04-20,0.78642200516085,0.6900674101319084
02,50,2023-11-04,1.016652633575699,0.988903675729368
02,50,2023-11-11,1.1408145382101598,1.0415419988700154
02,50,2023-11-18,1.3080470403764823,1.1347137707690391
02,50,2023-11-25,1.4216128880598669,1.2305505439700302
02,50,2023-12-02,1.3267470933727927,1.2775711122893285
02,50,2023-12-09,1.4266457108811241,1.3220738863122223
02,50,2023-12-16,1.5153738494055673,1.3486496465867202
02,50,2023-12-23,1.5353782796617286,1.1876113168698643
02,50,2023-12-30,1.3007755915604793,1.040309846551535
02,50,2024-01-06,1.1162241834190458,0.8846720644978894
02,50,2024-01-13,0.8605296852198613,0.7636722897291532
02,50,2024-01-20,0.7078504102865308,0.6759898497101265
02,50,2024-01-27,0.5820819699085752,0.6598047186714195
02,50,2024-02-03,0.5675052828636031,0.6311371298844268
02,50,2024-02-10,0.5671924874968058,0.6422410289690033
02,50,2024-02-17,0.5984013099085369,0.7348979153105009
02,50,2024-02-24,0.6817216975051016,0.6597901338445205
02,50,2024-03-02,0.6232213761693454,0.6560580516936451
02,50,2024-03-09,0.6427143158743137,0.686899575999719
02,50,2024-03-16,0.6734331026983725,0.7402402540757993
02,50,2024-03-23,0.7216898478199746,0.762671023234556
02,50,2024-03-30,0.742061878936047,0.772491437954879
02,50,2024-04-06,0.7410060155602322,0.7865678509662396
02,50,2024-04-13,0.7690277025993367,0.798433992509911
02,50,2024-04-20,0.8153713152997926,0.6900674101319084
02,75,2023-11-04,1.0359814714129176,0.988903675729368
02,75,2023-11-11,1.0957282159453448,1.0415419988700154
02,75,2023-11-18,1.1986381517693907,1.1347137707690391
02,75,2023-11-25,1.3111331110199194,1.2305505439700302
02,75,2023-12-02,1.3554786907337737,1.2775711122893285
02,75,2023-12-09,1.4127256696495758,1.3220738863122223
02,75,2023-12-16,1.4954244476883383,1.3486496465867202
02,75,2023-12-23,1.5082945775983596,1.1876113168698643
02,75,2023-12-30,1.28058290590705,1.040309846551535
02,75,2024-01-06,1.1016410728929686,0.8846720644978894
02,75,2024-01-13,0.8566671271816707,0.7636722897291532
02,75,2024-01-20,0.7117932728362809,0.6759898497101265
02,75,2024-01-27,0.6114540288238618,0.6598047186714195
02,75,2024-02-03,0.602812227513535,0.6311371298844268
02,75,2024-02-10,0.5900190874220879,0.6422410289690033
02,75,2024-02-17,0.6222684155661002,0.7348979153105009
02,75,2024-02-24,0.7035467230449348,0.6597901338445205
02,75,2024-03-02,0.6350544419988543,0.6560580516936451
02,75,2024-03-09,0.6444897201848264,0.686899575999719
02,75,2024-03-16,0.6715248773092212,0.7402402540757993
02,75,2024-03-23,0.728715355778994,0.762671023234556
02,75,2024-03-30,0.7528338394098941,0.772491437954879
02,75,2024-04-06,0.7582163840282179,0.7865678509662396
02,75,2024-04-13,0.784474159370496,0.798433992509911
02,75,2024-04-20,0.8291108178149225,0.6900674101319084
29,5,2023-11-04,0.6787327872563974,0.6365290421124525
29,5,2023-11-11,0.6496348856476366,0.62988297767608
29,5,2023-11-18,0.634927333138656,0.6228543169411451
29,5,2023-11-25,0.49010045324682394,0.6091390365395392
29,5,2023-12-02,0.4093624306630757,0.5943660155571632
29,5,2023-12-09,0.37986424333023555,0.5782745799439458
29,5,2023-12-16,0.4293606499787474,0.5689563621941538
29,5,2023-12-23,0.37863253063298025,0.5629472449401067
29,5,2023-12-30,0.3546846464667759,0.58148602394399
29,5,2024-01-06,0.38687097089459593,0.6033400317949625
29,5,2024-01-13,0.40220511707719697,0.634728935973021
29,5,2024-01-20,0.41858941731263255,0.6770689321457931
29,5,2024-01-27,0.41497291523741875,0.7261174843438571
29,5,2024-02-03,0.40564511264678615,0.7706744392791429
29,5,2024-02-10,0.41580773472747073,0.8061060320404996
29,5,2024-02-17,0.45982069456352653,0.8335723860662354
29,5,2024-02-24,0.5122098261402899,0.8549834690432001
29,5,2024-03-02,0.5490610437050293,0.8650375658648944
29,5,2024-03-09,0.533585806730574,0.8693326774263191
29,5,2024-03-16,0.5309114024165715,0.8674596685447876
29,5,2024-03-23,0.5032785340985512,0.8691376984679997
29,5,2024-03-30,0.5099040362407596,0.8750114385868225
29,5,2024-04-06,0.5425874676268146,0.8707221239328604
29,5,2024-04-13,0.5416255854684742,0.8638565161066305
29,5,2024-04-20,0.5344933963795343,0.857968733093864
29,15,2023-11-04,0.710008329133717,0.6365290421124525
29,15,2023-11-11,0.7023311369038208,0.62988297767608
29,15,2023-11-18,0.6771027243418657,0.6228543169411451
29,15,2023-11-25,0.5571912479814852,0.6091390365395392
29,15,2023-12-02,0.45640302322356174,0.5943660155571632
29,15,2023-12-09,0.4366133480082666,0.5782745799439458
29,15,2023-12-16,0.4497713129966425,0.5689563621941538
29,15,2023-12-23,0.4108699282063606,0.5629472449401067
29,15,2023-12-30,0.4027739376737896,0.58148602394399
29,15,2024-01-06,0.420071621568542,0.6033400317949625
29,15,2024-01-13,0.4288449844413566,0.634728935973021
29,15,2024-01-20,0.44677718007555095,0.6770689321457931
29,15,2024-01-27,0.45782985705122675,0.7261174843438571
29,15,2024-02-03,0.46079072895337525,0.7706744392791429
29,15,2024-02-10,0.47066784777323795,0.8061060320404996
29,15,2024-02-17,0.5255323799402282,0.8335723860662354
29,15,2024-02-24,0.5539508916652032,0.8549834690432001
29,15,2024-03-02,0.5810361830755735,0.8650375658648944
29,15,2024-03-09,0.5849825683657942,0.8693326774263191
29,15,2024-03-16,0.5844835023006028,0.8674596685447876
29,15,2024-03-23,0.5827155014169957,0.8691376984679997
29,15,2024-03-30,0.5962175133141193,0.8750114385868225
29,15,2024-04-06,0.6185466673862354,0.8707221239328604
29,15,2024-04-13,0.6049251062606433,0.8638565161066305
29,15,2024-04-20,0.5808066048006778,0.857968733093864
29,25,2023-11-04,0.6897639169604182,0.6365290421124525
29,25,2023-11-11,0.6632779246382556,0.62988297767608
29,25,2023-11-18,0.6163727715373196,0.6228543169411451
29,25,2023-11-25,0.5096151018125017,0.6091390365395392
29,25,2023-12-02,0.4667820991527048,0.5943660155571632
29,25,2023-12-09,0.4389326809232259,0.5782745799439458
29,25,2023-12-16,0.4306663890344044,0.5689563621941538
29,25,2023-12-23,0.42768686876989187,0.5629472449401067
29,25,2023-12-30,0.41555031131043835,0.58148602394399
29,25,2024-01-06,0.43319236068675415,0.6033400317949625
29,25,2024-01-13,0.4493342741642174,0.634728935973021
29,25,2024-01-20,0.46277711167183033,0.6770689321457931
29,25,2024-01-27,0.4826938710851555,0.7261174843438571
29,25,2024-02-03,0.4916892580436723,0.7706744392791429
29,25,2024-02-10,0.5114709738726668,0.8061060320404996
29,25,2024-02-17,0.557913404209661,0.8335723860662354
29,25,2024-02-24,0.6003579275587992,0.8549834690432001
29,25,2024-03-02,0.6234496212687293,0.8650375658648944
29,25,2024-03-09,0.6380698536307604,0.8693326774263191
29,25,2024-03-16,0.6429307236134444,0.8674596685447876
29,25,2024-03-23,0.6295295172624217,0.8691376984679997
29,25,2024-03-30,0.6367940842834128,0.8750114385868225
29,25,2024-04-06,0.6594124528296104,0.8707221239328604
29,25,2024-04-13,0.6520336111369192,0.8638565161066305
29,25,2024-04-20,0.6370056316753371,0.857968733093864
29,50,2023-11-04,0.5636180778419964,0.6365290421124525
29,50,2023-11-11,0.5029658329372988,0.62988297767608
29,50,2023-11-18,0.48656050704097414,0.6228543169411451
29,50,2023-11-25,0.46995826044359323,0.6091390365395392
29,50,2023-12-02,0.45791140882510456,0.5943660155571632
29,50,2023-12-09,0.45445214526498956,0.5782745799439458
29,50,2023-12-16,0.4542666390406529,0.5689563621941538
29,50,2023-12-23,0.4556772260420499,0.5629472449401067
29,50,2023-12-30,0.4569317327675805,0.58148602394399
29,50,2024-01-06,0.4700442990646818,0.6033400317949625
29,50,2024-01-13,0.4805297835010212,0.634728935973021
29,50,2024-01-20,0.5063300156459289,0.6770689321457931
29,50,2024-01-27,0.5359531107876888,0.7261174843438571
29,50,2024-02-03,0.5529589506715887,0.7706744392791429
29,50,2024-02-10,0.5911557905209894,0.8061060320404996
29,50,2024-02-17,0.6459824170748262,0.8335723860662354
29,50,2024-02-24,0.6819886731398241,0.8549834690432001
29,50,2024-03-02,0.7100136665934684,0.8650375658648944
29,50,2024-03-09,0.7196274549800945,0.8693326774263191
29,50,2024-03-16,0.7239212809351788,0.8674596685447876
29,50,2024-03-23,0.7122043474336661,0.8691376984679997
29,50,2024-03-30,0.7198676760858214,0.8750114385868225
29,50,2024-04-06,0.7452144749615865,0.8707221239328604
29,50,2024-04-13,0.744151202642136,0.8638565161066305
29,50,2024-04-20,0.73764326217925,0.857968733093864
29,75,2023-11-04,0.5134214763347983,0.6365290421124525
29,75,2023-11-11,0.4838048695324171,0.62988297767608
29,75,2023-11-18,0.46870186341117653,0.6228543169411451
29,75,2023-11-25,0.46772327543083225,0.6091390365395392
29,75,2023-12-02,0.4693255787828071,0.5943660155571632
29,75,2023-12-09,0.4721345092165204,0.5782745799439458
29,75,2023-12-16,0.47587028570699863,0.5689563621941538
29,75,2023-12-23,0.48697248223689443,0.5629472449401067
29,75,2023-12-30,0.4924517530007056,0.58148602394399
29,75,2024-01-06,0.5111597373977587,0.6033400317949625
29,75,2024-01-13,0.5301640215617531,0.634728935973021
29,75,2024-01-20,0.5626954641592516,0.6770689321457931
29,75,2024-01-27,0.6057921826082044,0.7261174843438571
29,75,2024-02-03,0.6385032013353729,0.7706744392791429
29,75,2024-02-10,0.6887086288403547,0.8061060320404996
29,75,2024-02-17,0.7337125692012962,0.8335723860662354
29,75,2024-02-24,0.7674442270337734,0.8549834690432001
29,75,2024-03-02,0.7938308834419502,0.8650375658648944
29,75,2024-03-09,0.8025185832358203,0.8693326774263191
29,75,2024-03-16,0.8069356805016821,0.8674596685447876
29,75,2024-03-23,0.8016210091843974,0.8691376984679997
29,75,2024-03-30,0.8082419170141145,0.8750114385868225
29,75,2024-04-06,0.8251891007547449,0.8707221239328604
29,75,2024-04-13,0.8195685121554547,0.8638565161066305
29,75,2024-04-20,0.8119259623119167,0.857968733093864
15,5,2023-11-04,0.3535676393648898,0.5298293432602222
15,5,2023-11-11,0.28322302116507436,0.520604459752005
15,5,2023-11-18,0.26749138269389966,0.5037369489273823
15,5,2023-11-25,0.3543507569072552,0.5177566140604428
15,5,2023-12-02,0.374573229895464,0.5087088808763739
15,5,2023-12-09,0.3509432507279046,0.47127607458961573
15,5,2023-12-16,0.4668182509570319,0.45219503639479564
15,5,2023-12-23,0.44953071514416487,0.40189988052240305
15,5,2023-12-30,0.45455241469302543,0.36614431125215025
15,5,2024-01-06,0.4904421780134914,0.3720842411951014
15,5,2024-01-13,0.6180469545429224,0.42915901366971215
15,5,2024-01-20,0.6672456825702666,0.43740966710568957
15,5,2024-01-27,0.573478281180932,0.4523949148650539
15,5,2024-02-03,0.5860102824137104,0.522523262864847
15,5,2024-02-10,0.5843065973612291,0.41447892913697715
15,5,2024-02-17,0.3516575128212506,0.4591289200788656
15,5,2024-02-24,0.35651594522794683,0.4496647099120625
15,5,2024-03-02,0.3085924728146733,0.5062838029749112
15,5,2024-03-09,0.34812494119021326,0.5452543812224622
15,5,2024-03-16,0.40795983292411836,0.6110692269100131
15,5,2024-03-23,0.457927004131569,0.6080854342469801
15,5,2024-03-30,0.42270691769622,0.6780005538202473
15,5,2024-04-06,0.5061361943076218,0.7339314556028904
15,5,2024-04-13,0.5842704901294619,0.773470461230983
15,5,2024-04-20,0.6750251657441475,0.7862628897817537
15,15,2023-11-04,0.38597664046828306,0.5298293432602222
15,15,2023-11-11,0.2778031252800993,0.520604459752005
15,15,2023-11-18,0.27658201646506714,0.5037369489273823
15,15,2023-11-25,0.30879570281942637,0.5177566140604428
15,15,2023-12-02,0.342441560239458,0.5087088808763739
15,15,2023-12-09,0.33022371797345956,0.47127607458961573
15,15,2023-12-16,0.3788877739850285,0.45219503639479564
15,15,2023-12-23,0.3785409891215303,0.40189988052240305
15,15,2023-12-30,0.4080146567347945,0.36614431125215025
15,15,2024-01-06,0.43710523262558654,0.3720842411951014
15,15,2024-01-13,0.5102372828567077,0.42915901366971215
15,15,2024-01-20,0.5634469186733847,0.43740966710568957
15,15,2024-01-27,0.5136353302863985,0.4523949148650539
15,15,2024-02-03,0.4914444589727079,0.522523262864847
15,15,2024-02-10,0.513115268341763,0.41447892913697715
15,15,2024-02-17,0.34991812844207426,0.4591289200788656
15,15,2024-02-24,0.3535263651080464,0.4496647099120625
15,15,2024-03-02,0.32352628790486687,0.5062838029749112
15,15,2024-03-09,0.3696385431899338,0.5452543812224622
15,15,2024-03-16,0.4030458988039429,0.6110692269100131
15,15,2024-03-23,0.4684347018137559,0.6080854342469801
15,15,2024-03-30,0.4168533006168014,0.6780005538202473
15,15,2024-04-06,0.49299192207988496,0.7339314556028904
15,15,2024-04-13,0.5880998956739095,0.773470461230983
15,15,2024-04-20,0.6560521046158183,0.7862628897817537
15,25,2023-11-04,0.4302374923613642,0.5298293432602222
15,25,2023-11-11,0.37937700826970794,0.520604459752005
15,25,2023-11-18,0.3373096850325711,0.5037369489273823
15,25,2023-11-25,0.37126982405491105,0.5177566140604428
15,25,2023-12-02,0.4153925208257348,0.5087088808763739
15,25,2023-12-09,0.38957793304613303,0.47127607458961573
15,25,2023-12-16,0.4281025088239341,0.45219503639479564
15,25,2023-12-23,0.4039764698108725,0.40189988052240305
15,25,2023-12-30,0.4028710541857089,0.36614431125215025
15,25,2024-01-06,0.41866838365930154,0.3720842411951014
15,25,2024-01-13,0.4784062607056087,0.42915901366971215
15,25,2024-01-20,0.47602895518697874,0.43740966710568957
15,25,2024-01-27,0.43560100898570686,0.4523949148650539
15,25,2024-02-03,0.45004148099530594,0.522523262864847
15,25,2024-02-10,0.47574637572270184,0.41447892913697715
15,25,2024-02-17,0.321222874659299,0.4591289200788656
15,25,2024-02-24,0.34676532371704066,0.4496647099120625
15,25,2024-03-02,0.3472996260275665,0.5062838029749112
15,25,2024-03-09,0.3895955947937239,0.5452543812224622
15,25,2024-03-16,0.421015721572476,0.6110692269100131
15,25,2024-03-23,0.4917998819856032,0.6080854342469801
15,25,2024-03-30,0.45302897694064764,0.6780005538202473
15,25,2024-04-06,0.5470090170715886,0.7339314556028904
15,25,2024-04-13,0.6371020314500438,0.773470461230983
15,25,2024-04-20,0.7002071925680117,0.7862628897817537
15,50,2023-11-04,0.5197855067273957,0.5298293432602222
15,50,2023-11-11,0.4576528993498556,0.520604459752005
15,50,2023-11-18,0.40416472986547675,0.5037369489273823
15,50,2023-11-25,0.41879243691957796,0.5177566140604428
15,50,2023-12-02,0.44120354272604506,0.5087088808763739
15,50,2023-12-09,0.4263085196889038,0.47127607458961573
15,50,2023-12-16,0.4082973456226698,0.45219503639479564
15,50,2023-12-23,0.4155723279699626,0.40189988052240305
15,50,2023-12-30,0.36801916780295796,0.36614431125215025
15,50,2024-01-06,0.3519741532332405,0.3720842411951014
15,50,2024-01-13,0.38289791153403263,0.42915901366971215
15,50,2024-01-20,0.38998028798340606,0.43740966710568957
15,50,2024-01-27,0.39188860383505636,0.4523949148650539
15,50,2024-02-03,0.4095338102147839,0.522523262864847
15,50,2024-02-10,0.438202564322578,0.41447892913697715
15,50,2024-02-17,0.315285660348279,0.4591289200788656
15,50,2024-02-24,0.3664217178601345,0.4496647099120625
15,50,2024-03-02,0.35858741866106414,0.5062838029749112
15,50,2024-03-09,0.4027374289597439,0.5452543812224622
15,50,2024-03-16,0.42911834006631444,0.6110692269100131
15,50,2024-03-23,0.5033907892446275,0.6080854342469801
15,50,2024-03-30,0.45815590467883704,0.6780005538202473
15,50,2024-04-06,0.5513973649210203,0.7339314556028904
15,50,2024-04-13,0.6388685424814762,0.773470461230983
15,50,2024-04-20,0.7077656327586591,0.7862628897817537
15,75,2023-11-04,0.5197000195972126,0.5298293432602222
15,75,2023-11-11,0.4933997422660724,0.520604459752005
15,75,2023-11-18,0.4427218436248394,0.5037369489273823
15,75,2023-11-25,0.4219566947246996,0.5177566140604428
15,75,2023-12-02,0.42861098912684226,0.5087088808763739
15,75,2023-12-09,0.4308855659023112,0.47127607458961573
15,75,2023-12-16,0.40637910856756543,0.45219503639479564
15,75,2023-12-23,0.39767807460525356,0.40189988052240305
15,75,2023-12-30,0.35388761180205575,0.36614431125215025
15,75,2024-01-06,0.3288944207160371,0.3720842411951014
15,75,2024-01-13,0.3448115190831739,0.42915901366971215
15,75,2024-01-20,0.370476716515953,0.43740966710568957
15,75,2024-01-27,0.38195001678906554,0.4523949148650539
15,75,2024-02-03,0.4008915716043415,0.522523262864847
15,75,2024-02-10,0.4604820033988038,0.41447892913697715
15,75,2024-02-17,0.3320646849473744,0.4591289200788656
15,75,2024-02-24,0.3719625199393974,0.4496647099120625
15,75,2024-03-02,0.3498149826116321,0.5062838029749112
15,75,2024-03-09,0.4075229565121173,0.5452543812224622
15,75,2024-03-16,0.43885785525766446,0.6110692269100131
15,75,2024-03-23,0.5084399183995532,0.6080854342469801
15,75,2024-03-30,0.46822419124895115,0.6780005538202473
15,75,2024-04-06,0.5626517092036443,0.7339314556028904
15,75,2024-04-13,0.6545560733705967,0.773470461230983
15,75,2024-04-20,0.7277579451733859,0.7862628897817537
28,5,2023-11-04,0.5503203652093247,0.6016235243465636
28,5,2023-11-11,0.6123345410903532,0.5729771101766715
28,5,2023-11-18,0.41545289589804874,0.5327895717950516
28,5,2023-11-25,0.336169149300781,0.48528636799815944
28,5,2023-12-02,0.2979009088855883,0.43175263549332393
28,5,2023-12-09,0.2827170159385645,0.3921646251754228
28,5,2023-12-16,0.28644257482492125,0.34563677153493444
28,5,2023-12-23,0.3080082504360913,0.30072921037386463
28,5,2023-12-30,0.32337919115293523,0.3186131364465622
28,5,2024-01-06,0.30007847959192097,0.3142555597497232
28,5,2024-01-13,0.2815928757586279,0.3020755439893178
28,5,2024-01-20,0.29844635808006414,0.2911093830616249
28,5,2024-01-27,0.318505545189303,0.309231082478931
28,5,2024-02-03,0.34914588415973924,0.31320942029220594
28,5,2024-02-10,0.3883358608773063,0.34704955383807407
28,5,2024-02-17,0.33113567698931257,0.3944539109102677
28,5,2024-02-24,0.2835759685773209,0.4262949973115609
28,5,2024-03-02,0.35706189638096364,0.46610086316339855
28,5,2024-03-09,0.3882102519093325,0.5079511577980906
28,5,2024-03-16,0.4296638997567606,0.5561406546788645
28,5,2024-03-23,0.5033428350935645,0.588998945485295
28,5,2024-03-30,0.5443786500920071,0.6323864147004251
28,5,2024-04-06,0.5790419927455867,0.6554266695688435
28,5,2024-04-13,0.6018208537667795,0.6169326328394865
28,5,2024-04-20,0.5262337283516079,0.5960710040622906
28,15,2023-11-04,0.5839208274794153,0.6016235243465636
28,15,2023-11-11,0.6140099478374599,0.5729771101766715
28,15,2023-11-18,0.5240315479203622,0.5327895717950516
28,15,2023-11-25,0.43339469707587397,0.48528636799815944
28,15,2023-12-02,0.32793690030117256,0.43175263549332393
28,15,2023-12-09,0.3132521440219768,0.3921646251754228
28,15,2023-12-16,0.3070676250079658,0.34563677153493444
28,15,2023-12-23,0.3070042644571244,0.30072921037386463
28,15,2023-12-30,0.2992328620904071,0.3186131364465622
28,15,2024-01-06,0.2712274195713447,0.3142555597497232
28,15,2024-01-13,0.2744509971404779,0.3020755439893178
28,15,2024-01-20,0.27713215356210846,0.2911093830616249
28,15,2024-01-27,0.30936399850637253,0.309231082478931
28,15,2024-02-03,0.35633651577906117,0.31320942029220594
28,15,2024-02-10,0.3762977055974742,0.34704955383807407
28,15,2024-02-17,0.26593777552045117,0.3944539109102677
28,15,2024-02-24,0.2465231925436699,0.4262949973115609
28,15,2024-03-02,0.3244337041920506,0.46610086316339855
28,15,2024-03-09,0.3791411944788551,0.5079511577980906
28,15,2024-03-16,0.4272122298728925,0.5561406546788645
28,15,2024-03-23,0.5075497513889873,0.588998945485295
28,15,2024-03-30,0.5446884485026233,0.6323864147004251
28,15,2024-04-06,0.5920476631655798,0.6554266695688435
28,15,2024-04-13,0.6243123326527735,0.6169326328394865
28,15,2024-04-20,0.5506628779211052,0.5960710040622906
28,25,2023-11-04,0.5803582314937671,0.6016235243465636
28,25,2023-11-11,0.5921069010495685,0.5729771101766715
28,25,2023-11-18,0.535670996721383,0.5327895717950516
28,25,2023-11-25,0.4701887005305643,0.48528636799815944
28,25,2023-12-02,0.35459224608403694,0.43175263549332393
28,25,2023-12-09,0.3280042026732753,0.3921646251754228
28,25,2023-12-16,0.3165547726213677,0.34563677153493444
28,25,2023-12-23,0.30306160980595515,0.30072921037386463
28,25,2023-12-30,0.2886336934812686,0.3186131364465622
28,25,2024-01-06,0.28143093622000437,0.3142555597497232
28,25,2024-01-13,0.27205609673834785,0.3020755439893178
28,25,2024-01-20,0.2686616532520492,0.2911093830616249
28,25,2024-01-27,0.2635882268523852,0.309231082478931
28,25,2024-02-03,0.32227920517696723,0.31320942029220594
28,25,2024-02-10,0.34842914382553175,0.34704955383807407
28,25,2024-02-17,0.26902056204741487,0.3944539109102677
28,25,2024-02-24,0.25252877896020054,0.4262949973115609
28,25,2024-03-02,0.34423391850410867,0.46610086316339855
28,25,2024-03-09,0.38070843933576726,0.5079511577980906
28,25,2024-03-16,0.4154032179134953,0.5561406546788645
28,25,2024-03-23,0.49554807178133037,0.588998945485295
28,25,2024-03-30,0.5452964178697818,0.6323864147004251
28,25,2024-04-06,0.5921483087466296,0.6554266695688435
28,25,2024-04-13,0.6215239222385285,0.6169326328394865
28,25,2024-04-20,0.5537947272721105,0.5960710040622906
28,50,2023-11-04,0.5346668623589786,0.6016235243465636
28,50,2023-11-11,0.5324460826109406,0.5729771101766715
28,50,2023-11-18,0.4641251194392149,0.5327895717950516
28,50,2023-11-25,0.43687068232670734,0.48528636799815944
28,50,2023-12-02,0.37524645564991826,0.43175263549332393
28,50,2023-12-09,0.346423953791164,0.3921646251754228
28,50,2023-12-16,0.3240166899211576,0.34563677153493444
28,50,2023-12-23,0.3076318904702764,0.30072921037386463
28,50,2023-12-30,0.28972509960899906,0.3186131364465622
28,50,2024-01-06,0.29225404742470706,0.3142555597497232
28,50,2024-01-13,0.2662344392655474,0.3020755439893178
28,50,2024-01-20,0.24781658351816965,0.2911093830616249
28,50,2024-01-27,0.22772644418068394,0.309231082478931
28,50,2024-02-03,0.2431002725959204,0.31320942029220594
28,50,2024-02-10,0.25447018726856496,0.34704955383807407
28,50,2024-02-17,0.25937293851424287,0.3944539109102677
28,50,2024-02-24,0.24036374482906206,0.4262949973115609
28,50,2024-03-02,0.3008282404041865,0.46610086316339855
28,50,2024-03-09,0.3188275929920711,0.5079511577980906
28,50,2024-03-16,0.3727400571499347,0.5561406546788645
28,50,2024-03-23,0.4487894046287521,0.588998945485295
28,50,2024-03-30,0.5072162701966239,0.6323864147004251
28,50,2024-04-06,0.5721494816709322,0.6554266695688435
28,50,2024-04-13,0.6083100199917969,0.6169326328394865
28,50,2024-04-20,0.5573546540811263,0.5960710040622906
28,75,2023-11-04,0.5599055400316628,0.6016235243465636
28,75,2023-11-11,0.5241908599720925,0.5729771101766715
28,75,2023-11-18,0.47523772713127493,0.5327895717950516
28,75,2023-11-25,0.4351107627719991,0.48528636799815944
28,75,2023-12-02,0.3749818239868047,0.43175263549332393
28,75,2023-12-09,0.3358601708211022,0.3921646251754228
28,75,2023-12-16,0.3162357944687745,0.34563677153493444
28,75,2023-12-23,0.29166279513379245,0.30072921037386463
28,75,2023-12-30,0.27434960775536965,0.3186131364465622
28,75,2024-01-06,0.29015732082681095,0.3142555597497232
28,75,2024-01-13,0.26653320935116653,0.3020755439893178
28,75,2024-01-20,0.23957249952158055,0.2911093830616249
28,75,2024-01-27,0.2107862942984397,0.309231082478931
28,75,2024-02-03,0.22635563732007408,0.31320942029220594
28,75,2024-02-10,0.22586230056710638,0.34704955383807407
28,75,2024-02-17,0.2670312392338171,0.3944539109102677
28,75,2024-02-24,0.30021502029458447,0.4262949973115609
28,75,2024-03-02,0.3485475658583838,0.46610086316339855
28,75,2024-03-09,0.3917881645187807,0.5079511577980906
28,75,2024-03-16,0.4376133545616687,0.5561406546788645
28,75,2024-03-23,0.5040600351989425,0.588998945485295
28,75,2024-03-30,0.5440979237731,0.6323864147004251
28,75,2024-04-06,0.6006229630983296,0.6554266695688435
28,75,2024-04-13,0.6390920512945654,0.6169326328394865
28,75,2024-04-20,0.5886051688454631,0.5960710040622906
19,5,2023-11-04,0.5223679888606845,0.6513137106047227
19,5,2023-11-11,0.6177204406321483,0.6494767255119358
19,5,2023-11-18,0.6032720373109826,0.6472355121040395
19,5,2023-11-25,0.5647502279166882,0.6411946995568184
19,5,2023-12-02,0.5728004360493278,0.639796958892919
19,5,2023-12-09,0.6587483352545509,0.6442432480770923
19,5,2023-12-16,0.4598227887261473,0.6391647755602579
19,5,2023-12-23,0.4884735681637814,0.6291634239878171
19,5,2023-12-30,0.5021576682674121,0.6449585443450827
19,5,2024-01-06,0.4798342576649133,0.6642742992546634
19,5,2024-01-13,0.5282986019676724,0.6707097851205355
19,5,2024-01-20,0.46384388937731974,0.6672426328074694
19,5,2024-01-27,0.4269533569669916,0.6862142402075898
19,5,2024-02-03,0.41720809127899366,0.6958363464081458
19,5,2024-02-10,0.40010606049341824,0.746510707410522
19,5,2024-02-17,0.41491630686290637,0.788992968193138
19,5,2024-02-24,0.48954272090274437,0.8227172606170643
19,5,2024-03-02,0.5324823486511955,0.8464242076439511
19,5,2024-03-09,0.35383004496022297,0.8620377020049372
19,5,2024-03-16,0.32735215167168186,0.8721974882659247
19,5,2024-03-23,0.2973318364578709,0.8885047184096037
19,5,2024-03-30,0.31762917933130697,0.9021628987098697
19,5,2024-04-06,0.3638297872340426,0.9096990650715532
19,5,2024-04-13,0.3931034482758621,0.9110160131045171
19,5,2024-04-20,0.3976190476190476,0.9097813537574079
19,15,2023-11-04,0.49955709399482284,0.6513137106047227
19,15,2023-11-11,0.5462365447766829,0.6494767255119358
19,15,2023-11-18,0.5796664717699781,0.6472355121040395
19,15,2023-11-25,0.5425494190410042,0.6411946995568184
19,15,2023-12-02,0.5641203944875419,0.639796958892919
19,15,2023-12-09,0.581061104403741,0.6442432480770923
19,15,2023-12-16,0.4860701884938494,0.6391647755602579
19,15,2023-12-23,0.502838060909579,0.6291634239878171
19,15,2023-12-30,0.5272112086097873,0.6449585443450827
19,15,2024-01-06,0.5020983037440035,0.6642742992546634
19,15,2024-01-13,0.5457768281435965,0.6707097851205355
19,15,2024-01-20,0.4992411411408963,0.6672426328074694
19,15,2024-01-27,0.4719080460873396,0.6862142402075898
19,15,2024-02-03,0.46204206715830515,0.6958363464081458
19,15,2024-02-10,0.43064089245197384,0.746510707410522
19,15,2024-02-17,0.4494196007366669,0.788992968193138
19,15,2024-02-24,0.4809475060237823,0.8227172606170643
19,15,2024-03-02,0.5398924870650047,0.8464242076439511
19,15,2024-03-09,0.5391484212860705,0.8620377020049372
19,15,2024-03-16,0.5477438355538006,0.8721974882659247
19,15,2024-03-23,0.55161327966757,0.8885047184096037
19,15,2024-03-30,0.5976544526466246,0.9021628987098697
19,15,2024-04-06,0.6403585932489808,0.9096990650715532
19,15,2024-04-13,0.6789944763666166,0.9110160131045171
19,15,2024-04-20,0.6948876526950365,0.9097813537574079
19,25,2023-11-04,0.47870069234390433,0.6513137106047227
19,25,2023-11-11,0.5272684377535587,0.6494767255119358
19,25,2023-11-18,0.5329805128442785,0.6472355121040395
19,25,2023-11-25,0.5047041742879572,0.6411946995568184
19,25,2023-12-02,0.5067823819925488,0.639796958892919
19,25,2023-12-09,0.5371726034613591,0.6442432480770923
19,25,2023-12-16,0.4687557780743413,0.6391647755602579
19,25,2023-12-23,0.4850034447026447,0.6291634239878171
19,25,2023-12-30,0.5003919140428676,0.6449585443450827
19,25,2024-01-06,0.5053685753163081,0.6642742992546634
19,25,2024-01-13,0.5370018497308304,0.6707097851205355
19,25,2024-01-20,0.5161516061267301,0.6672426328074694
19,25,2024-01-27,0.4681476606767538,0.6862142402075898
19,25,2024-02-03,0.44539370198885053,0.6958363464081458
19,25,2024-02-10,0.42403924884962635,0.746510707410522
19,25,2024-02-17,0.4652217473916167,0.788992968193138
19,25,2024-02-24,0.5278491533179782,0.8227172606170643
19,25,2024-03-02,0.5994629960729119,0.8464242076439511
19,25,2024-03-09,0.6079670920583227,0.8620377020049372
19,25,2024-03-16,0.6292655602582861,0.8721974882659247
19,25,2024-03-23,0.6440136141603401,0.8885047184096037
19,25,2024-03-30,0.6779083602479018,0.9021628987098697
19,25,2024-04-06,0.712424688223851,0.9096990650715532
19,25,2024-04-13,0.7313588840113152,0.9110160131045171
19,25,2024-04-20,0.7337709176467889,0.9097813537574079
19,50,2023-11-04,0.47953373740875077,0.6513137106047227
19,50,2023-11-11,0.47750531441771454,0.6494767255119358
19,50,2023-11-18,0.46700463366151257,0.6472355121040395
19,50,2023-11-25,0.4702310358695587,0.6411946995568184
19,50,2023-12-02,0.4687061651859472,0.639796958892919
19,50,2023-12-09,0.4706709318229459,0.6442432480770923
19,50,2023-12-16,0.46075201684887784,0.6391647755602579
19,50,2023-12-23,0.47163179587471704,0.6291634239878171
19,50,2023-12-30,0.4713535187972637,0.6449585443450827
19,50,2024-01-06,0.4798716966275574,0.6642742992546634
19,50,2024-01-13,0.5026330337541008,0.6707097851205355
19,50,2024-01-20,0.5079711066009485,0.6672426328074694
19,50,2024-01-27,0.49695541789603936,0.6862142402075898
19,50,2024-02-03,0.5132065033593198,0.6958363464081458
19,50,2024-02-10,0.5169289483305207,0.746510707410522
19,50,2024-02-17,0.5754612591423397,0.788992968193138
19,50,2024-02-24,0.629536085097439,0.8227172606170643
19,50,2024-03-02,0.676663700501778,0.8464242076439511
19,50,2024-03-09,0.6903172305480989,0.8620377020049372
19,50,2024-03-16,0.7120064528167716,0.8721974882659247
19,50,2024-03-23,0.7283667127048088,0.8885047184096037
19,50,2024-03-30,0.7618393242071231,0.9021628987098697
19,50,2024-04-06,0.7926007117666978,0.9096990650715532
19,50,2024-04-13,0.8095405923046676,0.9110160131045171
19,50,2024-04-20,0.8166497876947127,0.9097813537574079
19,75,2023-11-04,0.533645529776073,0.6513137106047227
19,75,2023-11-11,0.52621992439244,0.6494767255119358
19,75,2023-11-18,0.5215884088062647,0.6472355121040395
19,75,2023-11-25,0.516815379863011,0.6411946995568184
19,75,2023-12-02,0.5162528403254698,0.639796958892919
19,75,2023-12-09,0.5254564772570952,0.6442432480770923
19,75,2023-12-16,0.5344390135402768,0.6391647755602579
19,75,2023-12-23,0.5386488731991566,0.6291634239878171
19,75,2023-12-30,0.5393736894486293,0.6449585443450827
19,75,2024-01-06,0.5606192550354884,0.6642742992546634
19,75,2024-01-13,0.5840204666742751,0.6707097851205355
19,75,2024-01-20,0.5878761458172842,0.6672426328074694
19,75,2024-01-27,0.5778401264009587,0.6862142402075898
19,75,2024-02-03,0.594244462647931,0.6958363464081458
19,75,2024-02-10,0.6041344508681193,0.746510707410522
19,75,2024-02-17,0.6654201837416284,0.788992968193138
19,75,2024-02-24,0.7122954650858736,0.8227172606170643
19,75,2024-03-02,0.7556430673347224,0.8464242076439511
19,75,2024-03-09,0.7693885824608829,0.8620377020049372
19,75,2024-03-16,0.7866549164381941,0.8721974882659247
19,75,2024-03-23,0.7989955500725002,0.8885047184096037
19,75,2024-03-30,0.8259597378432568,0.9021628987098697
19,75,2024-04-06,0.8484797055576931,0.9096990650715532
19,75,2024-04-13,0.8634710404870065,0.9110160131045171
19,75,2024-04-20,0.8669630521858523,0.9097813537574079
37,5,2023-11-04,0.4420934273111551,0.3589616271700887
37,5,2023-11-11,0.4026253648962656,0.35635700835639056
37,5,2023-11-18,0.5450932495106142,0.35170814236676345
37,5,2023-11-25,0.5461865758627322,0.35027041979954116
37,5,2023-12-02,0.5108034386026357,0.35699725100201307
37,5,2023-12-09,0.5031526220439962,0.369092315724368
37,5,2023-12-16,0.5320145418917622,0.3857107197809151
37,5,2023-12-23,0.5934903387472437,0.40626152317123926
37,5,2023-12-30,0.6000605901014636,0.39199190664518624
37,5,2024-01-06,0.6114287389413136,0.31329517944358304
37,5,2024-01-13,0.709137975767775,0.27577644103662935
37,5,2024-01-20,0.7450093358155553,0.3120596374392417
37,5,2024-01-27,0.6538199286460356,0.30614846802225776
37,5,2024-02-03,0.4913614044986531,0.33164647145605913
37,5,2024-02-10,0.42840859465141756,0.35912019561306496
37,5,2024-02-17,0.3727535204133285,0.36146165164228133
37,5,2024-02-24,0.35946655431953384,0.43316737287241847
37,5,2024-03-02,0.47723787154858305,0.49661176151155917
37,5,2024-03-09,0.5489317009983468,0.5355849329494997
37,5,2024-03-16,0.5850069420115315,0.5676374587312822
37,5,2024-03-23,0.6305920993843441,0.6117943356139403
37,5,2024-03-30,0.6779509842433409,0.6462927591216209
37,5,2024-04-06,0.7167893848669685,0.6430301586718176
37,5,2024-04-13,0.7340649740421726,0.5906979882958753
37,5,2024-04-20,0.7424747239559055,0.42586225376489306
37,15,2023-11-04,0.4333057269698508,0.3589616271700887
37,15,2023-11-11,0.37642732079791413,0.35635700835639056
37,15,2023-11-18,0.49670323747991524,0.35170814236676345
37,15,2023-11-25,0.5161884016383993,0.35027041979954116
37,15,2023-12-02,0.5055176016212217,0.35699725100201307
37,15,2023-12-09,0.5046242938580399,0.369092315724368
37,15,2023-12-16,0.5142380136605098,0.3857107197809151
37,15,2023-12-23,0.5460194181392907,0.40626152317123926
37,15,2023-12-30,0.5612069606975256,0.39199190664518624
37,15,2024-01-06,0.5756640782025936,0.31329517944358304
37,15,2024-01-13,0.6444804955710025,0.27577644103662935
37,15,2024-01-20,0.7573009377545229,0.3120596374392417
37,15,2024-01-27,0.702067981484352,0.30614846802225776
37,15,2024-02-03,0.5549220260726153,0.33164647145605913
37,15,2024-02-10,0.4578742937099839,0.35912019561306496
37,15,2024-02-17,0.3815325698362909,0.36146165164228133
37,15,2024-02-24,0.3085487442627606,0.43316737287241847
37,15,2024-03-02,0.35414199289536186,0.49661176151155917
37,15,2024-03-09,0.45102882342012257,0.5355849329494997
37,15,2024-03-16,0.5182068274564551,0.5676374587312822
37,15,2024-03-23,0.5813113577326338,0.6117943356139403
37,15,2024-03-30,0.6434121813262603,0.6462927591216209
37,15,2024-04-06,0.6984983631169841,0.6430301586718176
37,15,2024-04-13,0.7230409336705599,0.5906979882958753
37,15,2024-04-20,0.7230675475674364,0.42586225376489306
37,25,2023-11-04,0.42280083501378485,0.3589616271700887
37,25,2023-11-11,0.41597798801052416,0.35635700835639056
37,25,2023-11-18,0.4952689756744213,0.35170814236676345
37,25,2023-11-25,0.5144907348924607,0.35027041979954116
37,25,2023-12-02,0.5144385877343916,0.35699725100201307
37,25,2023-12-09,0.5337593293881653,0.369092315724368
37,25,2023-12-16,0.5554412175382336,0.3857107197809151
37,25,2023-12-23,0.5849100002789567,0.40626152317123926
37,25,2023-12-30,0.5610905629353081,0.39199190664518624
37,25,2024-01-06,0.5589737028060282,0.31329517944358304
37,25,2024-01-13,0.597249790326145,0.27577644103662935
37,25,2024-01-20,0.7366884832826972,0.3120596374392417
37,25,2024-01-27,0.8031449480079045,0.30614846802225776
37,25,2024-02-03,0.6764168922940823,0.33164647145605913
37,25,2024-02-10,0.4880599056313027,0.35912019561306496
37,25,2024-02-17,0.38270333160099873,0.36146165164228133
37,25,2024-02-24,0.2895413368818759,0.43316737287241847
37,25,2024-03-02,0.32121920537778526,0.49661176151155917
37,25,2024-03-09,0.4108532330512585,0.5355849329494997
37,25,2024-03-16,0.4810818917028182,0.5676374587312822
37,25,2024-03-23,0.5482192696290842,0.6117943356139403
37,25,2024-03-30,0.6237580685689148,0.6462927591216209
37,25,2024-04-06,0.6913991783489272,0.6430301586718176
37,25,2024-04-13,0.7157015774398174,0.5906979882958753
37,25,2024-04-20,0.7158862047405328,0.42586225376489306
37,50,2023-11-04,0.36077539551786836,0.3589616271700887
37,50,2023-11-11,0.399328622985208,0.35635700835639056
37,50,2023-11-18,0.45805933208612354,0.35170814236676345
37,50,2023-11-25,0.47808450817064524,0.35027041979954116
37,50,2023-12-02,0.471402659827666,0.35699725100201307
37,50,2023-12-09,0.4864991355557674,0.369092315724368
37,50,2023-12-16,0.5006911634040591,0.3857107197809151
37,50,2023-12-23,0.5313670573421558,0.40626152317123926
37,50,2023-12-30,0.5558434247533363,0.39199190664518624
37,50,2024-01-06,0.5584120813815141,0.31329517944358304
37,50,2024-01-13,0.5393068437477708,0.27577644103662935
37,50,2024-01-20,0.5993984196524939,0.3120596374392417
37,50,2024-01-27,0.691977934617198,0.30614846802225776
37,50,2024-02-03,0.639359114267238,0.33164647145605913
37,50,2024-02-10,0.5850975877180958,0.35912019561306496
37,50,2024-02-17,0.41891505666495826,0.36146165164228133
37,50,2024-02-24,0.23357515229824852,0.43316737287241847
37,50,2024-03-02,0.24551444173494802,0.49661176151155917
37,50,2024-03-09,0.3380526356223724,0.5355849329494997
37,50,2024-03-16,0.42358357526219337,0.5676374587312822
37,50,2024-03-23,0.505233907359536,0.6117943356139403
37,50,2024-03-30,0.5892236499782846,0.6462927591216209
37,50,2024-04-06,0.6541192067266524,0.6430301586718176
37,50,2024-04-13,0.6833362326495841,0.5906979882958753
37,50,2024-04-20,0.6900269546984491,0.42586225376489306
37,75,2023-11-04,0.35575637808849453,0.3589616271700887
37,75,2023-11-11,0.3980541882853848,0.35635700835639056
37,75,2023-11-18,0.43030032446402644,0.35170814236676345
37,75,2023-11-25,0.42668775448534174,0.35027041979954116
37,75,2023-12-02,0.4233741564963754,0.35699725100201307
37,75,2023-12-09,0.4251860420076153,0.369092315724368
37,75,2023-12-16,0.42729896620985863,0.3857107197809151
37,75,2023-12-23,0.43625526652168395,0.40626152317123926
37,75,2023-12-30,0.4460739235342081,0.39199190664518624
37,75,2024-01-06,0.4363763228428973,0.31329517944358304
37,75,2024-01-13,0.37254024067717983,0.27577644103662935
37,75,2024-01-20,0.35571046369792014,0.3120596374392417
37,75,2024-01-27,0.4340743819502907,0.30614846802225776
37,75,2024-02-03,0.3993426139052269,0.33164647145605913
37,75,2024-02-10,0.37288343727799006,0.35912019561306496
37,75,2024-02-17,0.32870088393756675,0.36146165164228133
37,75,2024-02-24,0.26952771264877334,0.43316737287241847
37,75,2024-03-02,0.29846530226405066,0.49661176151155917
37,75,2024-03-09,0.3858122186442858,0.5355849329494997
37,75,2024-03-16,0.4441509786209101,0.5676374587312822
37,75,2024-03-23,0.49526702728609545,0.6117943356139403
37,75,2024-03-30,0.5615040550257918,0.6462927591216209
37,75,2024-04-06,0.6203377676437022,0.6430301586718176
37,75,2024-04-13,0.6477836672294561,0.5906979882958753
37,75,2024-04-20,0.6541189549244928,0.42586225376489306
54,5,2023-11-04,0.7212187488965537,0.870229045139716
54,5,2023-11-11,0.7678086532809337,0.8605775951919389
54,5,2023-11-18,0.742290021837226,0.854078650269948
54,5,2023-11-25,0.7416657029619491,0.8413225623219601
54,5,2023-12-02,0.6672836841580154,0.8289870120720383
54,5,2023-12-09,0.6336470608571116,0.8153666230931078
54,5,2023-12-16,0.6208752388272986,0.7979589186172429
54,5,2023-12-23,0.6123599315067583,0.7909308623658325
54,5,2023-12-30,0.50183337673573,0.8136805158423663
54,5,2024-01-06,0.43628758386441635,0.8257413907879191
54,5,2024-01-13,0.41762932728840313,0.8340052336046315
54,5,2024-01-20,0.4062638424471616,0.8430152950894604
54,5,2024-01-27,0.3996509375185174,0.8518519255694904
54,5,2024-02-03,0.4182950327218434,0.8625885150323711
54,5,2024-02-10,0.44576110761557436,0.8745106250247064
54,5,2024-02-17,0.4716188004241273,0.8864457706331837
54,5,2024-02-24,0.4942430918484387,0.8913196580546092
54,5,2024-03-02,0.5254198241492447,0.8969986827099625
54,5,2024-03-09,0.49576455199853603,0.8964152900442114
54,5,2024-03-16,0.49300142592991747,0.8966643406462663
54,5,2024-03-23,0.45072152040648716,0.9018191746106886
54,5,2024-03-30,0.4713314692727377,0.9062626821222834
54,5,2024-04-06,0.5014616971104969,0.9056548911809061
54,5,2024-04-13,0.4868254456893366,0.8741414056240574
54,5,2024-04-20,0.15056877823930004,0.8875119574655195
54,15,2023-11-04,0.7850851825330538,0.870229045139716
54,15,2023-11-11,0.7756392634715737,0.8605775951919389
54,15,2023-11-18,0.7552012789385802,0.854078650269948
54,15,2023-11-25,0.7511172200938248,0.8413225623219601
54,15,2023-12-02,0.7264172858097633,0.8289870120720383
54,15,2023-12-09,0.6970539347302699,0.8153666230931078
54,15,2023-12-16,0.6863938737007199,0.7979589186172429
54,15,2023-12-23,0.6448718266815178,0.7909308623658325
54,15,2023-12-30,0.6070369448646231,0.8136805158423663
54,15,2024-01-06,0.537825256915661,0.8257413907879191
54,15,2024-01-13,0.47171239831028083,0.8340052336046315
54,15,2024-01-20,0.40771307585396593,0.8430152950894604
54,15,2024-01-27,0.39130598716856513,0.8518519255694904
54,15,2024-02-03,0.40113739876947074,0.8625885150323711
54,15,2024-02-10,0.4284081954282737,0.8745106250247064
54,15,2024-02-17,0.46727458300550145,0.8864457706331837
54,15,2024-02-24,0.5043954271396235,0.8913196580546092
54,15,2024-03-02,0.5353749009263975,0.8969986827099625
54,15,2024-03-09,0.5728346784495258,0.8964152900442114
54,15,2024-03-16,0.5932349876312664,0.8966643406462663
54,15,2024-03-23,0.6091998332321314,0.9018191746106886
54,15,2024-03-30,0.6465082047915697,0.9062626821222834
54,15,2024-04-06,0.6798932249147986,0.9056548911809061
54,15,2024-04-13,0.68535313632088,0.8741414056240574
54,15,2024-04-20,0.49367230224454095,0.8875119574655195
54,25,2023-11-04,0.7645017048623444,0.870229045139716
54,25,2023-11-11,0.7621220352979569,0.8605775951919389
54,25,2023-11-18,0.7765881078708686,0.854078650269948
54,25,2023-11-25,0.7634289420424542,0.8413225623219601
54,25,2023-12-02,0.7376236444404105,0.8289870120720383
54,25,2023-12-09,0.7200467368419847,0.8153666230931078
54,25,2023-12-16,0.7003545121418535,0.7979589186172429
54,25,2023-12-23,0.6734419742381396,0.7909308623658325
54,25,2023-12-30,0.6312638326859786,0.8136805158423663
54,25,2024-01-06,0.5814829910468738,0.8257413907879191
54,25,2024-01-13,0.5116735820680319,0.8340052336046315
54,25,2024-01-20,0.43781483848078784,0.8430152950894604
54,25,2024-01-27,0.4184404509989483,0.8518519255694904
54,25,2024-02-03,0.43490765092620415,0.8625885150323711
54,25,2024-02-10,0.47835374844569223,0.8745106250247064
54,25,2024-02-17,0.5294880524843104,0.8864457706331837
54,25,2024-02-24,0.5717855134862773,0.8913196580546092
54,25,2024-03-02,0.5920859312341518,0.8969986827099625
54,25,2024-03-09,0.6164737738006616,0.8964152900442114
54,25,2024-03-16,0.6317874420265244,0.8966643406462663
54,25,2024-03-23,0.646286584220194,0.9018191746106886
54,25,2024-03-30,0.6859386023040664,0.9062626821222834
54,25,2024-04-06,0.717883231327659,0.9056548911809061
54,25,2024-04-13,0.7293855461159192,0.8741414056240574
54,25,2024-04-20,0.5749729854110913,0.8875119574655195
54,50,2023-11-04,0.7120682997277226,0.870229045139716
54,50,2023-11-11,0.7238474636712711,0.8605775951919389
54,50,2023-11-18,0.7322025597876632,0.854078650269948
54,50,2023-11-25,0.730915741677903,0.8413225623219601
54,50,2023-12-02,0.7195547167853845,0.8289870120720383
54,50,2023-12-09,0.7043083644129657,0.8153666230931078
54,50,2023-12-16,0.6865808701665413,0.7979589186172429
54,50,2023-12-23,0.664099245334856,0.7909308623658325
54,50,2023-12-30,0.6479352879868534,0.8136805158423663
54,50,2024-01-06,0.6489491639923661,0.8257413907879191
54,50,2024-01-13,0.6278194050226755,0.8340052336046315
54,50,2024-01-20,0.5913713122396896,0.8430152950894604
54,50,2024-01-27,0.5943193168073694,0.8518519255694904
54,50,2024-02-03,0.6031610669532654,0.8625885150323711
54,50,2024-02-10,0.6223981863885572,0.8745106250247064
54,50,2024-02-17,0.6547471172702082,0.8864457706331837
54,50,2024-02-24,0.6759148920302768,0.8913196580546092
54,50,2024-03-02,0.6918483836471305,0.8969986827099625
54,50,2024-03-09,0.7084938468635572,0.8964152900442114
54,50,2024-03-16,0.7111706660945467,0.8966643406462663
54,50,2024-03-23,0.7193043066610558,0.9018191746106886
54,50,2024-03-30,0.7410860143193788,0.9062626821222834
54,50,2024-04-06,0.7569548552346927,0.9056548911809061
54,50,2024-04-13,0.7703037751742127,0.8741414056240574
54,50,2024-04-20,0.6238701576348723,0.8875119574655195
54,75,2023-11-04,0.7763251541563585,0.870229045139716
54,75,2023-11-11,0.7696882047510349,0.8605775951919389
54,75,2023-11-18,0.7722696757859229,0.854078650269948
54,75,2023-11-25,0.7699546458829309,0.8413225623219601
54,75,2023-12-02,0.7648100811398018,0.8289870120720383
54,75,2023-12-09,0.7581894278710033,0.8153666230931078
54,75,2023-12-16,0.740913938272928,0.7979589186172429
54,75,2023-12-23,0.7197012890468385,0.7909308623658325
54,75,2023-12-30,0.7050585591827742,0.8136805158423663
54,75,2024-01-06,0.7190660194179058,0.8257413907879191
54,75,2024-01-13,0.725843156216309,0.8340052336046315
54,75,2024-01-20,0.730339190924142,0.8430152950894604
54,75,2024-01-27,0.7406558629428355,0.8518519255694904
54,75,2024-02-03,0.7529549536277128,0.8625885150323711
54,75,2024-02-10,0.7677190904576158,0.8745106250247064
54,75,2024-02-17,0.78900806558915,0.8864457706331837
54,75,2024-02-24,0.8067058569182152,0.8913196580546092
54,75,2024-03-02,0.8135386960632477,0.8969986827099625
54,75,2024-03-09,0.8265266351633763,0.8964152900442114
54,75,2024-03-16,0.824091357844868,0.8966643406462663
54,75,2024-03-23,0.8263825902917837,0.9018191746106886
54,75,2024-03-30,0.8354276252362023,0.9062626821222834
54,75,2024-04-06,0.847344937331097,0.9056548911809061
54,75,2024-04-13,0.8504271128239326,0.8741414056240574
54,75,2024-04-20,0.7518987530605069,0.8875119574655195
55,5,2023-11-04,0.4181438839670243,0.42954880825366426
55,5,2023-11-11,0.49024036713943236,0.4284496727383379
55,5,2023-11-18,0.45453955860778644,0.42699840801912586
55,5,2023-11-25,0.39969090380203565,0.4205669476476975
55,5,2023-12-02,0.3639119362672036,0.4169206775768319
55,5,2023-12-09,0.4535282507678447,0.4171334438102878
55,5,2023-12-16,0.5599048732982564,0.424012243633134
55,5,2023-12-23,0.5581541268345721,0.42912651642895827
55,5,2023-12-30,0.547804588388174,0.45480385606711055
55,5,2024-01-06,0.6549349730633935,0.4701944243418928
55,5,2024-01-13,0.6049099345389695,0.5055260375999064
55,5,2024-01-20,0.6251545189797034,0.5496876037861012
55,5,2024-01-27,0.5579113990870183,0.5734611203907377
55,5,2024-02-03,0.42852834694277453,0.574811438307289
55,5,2024-02-10,0.28991130299279216,0.6218263143184499
55,5,2024-02-17,0.37279827543190397,0.6805714957589476
55,5,2024-02-24,0.4785383121953843,0.7249800350319777
55,5,2024-03-02,0.5837726998641156,0.7583922854327124
55,5,2024-03-09,0.5766528666784861,0.7862325968274245
55,5,2024-03-16,0.5633936106554148,0.8063493521914116
55,5,2024-03-23,0.5693419066531581,0.8198450100026838
55,5,2024-03-30,0.46044574181768977,0.8407526983650312
55,5,2024-04-06,0.4912875551901601,0.8551529293282017
55,5,2024-04-13,0.4797210398696768,0.8456557599627677
55,5,2024-04-20,0.41294240486594025,0.8432691144146935
55,15,2023-11-04,0.4025478605444308,0.42954880825366426
55,15,2023-11-11,0.3928341229500898,0.4284496727383379
55,15,2023-11-18,0.44266226557314464,0.42699840801912586
55,15,2023-11-25,0.37592409367336393,0.4205669476476975
55,15,2023-12-02,0.37293897402703596,0.4169206775768319
55,15,2023-12-09,0.4014485090794046,0.4171334438102878
55,15,2023-12-16,0.48112850611385993,0.424012243633134
55,15,2023-12-23,0.49709322526485306,0.42912651642895827
55,15,2023-12-30,0.5181147975392262,0.45480385606711055
55,15,2024-01-06,0.609217752804965,0.4701944243418928
55,15,2024-01-13,0.5868464656313244,0.5055260375999064
55,15,2024-01-20,0.6067439393000976,0.5496876037861012
55,15,2024-01-27,0.6056344083862207,0.5734611203907377
55,15,2024-02-03,0.49132292592728966,0.574811438307289
55,15,2024-02-10,0.37896547139775194,0.6218263143184499
55,15,2024-02-17,0.34835580018523277,0.6805714957589476
55,15,2024-02-24,0.3666529008744155,0.7249800350319777
55,15,2024-03-02,0.47264228116189627,0.7583922854327124
55,15,2024-03-09,0.4654691423716659,0.7862325968274245
55,15,2024-03-16,0.48870847386462013,0.8063493521914116
55,15,2024-03-23,0.4499693419833638,0.8198450100026838
55,15,2024-03-30,0.49050455216297006,0.8407526983650312
55,15,2024-04-06,0.536103581410382,0.8551529293282017
55,15,2024-04-13,0.5612417508073906,0.8456557599627677
55,15,2024-04-20,0.5145329727265455,0.8432691144146935
55,25,2023-11-04,0.38845309116875815,0.42954880825366426
55,25,2023-11-11,0.3795229142419316,0.4284496727383379
55,25,2023-11-18,0.4082212359642439,0.42699840801912586
55,25,2023-11-25,0.36735580775853505,0.4205669476476975
55,25,2023-12-02,0.3733189062087468,0.4169206775768319
55,25,2023-12-09,0.3945119521782553,0.4171334438102878
55,25,2023-12-16,0.43518309871257954,0.424012243633134
55,25,2023-12-23,0.4440562971757891,0.42912651642895827
55,25,2023-12-30,0.4617014989967119,0.45480385606711055
55,25,2024-01-06,0.5353408316207668,0.4701944243418928
55,25,2024-01-13,0.542038635605169,0.5055260375999064
55,25,2024-01-20,0.5526902334327211,0.5496876037861012
55,25,2024-01-27,0.5644272217608156,0.5734611203907377
55,25,2024-02-03,0.48147093300554117,0.574811438307289
55,25,2024-02-10,0.35967433372844304,0.6218263143184499
55,25,2024-02-17,0.33016315473424707,0.6805714957589476
55,25,2024-02-24,0.3614161076971434,0.7249800350319777
55,25,2024-03-02,0.47071080738313015,0.7583922854327124
55,25,2024-03-09,0.4879125732928038,0.7862325968274245
55,25,2024-03-16,0.5318266125193662,0.8063493521914116
55,25,2024-03-23,0.5629048136559989,0.8198450100026838
55,25,2024-03-30,0.5873284221542684,0.8407526983650312
55,25,2024-04-06,0.6156052302159372,0.8551529293282017
55,25,2024-04-13,0.6496294700020525,0.8456557599627677
55,25,2024-04-20,0.6172275433596273,0.8432691144146935
55,50,2023-11-04,0.3901165848654161,0.42954880825366426
55,50,2023-11-11,0.36133733648159877,0.4284496727383379
55,50,2023-11-18,0.3594673375864781,0.42699840801912586
55,50,2023-11-25,0.376411925501176,0.4205669476476975
55,50,2023-12-02,0.3707176620373976,0.4169206775768319
55,50,2023-12-09,0.3711549005448432,0.4171334438102878
55,50,2023-12-16,0.36835440262050434,0.424012243633134
55,50,2023-12-23,0.37464499494753223,0.42912651642895827
55,50,2023-12-30,0.38125690321085565,0.45480385606711055
55,50,2024-01-06,0.39159316324543075,0.4701944243418928
55,50,2024-01-13,0.38730896534187664,0.5055260375999064
55,50,2024-01-20,0.4031572166652934,0.5496876037861012
55,50,2024-01-27,0.41784440023155844,0.5734611203907377
55,50,2024-02-03,0.42015169811990444,0.574811438307289
55,50,2024-02-10,0.394881436442329,0.6218263143184499
55,50,2024-02-17,0.42516185051971667,0.6805714957589476
55,50,2024-02-24,0.49627855544789823,0.7249800350319777
55,50,2024-03-02,0.5630678495833219,0.7583922854327124
55,50,2024-03-09,0.5857730459778685,0.7862325968274245
55,50,2024-03-16,0.6207137866342615,0.8063493521914116
55,50,2024-03-23,0.6447532712430903,0.8198450100026838
55,50,2024-03-30,0.6683812841603991,0.8407526983650312
55,50,2024-04-06,0.7092343651072329,0.8551529293282017
55,50,2024-04-13,0.7513443344730456,0.8456557599627677
55,50,2024-04-20,0.7318060217402143,0.8432691144146935
55,75,2023-11-04,0.37506498461297394,0.42954880825366426
55,75,2023-11-11,0.37518814226557684,0.4284496727383379
55,75,2023-11-18,0.3781710876791356,0.42699840801912586
55,75,2023-11-25,0.37862276450567417,0.4205669476476975
55,75,2023-12-02,0.37643333332992646,0.4169206775768319
55,75,2023-12-09,0.37693194552669324,0.4171334438102878
55,75,2023-12-16,0.3794893352473147,0.424012243633134
55,75,2023-12-23,0.3834281155999208,0.42912651642895827
55,75,2023-12-30,0.3966341341272717,0.45480385606711055
55,75,2024-01-06,0.4099483541137248,0.4701944243418928
55,75,2024-01-13,0.4130246825902196,0.5055260375999064
55,75,2024-01-20,0.44343517067021443,0.5496876037861012
55,75,2024-01-27,0.4880436046198939,0.5734611203907377
55,75,2024-02-03,0.4888204641529822,0.574811438307289
55,75,2024-02-10,0.4683334918491659,0.6218263143184499
55,75,2024-02-17,0.5019195939029052,0.6805714957589476
55,75,2024-02-24,0.5707433171467864,0.7249800350319777
55,75,2024-03-02,0.6322576463817022,0.7583922854327124
55,75,2024-03-09,0.6572155965199602,0.7862325968274245
55,75,2024-03-16,0.6922219411474833,0.8063493521914116
55,75,2024-03-23,0.7168902898674249,0.8198450100026838
55,75,2024-03-30,0.7329893046165586,0.8407526983650312
55,75,2024-04-06,0.7685297408223237,0.8551529293282017
55,75,2024-04-13,0.8021919440559703,0.8456557599627677
55,75,2024-04-20,0.7844277309460338,0.8432691144146935
53,5,2023-11-04,0.6134277565640907,0.8540379059310036
53,5,2023-11-11,0.553726074836284,0.8293805827703218
53,5,2023-11-18,0.49995381602933386,0.7919277770625197
53,5,2023-11-25,0.5285377450329817,0.7499282549557251
53,5,2023-12-02,0.5013680875072202,0.6867563892462469
53,5,2023-12-09,0.5468285398214001,0.6201660447248156
53,5,2023-12-16,0.7435710037865956,0.5205327304800466
53,5,2023-12-23,0.7831755074184619,0.426487199820287
53,5,2023-12-30,0.9675452221230854,0.369471727856543
53,5,2024-01-06,1.0700637512161777,0.3864541308949215
53,5,2024-01-13,1.180619982768782,0.4254214661694978
53,5,2024-01-20,1.2427505760489888,0.43458963178050425
53,5,2024-01-27,1.1837089117099988,0.4475065283714951
53,5,2024-02-03,0.9817116974091157,0.4591472778844037
53,5,2024-02-10,0.7199038317907658,0.4868876310135329
53,5,2024-02-17,0.4185480639540139,0.5041729916527015
53,5,2024-02-24,0.28683707710260065,0.546570891682286
53,5,2024-03-02,0.22067879403655508,0.5894654375383496
53,5,2024-03-09,0.34652103453055855,0.6398303942762392
53,5,2024-03-16,0.42537644679994263,0.6934304265716977
53,5,2024-03-23,0.4920934886982544,0.7078423084792721
53,5,2024-03-30,0.5152226359176095,0.7074032082159448
53,5,2024-04-06,0.5208604021054525,0.7234933677819828
53,5,2024-04-13,0.543850972705773,0.7430188981282851
53,5,2024-04-20,0.5894555536204071,0.750457389100961
53,15,2023-11-04,0.5659030630491941,0.8540379059310036
53,15,2023-11-11,0.5655581421735241,0.8293805827703218
53,15,2023-11-18,0.47744841401456767,0.7919277770625197
53,15,2023-11-25,0.4999223638791001,0.7499282549557251
53,15,2023-12-02,0.4342706518051819,0.6867563892462469
53,15,2023-12-09,0.492912063406498,0.6201660447248156
53,15,2023-12-16,0.5173050979779732,0.5205327304800466
53,15,2023-12-23,0.5809617351903245,0.426487199820287
53,15,2023-12-30,0.6832754487761719,0.369471727856543
53,15,2024-01-06,0.7397854591238362,0.3864541308949215
53,15,2024-01-13,0.8319587946445164,0.4254214661694978
53,15,2024-01-20,0.8813922955055804,0.43458963178050425
53,15,2024-01-27,0.8110430617476244,0.4475065283714951
53,15,2024-02-03,0.6485474895445943,0.4591472778844037
53,15,2024-02-10,0.5079255446037362,0.4868876310135329
53,15,2024-02-17,0.4017018474105804,0.5041729916527015
53,15,2024-02-24,0.30655771897169787,0.546570891682286
53,15,2024-03-02,0.2797687697883983,0.5894654375383496
53,15,2024-03-09,0.3305339763861927,0.6398303942762392
53,15,2024-03-16,0.4019423219813964,0.6934304265716977
53,15,2024-03-23,0.4687729656174117,0.7078423084792721
53,15,2024-03-30,0.4854993704793626,0.7074032082159448
53,15,2024-04-06,0.4696228698428063,0.7234933677819828
53,15,2024-04-13,0.49615335226864,0.7430188981282851
53,15,2024-04-20,0.5574989541647357,0.750457389100961
53,25,2023-11-04,0.6352485825475044,0.8540379059310036
53,25,2023-11-11,0.5533969780662321,0.8293805827703218
53,25,2023-11-18,0.4531915049576813,0.7919277770625197
53,25,2023-11-25,0.5032065924865177,0.7499282549557251
53,25,2023-12-02,0.4303309308146841,0.6867563892462469
53,25,2023-12-09,0.4525305728714091,0.6201660447248156
53,25,2023-12-16,0.4639765558354118,0.5205327304800466
53,25,2023-12-23,0.4917233820051136,0.426487199820287
53,25,2023-12-30,0.5442869382526923,0.369471727856543
53,25,2024-01-06,0.5805122856522698,0.3864541308949215
53,25,2024-01-13,0.6501737386039044,0.4254214661694978
53,25,2024-01-20,0.6908218318809667,0.43458963178050425
53,25,2024-01-27,0.6660750128008458,0.4475065283714951
53,25,2024-02-03,0.5563351825910757,0.4591472778844037
53,25,2024-02-10,0.46198032248183135,0.4868876310135329
53,25,2024-02-17,0.3572814461489116,0.5041729916527015
53,25,2024-02-24,0.3016314769629327,0.546570891682286
53,25,2024-03-02,0.29487861012785876,0.5894654375383496
53,25,2024-03-09,0.3411657320660711,0.6398303942762392
53,25,2024-03-16,0.4128220806644339,0.6934304265716977
53,25,2024-03-23,0.48305819408791045,0.7078423084792721
53,25,2024-03-30,0.5014852438588526,0.7074032082159448
53,25,2024-04-06,0.49681267177319366,0.7234933677819828
53,25,2024-04-13,0.522637630394794,0.7430188981282851
53,25,2024-04-20,0.5878481614539214,0.750457389100961
53,50,2023-11-04,0.6555199058207747,0.8540379059310036
53,50,2023-11-11,0.5397598440671353,0.8293805827703218
53,50,2023-11-18,0.45179047647004594,0.7919277770625197
53,50,2023-11-25,0.44166350800412646,0.7499282549557251
53,50,2023-12-02,0.42833713190773126,0.6867563892462469
53,50,2023-12-09,0.4102963949811018,0.6201660447248156
53,50,2023-12-16,0.41050250905010083,0.5205327304800466
53,50,2023-12-23,0.40101525702240925,0.426487199820287
53,50,2023-12-30,0.3894105789079242,0.369471727856543
53,50,2024-01-06,0.39659456412607635,0.3864541308949215
53,50,2024-01-13,0.44234112220785937,0.4254214661694978
53,50,2024-01-20,0.47450782279564935,0.43458963178050425
53,50,2024-01-27,0.45875925791699934,0.4475065283714951
53,50,2024-02-03,0.42981474569572853,0.4591472778844037
53,50,2024-02-10,0.38290454128359713,0.4868876310135329
53,50,2024-02-17,0.3648099170118271,0.5041729916527015
53,50,2024-02-24,0.36482429523357907,0.546570891682286
53,50,2024-03-02,0.3878058491399481,0.5894654375383496
53,50,2024-03-09,0.43929745655546604,0.6398303942762392
53,50,2024-03-16,0.5073676881430336,0.6934304265716977
53,50,2024-03-23,0.5777585124986763,0.7078423084792721
53,50,2024-03-30,0.593626464652609,0.7074032082159448
53,50,2024-04-06,0.5781263229366143,0.7234933677819828
53,50,2024-04-13,0.5976663230257495,0.7430188981282851
53,50,2024-04-20,0.6420007832331143,0.750457389100961
53,75,2023-11-04,0.6990887393858667,0.8540379059310036
53,75,2023-11-11,0.6548495754737275,0.8293805827703218
53,75,2023-11-18,0.6319793360841335,0.7919277770625197
53,75,2023-11-25,0.6136373832378549,0.7499282549557251
53,75,2023-12-02,0.5989353290675828,0.6867563892462469
53,75,2023-12-09,0.5755317074882145,0.6201660447248156
53,75,2023-12-16,0.5591164495204434,0.5205327304800466
53,75,2023-12-23,0.516744960874886,0.426487199820287
53,75,2023-12-30,0.46655974958908425,0.369471727856543
53,75,2024-01-06,0.42474826892861606,0.3864541308949215
53,75,2024-01-13,0.4295687048594495,0.4254214661694978
53,75,2024-01-20,0.4491905291316149,0.43458963178050425
53,75,2024-01-27,0.4369004553218407,0.4475065283714951
53,75,2024-02-03,0.42837564350589835,0.4591472778844037
53,75,2024-02-10,0.4192606814901423,0.4868876310135329
53,75,2024-02-17,0.43563524371046947,0.5041729916527015
53,75,2024-02-24,0.44635562074675367,0.546570891682286
53,75,2024-03-02,0.48779703965097865,0.5894654375383496
53,75,2024-03-09,0.5365389939558715,0.6398303942762392
53,75,2024-03-16,0.5978600264679254,0.6934304265716977
53,75,2024-03-23,0.6620688527262495,0.7078423084792721
53,75,2024-03-30,0.6758844831005085,0.7074032082159448
53,75,2024-04-06,0.6679850377139703,0.7234933677819828
53,75,2024-04-13,0.6863928650581753,0.7430188981282851
53,75,2024-04-20,0.7167049572412262,0.750457389100961
50,5,2023-11-04,0.6404882921509373,1.0266114169102447
50,5,2023-11-11,0.5877328334995828,0.9954464977317574
50,5,2023-11-18,0.5904932080917834,0.9610202686541996
50,5,2023-11-25,0.44575977029458347,0.9268689556167993
50,5,2023-12-02,0.48738776574661025,0.8691779336169624
50,5,2023-12-09,0.494151765231678,0.8027138694639782
50,5,2023-12-16,0.3890687552194662,0.7637500364313035
50,5,2023-12-23,0.38028451744877684,0.7362861071920801
50,5,2023-12-30,0.36879968587862505,0.7380774872583085
50,5,2024-01-06,0.3746503654781361,0.776857784988135
50,5,2024-01-13,0.3840780168879275,0.8118957819162614
50,5,2024-01-20,0.39248742919918633,0.8427722178070348
50,5,2024-01-27,0.42022084747510374,0.8688818270639599
50,5,2024-02-03,0.4339554811545903,0.8926309154420898
50,5,2024-02-10,0.47739173687070435,0.9136647506188861
50,5,2024-02-17,0.5060180694908236,0.9297904582195722
50,5,2024-02-24,0.5457055546729809,0.9431603955521908
50,5,2024-03-02,0.5752887570052421,0.9522066073320095
50,5,2024-03-09,0.6279580249143137,0.9577744762984801
50,5,2024-03-16,0.5434102259076862,0.961447498207085
50,5,2024-03-23,0.5175341283970804,0.9647144522244617
50,5,2024-03-30,0.5099966260157619,0.9687680148155724
50,5,2024-04-06,0.5623603799615033,0.9726082139099405
50,5,2024-04-13,0.6216447147992248,0.9794957402907275
50,5,2024-04-20,0.7551961671948088,0.979475769060887
50,15,2023-11-04,0.5675873029316083,1.0266114169102447
50,15,2023-11-11,0.5295410562375477,0.9954464977317574
50,15,2023-11-18,0.5491154902558371,0.9610202686541996
50,15,2023-11-25,0.5341256353401249,0.9268689556167993
50,15,2023-12-02,0.5373263328490113,0.8691779336169624
50,15,2023-12-09,0.5829709083922262,0.8027138694639782
50,15,2023-12-16,0.5094705170142851,0.7637500364313035
50,15,2023-12-23,0.48205998680853707,0.7362861071920801
50,15,2023-12-30,0.43461153733585395,0.7380774872583085
50,15,2024-01-06,0.3949863631769471,0.776857784988135
50,15,2024-01-13,0.4215608515827637,0.8118957819162614
50,15,2024-01-20,0.42000182790046153,0.8427722178070348
50,15,2024-01-27,0.4401734682316495,0.8688818270639599
50,15,2024-02-03,0.45137242706142416,0.8926309154420898
50,15,2024-02-10,0.5192479017742095,0.9136647506188861
50,15,2024-02-17,0.5597847301268201,0.9297904582195722
50,15,2024-02-24,0.6097528479003181,0.9431603955521908
50,15,2024-03-02,0.6334719940780701,0.9522066073320095
50,15,2024-03-09,0.6506403238910012,0.9577744762984801
50,15,2024-03-16,0.6282739618264733,0.961447498207085
50,15,2024-03-23,0.633754352872637,0.9647144522244617
50,15,2024-03-30,0.6543403647372238,0.9687680148155724
50,15,2024-04-06,0.6698351003139569,0.9726082139099405
50,15,2024-04-13,0.7314116113988716,0.9794957402907275
50,15,2024-04-20,0.8182972938283475,0.979475769060887
50,25,2023-11-04,0.5830677734504339,1.0266114169102447
50,25,2023-11-11,0.5426483657335469,0.9954464977317574
50,25,2023-11-18,0.5473935762427065,0.9610202686541996
50,25,2023-11-25,0.5963791001491334,0.9268689556167993
50,25,2023-12-02,0.6045152621600527,0.8691779336169624
50,25,2023-12-09,0.5973422206675721,0.8027138694639782
50,25,2023-12-16,0.5629176338147479,0.7637500364313035
50,25,2023-12-23,0.5158639937051758,0.7362861071920801
50,25,2023-12-30,0.47558802500323044,0.7380774872583085
50,25,2024-01-06,0.4452322303522359,0.776857784988135
50,25,2024-01-13,0.4727149355935259,0.8118957819162614
50,25,2024-01-20,0.48375612558027775,0.8427722178070348
50,25,2024-01-27,0.4933840024584064,0.8688818270639599
50,25,2024-02-03,0.510849324094722,0.8926309154420898
50,25,2024-02-10,0.5626059971934331,0.9136647506188861
50,25,2024-02-17,0.6388184545490051,0.9297904582195722
50,25,2024-02-24,0.678985784618769,0.9431603955521908
50,25,2024-03-02,0.6818544667180252,0.9522066073320095
50,25,2024-03-09,0.71271405624752,0.9577744762984801
50,25,2024-03-16,0.7180185284281053,0.961447498207085
50,25,2024-03-23,0.7180131339862427,0.9647144522244617
50,25,2024-03-30,0.7150001327048551,0.9687680148155724
50,25,2024-04-06,0.7477482945739822,0.9726082139099405
50,25,2024-04-13,0.7947998234015108,0.9794957402907275
50,25,2024-04-20,0.8668337879320712,0.979475769060887
50,50,2023-11-04,0.728654170281406,1.0266114169102447
50,50,2023-11-11,0.7209394191127363,0.9954464977317574
50,50,2023-11-18,0.7099382265722041,0.9610202686541996
50,50,2023-11-25,0.7164764369247072,0.9268689556167993
50,50,2023-12-02,0.7311884816712839,0.8691779336169624
50,50,2023-12-09,0.722082124104422,0.8027138694639782
50,50,2023-12-16,0.6870793901678888,0.7637500364313035
50,50,2023-12-23,0.6668308958803769,0.7362861071920801
50,50,2023-12-30,0.6353976874707064,0.7380774872583085
50,50,2024-01-06,0.6153073901679922,0.776857784988135
50,50,2024-01-13,0.6488977653737917,0.8118957819162614
50,50,2024-01-20,0.6690492723154838,0.8427722178070348
50,50,2024-01-27,0.6947710646359774,0.8688818270639599
50,50,2024-02-03,0.7219308334927542,0.8926309154420898
50,50,2024-02-10,0.7447753616111578,0.9136647506188861
50,50,2024-02-17,0.770975372545893,0.9297904582195722
50,50,2024-02-24,0.8022395831228315,0.9431603955521908
50,50,2024-03-02,0.8242191716232901,0.9522066073320095
50,50,2024-03-09,0.8391450907539326,0.9577744762984801
50,50,2024-03-16,0.8421240605784597,0.961447498207085
50,50,2024-03-23,0.841945380355657,0.9647144522244617
50,50,2024-03-30,0.8480791535163736,0.9687680148155724
50,50,2024-04-06,0.8650929723301584,0.9726082139099405
50,50,2024-04-13,0.8887384928884124,0.9794957402907275
50,50,2024-04-20,0.9288907049052094,0.979475769060887
50,75,2023-11-04,0.9141522854747524,1.0266114169102447
50,75,2023-11-11,0.8996714877214353,0.9954464977317574
50,75,2023-11-18,0.8858330059451033,0.9610202686541996
50,75,2023-11-25,0.868156839297518,0.9268689556167993
50,75,2023-12-02,0.8571804445950074,0.8691779336169624
50,75,2023-12-09,0.8208959756717661,0.8027138694639782
50,75,2023-12-16,0.765752365616765,0.7637500364313035
50,75,2023-12-23,0.7271658998854756,0.7362861071920801
50,75,2023-12-30,0.6979340143199402,0.7380774872583085
50,75,2024-01-06,0.6955101819397951,0.776857784988135
50,75,2024-01-13,0.7336961730207334,0.8118957819162614
50,75,2024-01-20,0.7636979695299942,0.8427722178070348
50,75,2024-01-27,0.7938874316167549,0.8688818270639599
50,75,2024-02-03,0.8225668531155099,0.8926309154420898
50,75,2024-02-10,0.8503435872896595,0.9136647506188861
50,75,2024-02-17,0.8759521953020659,0.9297904582195722
50,75,2024-02-24,0.8949700088328422,0.9431603955521908
50,75,2024-03-02,0.9112447466267499,0.9522066073320095
50,75,2024-03-09,0.9229604674545869,0.9577744762984801
50,75,2024-03-16,0.927355209656577,0.961447498207085
50,75,2024-03-23,0.9296109432985306,0.9647144522244617
50,75,2024-03-30,0.9316665354883924,0.9687680148155724
50,75,2024-04-06,0.9384875366812973,0.9726082139099405
50,75,2024-04-13,0.9457863734964269,0.9794957402907275
50,75,2024-04-20,0.9660918737737431,0.979475769060887
51,5,2023-11-04,0.6911182127602851,0.3497100050887516
51,5,2023-11-11,0.48721394472852536,0.3521654169975959
51,5,2023-11-18,0.3932079259627906,0.3543058937774712
51,5,2023-11-25,0.3860611191841492,0.35963681726560515
51,5,2023-12-02,0.36876390056092107,0.36691208677097964
51,5,2023-12-09,0.384075244564386,0.37494937057991085
51,5,2023-12-16,0.4143060101929525,0.377468646601169
51,5,2023-12-23,0.40504753680169386,0.3901899307802639
51,5,2023-12-30,0.41817941641449446,0.3983395940760349
51,5,2024-01-06,0.5301173311963685,0.36596495916841104
51,5,2024-01-13,0.563757421678201,0.37101633075369284
51,5,2024-01-20,0.5624669945737746,0.41157959246607634
51,5,2024-01-27,0.5170583985733281,0.45893776172573963
51,5,2024-02-03,0.471326499542885,0.5127117352667683
51,5,2024-02-10,0.4481835130947456,0.538844903194811
51,5,2024-02-17,0.4232395768983974,0.5867822105442901
51,5,2024-02-24,0.42813717500063825,0.6373792160390747
51,5,2024-03-02,0.5070254541443051,0.6754209025275949
51,5,2024-03-09,0.5628247497732565,0.7035026848494741
51,5,2024-03-16,0.6037355495572652,0.7236688225701895
51,5,2024-03-23,0.6394295649040611,0.7470952451164404
51,5,2024-03-30,0.6677306610365473,0.7680344911475905
51,5,2024-04-06,0.7030707010621431,0.7947136614784671
51,5,2024-04-13,0.7579636967407078,0.7816487023700212
51,5,2024-04-20,0.7425329807125609,0.769609537822073
51,15,2023-11-04,0.6411544678914072,0.3497100050887516
51,15,2023-11-11,0.4572746871475654,0.3521654169975959
51,15,2023-11-18,0.434985068527528,0.3543058937774712
51,15,2023-11-25,0.41410053435694577,0.35963681726560515
51,15,2023-12-02,0.3718274142466465,0.36691208677097964
51,15,2023-12-09,0.38724891587627597,0.37494937057991085
51,15,2023-12-16,0.4084470208378477,0.377468646601169
51,15,2023-12-23,0.41262380508352375,0.3901899307802639
51,15,2023-12-30,0.41098384049635567,0.3983395940760349
51,15,2024-01-06,0.46482894235757843,0.36596495916841104
51,15,2024-01-13,0.49610604546064346,0.37101633075369284
51,15,2024-01-20,0.5315717753621728,0.41157959246607634
51,15,2024-01-27,0.5285936068911242,0.45893776172573963
51,15,2024-02-03,0.5013283455499197,0.5127117352667683
51,15,2024-02-10,0.4520761710271629,0.538844903194811
51,15,2024-02-17,0.3915360293880636,0.5867822105442901
51,15,2024-02-24,0.3902412560654706,0.6373792160390747
51,15,2024-03-02,0.4495739521674267,0.6754209025275949
51,15,2024-03-09,0.5187437339413351,0.7035026848494741
51,15,2024-03-16,0.5690165311465959,0.7236688225701895
51,15,2024-03-23,0.616663344509464,0.7470952451164404
51,15,2024-03-30,0.6569847310860615,0.7680344911475905
51,15,2024-04-06,0.6944733736967555,0.7947136614784671
51,15,2024-04-13,0.7453364862276409,0.7816487023700212
51,15,2024-04-20,0.7263998524047082,0.769609537822073
51,25,2023-11-04,0.46808923933666047,0.3497100050887516
51,25,2023-11-11,0.42339950929142733,0.3521654169975959
51,25,2023-11-18,0.3863497368215953,0.3543058937774712
51,25,2023-11-25,0.38516798044670897,0.35963681726560515
51,25,2023-12-02,0.37841864869329056,0.36691208677097964
51,25,2023-12-09,0.383418667218733,0.37494937057991085
51,25,2023-12-16,0.3983122344781958,0.377468646601169
51,25,2023-12-23,0.4116530834784509,0.3901899307802639
51,25,2023-12-30,0.41253295773448334,0.3983395940760349
51,25,2024-01-06,0.42785498546800715,0.36596495916841104
51,25,2024-01-13,0.4496640060164922,0.37101633075369284
51,25,2024-01-20,0.5048943332411335,0.41157959246607634
51,25,2024-01-27,0.5362664949794791,0.45893776172573963
51,25,2024-02-03,0.5122530156656596,0.5127117352667683
51,25,2024-02-10,0.4595139821403583,0.538844903194811
51,25,2024-02-17,0.38952197030645985,0.5867822105442901
51,25,2024-02-24,0.3706587936108977,0.6373792160390747
51,25,2024-03-02,0.42038012714548634,0.6754209025275949
51,25,2024-03-09,0.49010772157083976,0.7035026848494741
51,25,2024-03-16,0.5411648269895732,0.7236688225701895
51,25,2024-03-23,0.5828050682539005,0.7470952451164404
51,25,2024-03-30,0.6303265547170586,0.7680344911475905
51,25,2024-04-06,0.672907714795613,0.7947136614784671
51,25,2024-04-13,0.7321840241829861,0.7816487023700212
51,25,2024-04-20,0.7123476731099883,0.769609537822073
51,50,2023-11-04,0.33579766462101845,0.3497100050887516
51,50,2023-11-11,0.3362306963634738,0.3521654169975959
51,50,2023-11-18,0.34591682798622475,0.3543058937774712
51,50,2023-11-25,0.3522565347628133,0.35963681726560515
51,50,2023-12-02,0.36258059737178466,0.36691208677097964
51,50,2023-12-09,0.36709488320678063,0.37494937057991085
51,50,2023-12-16,0.3814067489549169,0.377468646601169
51,50,2023-12-23,0.39689298570663856,0.3901899307802639
51,50,2023-12-30,0.4127012949102275,0.3983395940760349
51,50,2024-01-06,0.419604428223638,0.36596495916841104
51,50,2024-01-13,0.4050654549712898,0.37101633075369284
51,50,2024-01-20,0.43436944264447835,0.41157959246607634
51,50,2024-01-27,0.48522922431004284,0.45893776172573963
51,50,2024-02-03,0.47954296659231727,0.5127117352667683
51,50,2024-02-10,0.4454641639581026,0.538844903194811
51,50,2024-02-17,0.3838881491870789,0.5867822105442901
51,50,2024-02-24,0.3532812924487603,0.6373792160390747
51,50,2024-03-02,0.4110032870180355,0.6754209025275949
51,50,2024-03-09,0.48163693637852245,0.7035026848494741
51,50,2024-03-16,0.5337181366597553,0.7236688225701895
51,50,2024-03-23,0.5827850588997354,0.7470952451164404
51,50,2024-03-30,0.6298218441540964,0.7680344911475905
51,50,2024-04-06,0.6710030610149508,0.7947136614784671
51,50,2024-04-13,0.7272180623946805,0.7816487023700212
51,50,2024-04-20,0.7108767924747136,0.769609537822073
51,75,2023-11-04,0.3206781269769817,0.3497100050887516
51,75,2023-11-11,0.32265684114239007,0.3521654169975959
51,75,2023-11-18,0.33251708479338343,0.3543058937774712
51,75,2023-11-25,0.34499631493776917,0.35963681726560515
51,75,2023-12-02,0.35940795984698554,0.36691208677097964
51,75,2023-12-09,0.36520621611240117,0.37494937057991085
51,75,2023-12-16,0.3732356733533944,0.377468646601169
51,75,2023-12-23,0.3813718070836026,0.3901899307802639
51,75,2023-12-30,0.4009155629266404,0.3983395940760349
51,75,2024-01-06,0.40421394035040603,0.36596495916841104
51,75,2024-01-13,0.36412464438996883,0.37101633075369284
51,75,2024-01-20,0.36445721726675173,0.41157959246607634
51,75,2024-01-27,0.4145617689573787,0.45893776172573963
51,75,2024-02-03,0.4344214221034935,0.5127117352667683
51,75,2024-02-10,0.443657958645771,0.538844903194811
51,75,2024-02-17,0.42139402294162104,0.5867822105442901
51,75,2024-02-24,0.4369189041056546,0.6373792160390747
51,75,2024-03-02,0.5183095214143526,0.6754209025275949
51,75,2024-03-09,0.5793849992074879,0.7035026848494741
51,75,2024-03-16,0.617463722492368,0.7236688225701895
51,75,2024-03-23,0.6506889542199867,0.7470952451164404
51,75,2024-03-30,0.685878538836661,0.7680344911475905
51,75,2024-04-06,0.7171190921540069,0.7947136614784671
51,75,2024-04-13,0.7655225161082786,0.7816487023700212
51,75,2024-04-20,0.7503364205968964,0.769609537822073
49,5,2023-11-04,1.2250499992798238,1.3229917129354518
49,5,2023-11-11,1.3146864214509393,1.3199734096878222
49,5,2023-11-18,1.1150046720098095,1.2829641254556008
49,5,2023-11-25,1.034975710075965,1.233554764123051
49,5,2023-12-02,1.0164052275559476,1.174140718268698
49,5,2023-12-09,1.0161813194284286,1.120557539333748
49,5,2023-12-16,1.0680916192941503,1.0373046067227707
49,5,2023-12-23,1.1233211179285727,0.9482838489106931
49,5,2023-12-30,1.509767017597723,0.9695650049237442
49,5,2024-01-06,1.7709415477389956,1.0950255947280094
49,5,2024-01-13,2.1312763208394903,1.1580230895042736
49,5,2024-01-20,2.5924663179225518,1.1477255921814826
49,5,2024-01-27,2.7550981785678577,0.9997993467327138
49,5,2024-02-03,2.1759983177244484,0.9980100957992356
49,5,2024-02-10,2.0425875547596646,0.9291785536136786
49,5,2024-02-17,1.9812602366412664,0.7278085790950651
49,5,2024-02-24,1.649348622222419,0.6036305036787245
49,5,2024-03-02,1.3481195712234604,0.3577042302242595
49,5,2024-03-09,0.798462921202181,0.28589073895472356
49,5,2024-03-16,0.5470105133217259,0.22373693263527852
49,5,2024-03-23,0.37269132865319393,0.29675079134325316
49,5,2024-03-30,0.49061426909966893,0.41880261118866235
49,5,2024-04-06,0.5740028368101913,0.5717120905750659
49,5,2024-04-13,1.459278429444165,0.7322673827895709
49,5,2024-04-20,5.39518572981571,0.43417609442079114
49,15,2023-11-04,1.4288308307629403,1.3229917129354518
49,15,2023-11-11,1.306931326120288,1.3199734096878222
49,15,2023-11-18,1.1573595774872776,1.2829641254556008
49,15,2023-11-25,1.0905401576995717,1.233554764123051
49,15,2023-12-02,1.0486843226325255,1.174140718268698
49,15,2023-12-09,1.064359877686532,1.120557539333748
49,15,2023-12-16,1.1823080764483402,1.0373046067227707
49,15,2023-12-23,1.2428868082062703,0.9482838489106931
49,15,2023-12-30,1.5026997445450403,0.9695650049237442
49,15,2024-01-06,1.807911534114479,1.0950255947280094
49,15,2024-01-13,2.2363470446471907,1.1580230895042736
49,15,2024-01-20,2.585691820114063,1.1477255921814826
49,15,2024-01-27,2.6781043774334043,0.9997993467327138
49,15,2024-02-03,2.318525256782731,0.9980100957992356
49,15,2024-02-10,2.2066299213171394,0.9291785536136786
49,15,2024-02-17,1.9466319616768386,0.7278085790950651
49,15,2024-02-24,1.543328012525612,0.6036305036787245
49,15,2024-03-02,1.2248415840370084,0.3577042302242595
49,15,2024-03-09,0.7805933828290896,0.28589073895472356
49,15,2024-03-16,0.6062774882769718,0.22373693263527852
49,15,2024-03-23,0.5145660046567704,0.29675079134325316
49,15,2024-03-30,0.6158550151126542,0.41880261118866235
49,15,2024-04-06,0.7162816631991917,0.5717120905750659
49,15,2024-04-13,1.7186995653761785,0.7322673827895709
49,15,2024-04-20,5.66623731511672,0.43417609442079114
49,25,2023-11-04,1.4472930479250603,1.3229917129354518
49,25,2023-11-11,1.40372134068476,1.3199734096878222
49,25,2023-11-18,1.3502847168014085,1.2829641254556008
49,25,2023-11-25,1.2270832090465684,1.233554764123051
49,25,2023-12-02,1.1882911643707303,1.174140718268698
49,25,2023-12-09,1.2216506595930832,1.120557539333748
49,25,2023-12-16,1.2608556837566423,1.0373046067227707
49,25,2023-12-23,1.2832070663387443,0.9482838489106931
49,25,2023-12-30,1.4699546340393914,0.9695650049237442
49,25,2024-01-06,1.731660903648452,1.0950255947280094
49,25,2024-01-13,2.161315428857835,1.1580230895042736
49,25,2024-01-20,2.4744008045134125,1.1477255921814826
49,25,2024-01-27,2.4921240170601853,0.9997993467327138
49,25,2024-02-03,2.254397400230733,0.9980100957992356
49,25,2024-02-10,2.1708137310587423,0.9291785536136786
49,25,2024-02-17,1.8209255687479866,0.7278085790950651
49,25,2024-02-24,1.5058922196807976,0.6036305036787245
49,25,2024-03-02,1.2621406889404025,0.3577042302242595
49,25,2024-03-09,0.8098051754483706,0.28589073895472356
49,25,2024-03-16,0.6628915733404492,0.22373693263527852
49,25,2024-03-23,0.522295719052577,0.29675079134325316
49,25,2024-03-30,0.6067599121854597,0.41880261118866235
49,25,2024-04-06,0.6943138687363977,0.5717120905750659
49,25,2024-04-13,1.655788909031152,0.7322673827895709
49,25,2024-04-20,5.6637251625189,0.43417609442079114
49,50,2023-11-04,1.5397894768479827,1.3229917129354518
49,50,2023-11-11,1.5283605265043785,1.3199734096878222
49,50,2023-11-18,1.4299473532066593,1.2829641254556008
49,50,2023-11-25,1.3712471717411434,1.233554764123051
49,50,2023-12-02,1.3413627175073215,1.174140718268698
49,50,2023-12-09,1.3240741503294997,1.120557539333748
49,50,2023-12-16,1.3208850874401672,1.0373046067227707
49,50,2023-12-23,1.308159714369511,0.9482838489106931
49,50,2023-12-30,1.3245194169579602,0.9695650049237442
49,50,2024-01-06,1.5026709659250557,1.0950255947280094
49,50,2024-01-13,1.8255561445499147,1.1580230895042736
49,50,2024-01-20,2.0440986028152617,1.1477255921814826
49,50,2024-01-27,2.060065297939086,0.9997993467327138
49,50,2024-02-03,1.8220520167321652,0.9980100957992356
49,50,2024-02-10,1.73381232533169,0.9291785536136786
49,50,2024-02-17,1.5215646228945612,0.7278085790950651
49,50,2024-02-24,1.1357281671139816,0.6036305036787245
49,50,2024-03-02,0.9007183184523315,0.3577042302242595
49,50,2024-03-09,0.5408568399120086,0.28589073895472356
49,50,2024-03-16,0.40119500836468647,0.22373693263527852
49,50,2024-03-23,0.2787895998723759,0.29675079134325316
49,50,2024-03-30,0.3706411829481249,0.41880261118866235
49,50,2024-04-06,0.475223377793667,0.5717120905750659
49,50,2024-04-13,1.288242115348935,0.7322673827895709
49,50,2024-04-20,4.71844146471112,0.43417609442079114
49,75,2023-11-04,1.4459328751168552,1.3229917129354518
49,75,2023-11-11,1.427209898157809,1.3199734096878222
49,75,2023-11-18,1.393795763338092,1.2829641254556008
49,75,2023-11-25,1.3685429006499135,1.233554764123051
49,75,2023-12-02,1.3339242695045137,1.174140718268698
49,75,2023-12-09,1.296084734959832,1.120557539333748
49,75,2023-12-16,1.2689345300520682,1.0373046067227707
49,75,2023-12-23,1.2046041580123574,0.9482838489106931
49,75,2023-12-30,1.1564569971715986,0.9695650049237442
49,75,2024-01-06,1.2553013576016205,1.0950255947280094
49,75,2024-01-13,1.472361174533097,1.1580230895042736
49,75,2024-01-20,1.6154313565499685,1.1477255921814826
49,75,2024-01-27,1.610078421886969,0.9997993467327138
49,75,2024-02-03,1.4001001164917315,0.9980100957992356
49,75,2024-02-10,1.3583428346900464,0.9291785536136786
49,75,2024-02-17,1.2521101089795683,0.7278085790950651
49,75,2024-02-24,0.9637774261760473,0.6036305036787245
49,75,2024-03-02,0.7824438295862212,0.3577042302242595
49,75,2024-03-09,0.4549608498730261,0.28589073895472356
49,75,2024-03-16,0.334017152531817,0.22373693263527852
49,75,2024-03-23,0.2227639382342215,0.29675079134325316
49,75,2024-03-30,0.31975778569439545,0.41880261118866235
49,75,2024-04-06,0.4584625699739795,0.5717120905750659
49,75,2024-04-13,1.1227082008997367,0.7322673827895709
49,75,2024-04-20,4.2852668788149,0.43417609442079114
48,5,2023-11-04,0.5920811280026741,0.25487878199480657
48,5,2023-11-11,0.6166931343988736,0.24995013505126965
48,5,2023-11-18,0.5038668698914751,0.24438548333295299
48,5,2023-11-25,0.4222288256466408,0.24182146386367126
48,5,2023-12-02,0.3520852388413632,0.2394373137532478
48,5,2023-12-09,0.28364885956059455,0.23981768835584488
48,5,2023-12-16,0.1713196350364587,0.24626495872726833
48,5,2023-12-23,0.1834086304219315,0.24669911182569165
48,5,2023-12-30,0.2151845294145485,0.23493481981624156
48,5,2024-01-06,0.3062401624092153,0.211354349247093
48,5,2024-01-13,0.34654114444071316,0.18854120693216347
48,5,2024-01-20,0.3743140387484059,0.18162034125235296
48,5,2024-01-27,0.26919947813638384,0.18959181507711564
48,5,2024-02-03,0.21615084055224879,0.18068201379874171
48,5,2024-02-10,0.2103802715204057,0.1479781300142222
48,5,2024-02-17,0.19798936500300357,0.12528857850921826
48,5,2024-02-24,0.18881602405657594,0.14630401841311963
48,5,2024-03-02,0.15014878459479608,0.17407653723034025
48,5,2024-03-09,0.14433860667240198,0.2154004759221837
48,5,2024-03-16,0.1570836900920822,0.2513742378219409
48,5,2024-03-23,0.16818151911606805,0.27187692825948073
48,5,2024-03-30,0.19821473954408947,0.30617011627803914
48,5,2024-04-06,0.25210715447964155,0.3281337756555684
48,5,2024-04-13,0.2793954636099912,0.34882277564398884
48,5,2024-04-20,0.2891928348402981,0.3761664501494644
48,15,2023-11-04,0.5380771083934218,0.25487878199480657
48,15,2023-11-11,0.5624359616108231,0.24995013505126965
48,15,2023-11-18,0.4737300905472051,0.24438548333295299
48,15,2023-11-25,0.423654493175239,0.24182146386367126
48,15,2023-12-02,0.354516329089798,0.2394373137532478
48,15,2023-12-09,0.28541574494851835,0.23981768835584488
48,15,2023-12-16,0.17868672597006433,0.24626495872726833
48,15,2023-12-23,0.2398675233943001,0.24669911182569165
48,15,2023-12-30,0.24530110581973477,0.23493481981624156
48,15,2024-01-06,0.27394534492297423,0.211354349247093
48,15,2024-01-13,0.3482074037947624,0.18854120693216347
48,15,2024-01-20,0.420922411446972,0.18162034125235296
48,15,2024-01-27,0.36011081601094946,0.18959181507711564
48,15,2024-02-03,0.35024687058336135,0.18068201379874171
48,15,2024-02-10,0.3615426094053227,0.1479781300142222
48,15,2024-02-17,0.3790116744634522,0.12528857850921826
48,15,2024-02-24,0.3572487686401158,0.14630401841311963
48,15,2024-03-02,0.2956341355281087,0.17407653723034025
48,15,2024-03-09,0.23541598925121932,0.2154004759221837
48,15,2024-03-16,0.17269855614003768,0.2513742378219409
48,15,2024-03-23,0.1003260244845684,0.27187692825948073
48,15,2024-03-30,0.10746552681435435,0.30617011627803914
48,15,2024-04-06,0.1191540666423783,0.3281337756555684
48,15,2024-04-13,0.14860145507053404,0.34882277564398884
48,15,2024-04-20,0.1885479473988991,0.3761664501494644
48,25,2023-11-04,0.4614235264229836,0.25487878199480657
48,25,2023-11-11,0.43666217668100465,0.24995013505126965
48,25,2023-11-18,0.40096072091180396,0.24438548333295299
48,25,2023-11-25,0.3719341801778159,0.24182146386367126
48,25,2023-12-02,0.32439249903923323,0.2394373137532478
48,25,2023-12-09,0.23017391356033198,0.23981768835584488
48,25,2023-12-16,0.1899853299871216,0.24626495872726833
48,25,2023-12-23,0.2543569143243135,0.24669911182569165
48,25,2023-12-30,0.27367696920291407,0.23493481981624156
48,25,2024-01-06,0.29586464366080134,0.211354349247093
48,25,2024-01-13,0.3397978196017584,0.18854120693216347
48,25,2024-01-20,0.3955906938814404,0.18162034125235296
48,25,2024-01-27,0.40516086214733144,0.18959181507711564
48,25,2024-02-03,0.3974544109716269,0.18068201379874171
48,25,2024-02-10,0.42627338970467954,0.1479781300142222
48,25,2024-02-17,0.45141513148322876,0.12528857850921826
48,25,2024-02-24,0.4502646341024788,0.14630401841311963
48,25,2024-03-02,0.3524849834389008,0.17407653723034025
48,25,2024-03-09,0.29247261084317533,0.2154004759221837
48,25,2024-03-16,0.22088655715192954,0.2513742378219409
48,25,2024-03-23,0.12544410140392548,0.27187692825948073
48,25,2024-03-30,0.10511308004908035,0.30617011627803914
48,25,2024-04-06,0.07440854533136242,0.3281337756555684
48,25,2024-04-13,0.11906589033592523,0.34882277564398884
48,25,2024-04-20,0.16116436684057212,0.3761664501494644
48,50,2023-11-04,0.2895051018206871,0.25487878199480657
48,50,2023-11-11,0.2617866503017179,0.24995013505126965
48,50,2023-11-18,0.2483827716657327,0.24438548333295299
48,50,2023-11-25,0.2312768189382021,0.24182146386367126
48,50,2023-12-02,0.21025959904520497,0.2394373137532478
48,50,2023-12-09,0.14594817063634385,0.23981768835584488
48,50,2023-12-16,0.23078974432746807,0.24626495872726833
48,50,2023-12-23,0.31086032680476905,0.24669911182569165
48,50,2023-12-30,0.31758631099706297,0.23493481981624156
48,50,2024-01-06,0.3268189496597874,0.211354349247093
48,50,2024-01-13,0.3402693352554274,0.18854120693216347
48,50,2024-01-20,0.35430507843781794,0.18162034125235296
48,50,2024-01-27,0.4093125108647941,0.18959181507711564
48,50,2024-02-03,0.4425773272005817,0.18068201379874171
48,50,2024-02-10,0.4912555757156963,0.1479781300142222
48,50,2024-02-17,0.5244155660063822,0.12528857850921826
48,50,2024-02-24,0.5365523900949172,0.14630401841311963
48,50,2024-03-02,0.48011947891221735,0.17407653723034025
48,50,2024-03-09,0.4134466138200548,0.2154004759221837
48,50,2024-03-16,0.3103129085639584,0.2513742378219409
48,50,2024-03-23,0.17653977996369558,0.27187692825948073
48,50,2024-03-30,0.13380963687321276,0.30617011627803914
48,50,2024-04-06,0.0634072883457553,0.3281337756555684
48,50,2024-04-13,0.06190676049628573,0.34882277564398884
48,50,2024-04-20,0.11032557693143744,0.3761664501494644
48,75,2023-11-04,0.23538697894050095,0.25487878199480657
48,75,2023-11-11,0.2017340059052307,0.24995013505126965
48,75,2023-11-18,0.1802259746388414,0.24438548333295299
48,75,2023-11-25,0.17497084859769196,0.24182146386367126
48,75,2023-12-02,0.17156544541622248,0.2394373137532478
48,75,2023-12-09,0.17586478764220664,0.23981768835584488
48,75,2023-12-16,0.228845493043691,0.24626495872726833
48,75,2023-12-23,0.2655083072598407,0.24669911182569165
48,75,2023-12-30,0.27146315195102944,0.23493481981624156
48,75,2024-01-06,0.2653426847166643,0.211354349247093
48,75,2024-01-13,0.24978638383313403,0.18854120693216347
48,75,2024-01-20,0.2357294207046593,0.18162034125235296
48,75,2024-01-27,0.24091593997880145,0.18959181507711564
48,75,2024-02-03,0.26970040739962675,0.18068201379874171
48,75,2024-02-10,0.3118743738793874,0.1479781300142222
48,75,2024-02-17,0.3638446033102972,0.12528857850921826
48,75,2024-02-24,0.3878010450375547,0.14630401841311963
48,75,2024-03-02,0.35103348855822863,0.17407653723034025
48,75,2024-03-09,0.30324992019962066,0.2154004759221837
48,75,2024-03-16,0.23643073382847699,0.2513742378219409
48,75,2024-03-23,0.1368013943812627,0.27187692825948073
48,75,2024-03-30,0.109911461993831,0.30617011627803914
48,75,2024-04-06,0.06304543947782544,0.3281337756555684
48,75,2024-04-13,0.090120555922189,0.34882277564398884
48,75,2024-04-20,0.1354806008154423,0.3761664501494644
47,5,2023-11-04,0.6444936889204279,0.41601215904630556
47,5,2023-11-11,0.4672657851093222,0.41333035600167045
47,5,2023-11-18,0.34219365501759313,0.4086441418609884
47,5,2023-11-25,0.3666574056984779,0.403712208723813
47,5,2023-12-02,0.36240597109550465,0.3966528178754313
47,5,2023-12-09,0.35293143245211017,0.38664984284257214
47,5,2023-12-16,0.3505230597179253,0.38020556743995376
47,5,2023-12-23,0.3488280002563506,0.36595619834558035
47,5,2023-12-30,0.3475878533415734,0.3690172291740536
47,5,2024-01-06,0.33762189718092517,0.3852434701273799
47,5,2024-01-13,0.35896102219193826,0.40347816439195233
47,5,2024-01-20,0.3846705470477282,0.4336773553758311
47,5,2024-01-27,0.423649823410554,0.47093987112216196
47,5,2024-02-03,0.43362834751890156,0.5240653441198159
47,5,2024-02-10,0.3504860251111106,0.5803207057889094
47,5,2024-02-17,0.33860463533994517,0.6322814299354205
47,5,2024-02-24,0.35856015846902634,0.6726366330883592
47,5,2024-03-02,0.4198848139670634,0.7009887658108928
47,5,2024-03-09,0.4666163688654865,0.7086229602303117
47,5,2024-03-16,0.47866635676739133,0.7176947913668
47,5,2024-03-23,0.508195189118429,0.7371772469348278
47,5,2024-03-30,0.5240691919679836,0.7451888576961974
47,5,2024-04-06,0.5434717737040958,0.7671009141247185
47,5,2024-04-13,0.5862351486453133,0.7624182679621647
47,5,2024-04-20,0.5802880907924857,0.7731991727644301
47,15,2023-11-04,0.7109516662347026,0.41601215904630556
47,15,2023-11-11,0.46850041113569685,0.41333035600167045
47,15,2023-11-18,0.3443067706550346,0.4086441418609884
47,15,2023-11-25,0.33385636653847356,0.403712208723813
47,15,2023-12-02,0.3307046171904457,0.3966528178754313
47,15,2023-12-09,0.31892186590373583,0.38664984284257214
47,15,2023-12-16,0.3144234097908812,0.38020556743995376
47,15,2023-12-23,0.32036913131314576,0.36595619834558035
47,15,2023-12-30,0.3116502328530833,0.3690172291740536
47,15,2024-01-06,0.29515897926165513,0.3852434701273799
47,15,2024-01-13,0.3012468120213805,0.40347816439195233
47,15,2024-01-20,0.3044075650653636,0.4336773553758311
47,15,2024-01-27,0.34623991981764324,0.47093987112216196
47,15,2024-02-03,0.3681435269381051,0.5240653441198159
47,15,2024-02-10,0.3354429417491634,0.5803207057889094
47,15,2024-02-17,0.32990426141486495,0.6322814299354205
47,15,2024-02-24,0.35501845383421937,0.6726366330883592
47,15,2024-03-02,0.42211330687365356,0.7009887658108928
47,15,2024-03-09,0.45907907834723677,0.7086229602303117
47,15,2024-03-16,0.4740066190433987,0.7176947913668
47,15,2024-03-23,0.5021040140522306,0.7371772469348278
47,15,2024-03-30,0.5323597716021516,0.7451888576961974
47,15,2024-04-06,0.5457182553036769,0.7671009141247185
47,15,2024-04-13,0.5956340364453995,0.7624182679621647
47,15,2024-04-20,0.5824022345060805,0.7731991727644301
47,25,2023-11-04,0.7310358798959273,0.41601215904630556
47,25,2023-11-11,0.4795507115465806,0.41333035600167045
47,25,2023-11-18,0.33888556999760233,0.4086441418609884
47,25,2023-11-25,0.3232782775748339,0.403712208723813
47,25,2023-12-02,0.3112083168470864,0.3966528178754313
47,25,2023-12-09,0.30483711217819937,0.38664984284257214
47,25,2023-12-16,0.2978812557911252,0.38020556743995376
47,25,2023-12-23,0.3009474352585651,0.36595619834558035
47,25,2023-12-30,0.29181014168788033,0.3690172291740536
47,25,2024-01-06,0.3000919918657513,0.3852434701273799
47,25,2024-01-13,0.29032677050091765,0.40347816439195233
47,25,2024-01-20,0.29523299796147234,0.4336773553758311
47,25,2024-01-27,0.30968512545977617,0.47093987112216196
47,25,2024-02-03,0.33889050012963606,0.5240653441198159
47,25,2024-02-10,0.3371992754972056,0.5803207057889094
47,25,2024-02-17,0.3372368528044027,0.6322814299354205
47,25,2024-02-24,0.35872855062630016,0.6726366330883592
47,25,2024-03-02,0.4256256085302294,0.7009887658108928
47,25,2024-03-09,0.4632506626822117,0.7086229602303117
47,25,2024-03-16,0.46885846470543807,0.7176947913668
47,25,2024-03-23,0.49418876899234926,0.7371772469348278
47,25,2024-03-30,0.5342745883234522,0.7451888576961974
47,25,2024-04-06,0.5537724656583648,0.7671009141247185
47,25,2024-04-13,0.6065780263450185,0.7624182679621647
47,25,2024-04-20,0.5965387033850195,0.7731991727644301
47,50,2023-11-04,0.518406357611171,0.41601215904630556
47,50,2023-11-11,0.41252027758865817,0.41333035600167045
47,50,2023-11-18,0.29943071849260633,0.4086441418609884
47,50,2023-11-25,0.2836803489802619,0.403712208723813
47,50,2023-12-02,0.2806151866564585,0.3966528178754313
47,50,2023-12-09,0.27930215467061087,0.38664984284257214
47,50,2023-12-16,0.2729660783302523,0.38020556743995376
47,50,2023-12-23,0.2767103683235606,0.36595619834558035
47,50,2023-12-30,0.27342169912903846,0.3690172291740536
47,50,2024-01-06,0.2874369168271135,0.3852434701273799
47,50,2024-01-13,0.27280614288982474,0.40347816439195233
47,50,2024-01-20,0.2710094857527943,0.4336773553758311
47,50,2024-01-27,0.2856773202485938,0.47093987112216196
47,50,2024-02-03,0.3133924137222551,0.5240653441198159
47,50,2024-02-10,0.3398322572368764,0.5803207057889094
47,50,2024-02-17,0.3596510619898089,0.6322814299354205
47,50,2024-02-24,0.4174885879046086,0.6726366330883592
47,50,2024-03-02,0.48176426215768525,0.7009887658108928
47,50,2024-03-09,0.5185158747217247,0.7086229602303117
47,50,2024-03-16,0.523368475433088,0.7176947913668
47,50,2024-03-23,0.5397856217837136,0.7371772469348278
47,50,2024-03-30,0.5833204073376623,0.7451888576961974
47,50,2024-04-06,0.6027643297970521,0.7671009141247185
47,50,2024-04-13,0.6544979638277932,0.7624182679621647
47,50,2024-04-20,0.6402192703271351,0.7731991727644301
47,75,2023-11-04,0.4075590304164579,0.41601215904630556
47,75,2023-11-11,0.3664063287456078,0.41333035600167045
47,75,2023-11-18,0.3011686646638054,0.4086441418609884
47,75,2023-11-25,0.29955246204795977,0.403712208723813
47,75,2023-12-02,0.2989518738535616,0.3966528178754313
47,75,2023-12-09,0.29425686960322195,0.38664984284257214
47,75,2023-12-16,0.2865566954030322,0.38020556743995376
47,75,2023-12-23,0.28473784422610326,0.36595619834558035
47,75,2023-12-30,0.27550431610468273,0.3690172291740536
47,75,2024-01-06,0.2763808780903841,0.3852434701273799
47,75,2024-01-13,0.28094383061894673,0.40347816439195233
47,75,2024-01-20,0.2910729087897759,0.4336773553758311
47,75,2024-01-27,0.3139706696464349,0.47093987112216196
47,75,2024-02-03,0.3464688269159144,0.5240653441198159
47,75,2024-02-10,0.4012190573219215,0.5803207057889094
47,75,2024-02-17,0.4615217374641979,0.6322814299354205
47,75,2024-02-24,0.5243904906207146,0.6726366330883592
47,75,2024-03-02,0.5793478207586659,0.7009887658108928
47,75,2024-03-09,0.6088127698883419,0.7086229602303117
47,75,2024-03-16,0.615603406346681,0.7176947913668
47,75,2024-03-23,0.6283153935505591,0.7371772469348278
47,75,2024-03-30,0.6587226536469188,0.7451888576961974
47,75,2024-04-06,0.6706849196586774,0.7671009141247185
47,75,2024-04-13,0.7142379352916252,0.7624182679621647
47,75,2024-04-20,0.7052523354588961,0.7731991727644301
46,5,2023-11-04,0.7422591427874661,1.0732325762372983
46,5,2023-11-11,0.7233777442880543,1.0271230967659235
46,5,2023-11-18,0.6750387042951076,0.9721196735804014
46,5,2023-11-25,0.6666266422309379,0.9024896442877272
46,5,2023-12-02,0.6585414685005518,0.8274813816912875
46,5,2023-12-09,0.5600009383604835,0.7638970372835703
46,5,2023-12-16,0.5177329028214422,0.699213571229053
46,5,2023-12-23,0.5352377556226293,0.6556609685882345
46,5,2023-12-30,0.5495538982694107,0.6693327681095307
46,5,2024-01-06,0.5905619135836161,0.7175717644345321
46,5,2024-01-13,0.654317201410118,0.7604908060889631
46,5,2024-01-20,0.6791817717881391,0.8089111604271351
46,5,2024-01-27,0.6583282883248482,0.82067060139007
46,5,2024-02-03,0.6014515823710032,0.8533794218524235
46,5,2024-02-10,0.6143491511310153,0.8816023236480903
46,5,2024-02-17,0.6577978160971314,0.9059471412796987
46,5,2024-02-24,0.6713119660482907,0.9249356017390449
46,5,2024-03-02,0.7033027385640894,0.9372254347308193
46,5,2024-03-09,0.724616698025358,0.9464461881469005
46,5,2024-03-16,0.7241204962783298,0.9553537843826438
46,5,2024-03-23,0.7516667170428718,0.9624562647649145
46,5,2024-03-30,0.7524780473266441,0.9628323437609085
46,5,2024-04-06,0.7182638579103449,0.967977837646409
46,5,2024-04-13,0.7280986528760068,0.9685664832488895
46,5,2024-04-20,0.5634649143100386,0.9775586602906491
46,15,2023-11-04,0.7696773352692732,1.0732325762372983
46,15,2023-11-11,0.6930866924039775,1.0271230967659235
46,15,2023-11-18,0.6576900111929985,0.9721196735804014
46,15,2023-11-25,0.6640144818385411,0.9024896442877272
46,15,2023-12-02,0.6533593491351891,0.8274813816912875
46,15,2023-12-09,0.588197777465826,0.7638970372835703
46,15,2023-12-16,0.5499610026178148,0.699213571229053
46,15,2023-12-23,0.5258921982793767,0.6556609685882345
46,15,2023-12-30,0.520846364392918,0.6693327681095307
46,15,2024-01-06,0.5514611976157026,0.7175717644345321
46,15,2024-01-13,0.6094119003248246,0.7604908060889631
46,15,2024-01-20,0.6461204298616287,0.8089111604271351
46,15,2024-01-27,0.6461763682599422,0.82067060139007
46,15,2024-02-03,0.6104039583061971,0.8533794218524235
46,15,2024-02-10,0.6378379393110126,0.8816023236480903
46,15,2024-02-17,0.6777449168298895,0.9059471412796987
46,15,2024-02-24,0.6940576745165001,0.9249356017390449
46,15,2024-03-02,0.7228873592243894,0.9372254347308193
46,15,2024-03-09,0.7462386836549445,0.9464461881469005
46,15,2024-03-16,0.772445494229082,0.9553537843826438
46,15,2024-03-23,0.8042769785383139,0.9624562647649145
46,15,2024-03-30,0.8248435073451506,0.9628323437609085
46,15,2024-04-06,0.8092330182528507,0.967977837646409
46,15,2024-04-13,0.8218566962927132,0.9685664832488895
46,15,2024-04-20,0.7224712797374921,0.9775586602906491
46,25,2023-11-04,0.7452731924852958,1.0732325762372983
46,25,2023-11-11,0.6878257317619009,1.0271230967659235
46,25,2023-11-18,0.6772053412491024,0.9721196735804014
46,25,2023-11-25,0.6602839696196349,0.9024896442877272
46,25,2023-12-02,0.6463477398177795,0.8274813816912875
46,25,2023-12-09,0.6040263073297127,0.7638970372835703
46,25,2023-12-16,0.5632536087686109,0.699213571229053
46,25,2023-12-23,0.5232347812391203,0.6556609685882345
46,25,2023-12-30,0.5099545567919326,0.6693327681095307
46,25,2024-01-06,0.5338409806181509,0.7175717644345321
46,25,2024-01-13,0.5840674889243173,0.7604908060889631
46,25,2024-01-20,0.6142356087864775,0.8089111604271351
46,25,2024-01-27,0.6421150517104165,0.82067060139007
46,25,2024-02-03,0.6219012408094191,0.8533794218524235
46,25,2024-02-10,0.6571493583671146,0.8816023236480903
46,25,2024-02-17,0.6990029175099742,0.9059471412796987
46,25,2024-02-24,0.716793398800638,0.9249356017390449
46,25,2024-03-02,0.7473111809906907,0.9372254347308193
46,25,2024-03-09,0.7759329030799574,0.9464461881469005
46,25,2024-03-16,0.7990009470895192,0.9553537843826438
46,25,2024-03-23,0.8283233080286133,0.9624562647649145
46,25,2024-03-30,0.8489022226783607,0.9628323437609085
46,25,2024-04-06,0.8379852985182721,0.967977837646409
46,25,2024-04-13,0.8516664164237802,0.9685664832488895
46,25,2024-04-20,0.7732738755633386,0.9775586602906491
46,50,2023-11-04,0.7599930609729718,1.0732325762372983
46,50,2023-11-11,0.7434237329722608,1.0271230967659235
46,50,2023-11-18,0.7285184370400218,0.9721196735804014
46,50,2023-11-25,0.7108112647949313,0.9024896442877272
46,50,2023-12-02,0.6805089203444113,0.8274813816912875
46,50,2023-12-09,0.6465666344165714,0.7638970372835703
46,50,2023-12-16,0.6082452299326765,0.699213571229053
46,50,2023-12-23,0.5566508503297368,0.6556609685882345
46,50,2023-12-30,0.5213876426077315,0.6693327681095307
46,50,2024-01-06,0.5338249885005226,0.7175717644345321
46,50,2024-01-13,0.5718491377151946,0.7604908060889631
46,50,2024-01-20,0.6016878802345366,0.8089111604271351
46,50,2024-01-27,0.6442390783374481,0.82067060139007
46,50,2024-02-03,0.6398619204738472,0.8533794218524235
46,50,2024-02-10,0.6853386523184539,0.8816023236480903
46,50,2024-02-17,0.7360693723206553,0.9059471412796987
46,50,2024-02-24,0.7708022008519723,0.9249356017390449
46,50,2024-03-02,0.8011378724401639,0.9372254347308193
46,50,2024-03-09,0.8219821034859297,0.9464461881469005
46,50,2024-03-16,0.840626366995505,0.9553537843826438
46,50,2024-03-23,0.8645837478845435,0.9624562647649145
46,50,2024-03-30,0.8807330844549884,0.9628323437609085
46,50,2024-04-06,0.872257681823915,0.967977837646409
46,50,2024-04-13,0.8835329394775838,0.9685664832488895
46,50,2024-04-20,0.8243031785803885,0.9775586602906491
46,75,2023-11-04,0.907720313755513,1.0732325762372983
46,75,2023-11-11,0.8925075753079086,1.0271230967659235
46,75,2023-11-18,0.8574179496038116,0.9721196735804014
46,75,2023-11-25,0.8271053546127521,0.9024896442877272
46,75,2023-12-02,0.7791641538394111,0.8274813816912875
46,75,2023-12-09,0.726025914925288,0.7638970372835703
46,75,2023-12-16,0.6841786020749615,0.699213571229053
46,75,2023-12-23,0.629187922015472,0.6556609685882345
46,75,2023-12-30,0.5816724466972656,0.6693327681095307
46,75,2024-01-06,0.5923108493710982,0.7175717644345321
46,75,2024-01-13,0.6329400269431431,0.7604908060889631
46,75,2024-01-20,0.6701323860786431,0.8089111604271351
46,75,2024-01-27,0.7217046196371347,0.82067060139007
46,75,2024-02-03,0.7288112609856242,0.8533794218524235
46,75,2024-02-10,0.7746167361711486,0.8816023236480903
46,75,2024-02-17,0.8183859791580763,0.9059471412796987
46,75,2024-02-24,0.8519388101540621,0.9249356017390449
46,75,2024-03-02,0.8744506082588449,0.9372254347308193
46,75,2024-03-09,0.8887532562493397,0.9464461881469005
46,75,2024-03-16,0.8988569709631792,0.9553537843826438
46,75,2024-03-23,0.9147378251563114,0.9624562647649145
46,75,2024-03-30,0.9259612569170302,0.9628323437609085
46,75,2024-04-06,0.9212998771200318,0.967977837646409
46,75,2024-04-13,0.9296420023537283,0.9685664832488895
46,75,2024-04-20,0.8955751414756693,0.9775586602906491
45,5,2023-11-04,0.44232582394713965,0.5045494125636747
45,5,2023-11-11,0.4027081319972632,0.5076283702774337
45,5,2023-11-18,0.36571800363089524,0.5115475560244122
45,5,2023-11-25,0.34686842607454327,0.5166268428579848
45,5,2023-12-02,0.3506652599909381,0.5228573603838838
45,5,2023-12-09,0.3572405267442432,0.5276162182193778
45,5,2023-12-16,0.3520220691812089,0.5334269887435084
45,5,2023-12-23,0.36466633095244655,0.5342107630564246
45,5,2023-12-30,0.3715645270006456,0.5144643432261784
45,5,2024-01-06,0.46256301628572394,0.4407496787897209
45,5,2024-01-13,0.32524395128232064,0.38000548548753615
45,5,2024-01-20,0.32975369437440527,0.3865643851005495
45,5,2024-01-27,0.3527624889375265,0.43286554533382127
45,5,2024-02-03,0.3624441901092353,0.4693835911818133
45,5,2024-02-10,0.4518023419074893,0.5096695515803678
45,5,2024-02-17,0.526455543681626,0.5572087367838297
45,5,2024-02-24,0.5631592061747286,0.5928598351566207
45,5,2024-03-02,0.6163106011899218,0.6264598617002032
45,5,2024-03-09,0.6660798281996245,0.6489219122861378
45,5,2024-03-16,0.6984597258135173,0.6653481579102208
45,5,2024-03-23,0.6566723615041797,0.6837617663250487
45,5,2024-03-30,0.6390274548110206,0.7018961744653239
45,5,2024-04-06,0.6953535263645924,0.7127670302441067
45,5,2024-04-13,0.7193962745102751,0.745622190778754
45,5,2024-04-20,0.7709305809701031,0.7083908679488012
45,15,2023-11-04,0.40434912017268154,0.5045494125636747
45,15,2023-11-11,0.3982097742528607,0.5076283702774337
45,15,2023-11-18,0.37816073554574653,0.5115475560244122
45,15,2023-11-25,0.35619337553676955,0.5166268428579848
45,15,2023-12-02,0.34405489049020566,0.5228573603838838
45,15,2023-12-09,0.3435642954497167,0.5276162182193778
45,15,2023-12-16,0.3498507105037653,0.5334269887435084
45,15,2023-12-23,0.3533056002718857,0.5342107630564246
45,15,2023-12-30,0.35481059048442126,0.5144643432261784
45,15,2024-01-06,0.3523131556077992,0.4407496787897209
45,15,2024-01-13,0.2951458615964108,0.38000548548753615
45,15,2024-01-20,0.3046479678103728,0.3865643851005495
45,15,2024-01-27,0.29909632665359337,0.43286554533382127
45,15,2024-02-03,0.25944014845760216,0.4693835911818133
45,15,2024-02-10,0.3431005597738675,0.5096695515803678
45,15,2024-02-17,0.41955077849865396,0.5572087367838297
45,15,2024-02-24,0.5257905129859037,0.5928598351566207
45,15,2024-03-02,0.5932027746024789,0.6264598617002032
45,15,2024-03-09,0.6452329836329047,0.6489219122861378
45,15,2024-03-16,0.6658735516683466,0.6653481579102208
45,15,2024-03-23,0.7018537717884148,0.6837617663250487
45,15,2024-03-30,0.7299296513395714,0.7018961744653239
45,15,2024-04-06,0.747186615313348,0.7127670302441067
45,15,2024-04-13,0.7669972615555584,0.745622190778754
45,15,2024-04-20,0.8206714463182844,0.7083908679488012
45,25,2023-11-04,0.40966777191154913,0.5045494125636747
45,25,2023-11-11,0.3940425938431344,0.5076283702774337
45,25,2023-11-18,0.3734267855068446,0.5115475560244122
45,25,2023-11-25,0.35257551859149494,0.5166268428579848
45,25,2023-12-02,0.35504426084905005,0.5228573603838838
45,25,2023-12-09,0.3435751065619719,0.5276162182193778
45,25,2023-12-16,0.35225512721660124,0.5334269887435084
45,25,2023-12-23,0.3663230252188696,0.5342107630564246
45,25,2023-12-30,0.3709215863247349,0.5144643432261784
45,25,2024-01-06,0.3655437861300248,0.4407496787897209
45,25,2024-01-13,0.29660550796476653,0.38000548548753615
45,25,2024-01-20,0.286811111106378,0.3865643851005495
45,25,2024-01-27,0.25817241133127117,0.43286554533382127
45,25,2024-02-03,0.21907254489405004,0.4693835911818133
45,25,2024-02-10,0.2638395602066533,0.5096695515803678
45,25,2024-02-17,0.3577730544733264,0.5572087367838297
45,25,2024-02-24,0.4543717174948754,0.5928598351566207
45,25,2024-03-02,0.5401143873176433,0.6264598617002032
45,25,2024-03-09,0.599993852486081,0.6489219122861378
45,25,2024-03-16,0.6540988492605572,0.6653481579102208
45,25,2024-03-23,0.690621050017781,0.6837617663250487
45,25,2024-03-30,0.7254271396631933,0.7018961744653239
45,25,2024-04-06,0.7538609993194527,0.7127670302441067
45,25,2024-04-13,0.7737275810534213,0.745622190778754
45,25,2024-04-20,0.8290123203517796,0.7083908679488012
45,50,2023-11-04,0.4297843220008674,0.5045494125636747
45,50,2023-11-11,0.4219405430964865,0.5076283702774337
45,50,2023-11-18,0.4192339668274649,0.5115475560244122
45,50,2023-11-25,0.4241195713315205,0.5166268428579848
45,50,2023-12-02,0.42167688277315607,0.5228573603838838
45,50,2023-12-09,0.41468525072057555,0.5276162182193778
45,50,2023-12-16,0.4128748523168202,0.5334269887435084
45,50,2023-12-23,0.4115556216071131,0.5342107630564246
45,50,2023-12-30,0.3988650010185565,0.5144643432261784
45,50,2024-01-06,0.3588286382374147,0.4407496787897209
45,50,2024-01-13,0.2695179830485308,0.38000548548753615
45,50,2024-01-20,0.20852414503408687,0.3865643851005495
45,50,2024-01-27,0.20155480526099384,0.43286554533382127
45,50,2024-02-03,0.17685486774736245,0.4693835911818133
45,50,2024-02-10,0.20022037352341107,0.5096695515803678
45,50,2024-02-17,0.24794756907390214,0.5572087367838297
45,50,2024-02-24,0.3009427502942532,0.5928598351566207
45,50,2024-03-02,0.37033855799395987,0.6264598617002032
45,50,2024-03-09,0.4331531219294762,0.6489219122861378
45,50,2024-03-16,0.49245078910155426,0.6653481579102208
45,50,2024-03-23,0.527886561293819,0.6837617663250487
45,50,2024-03-30,0.5783668161987009,0.7018961744653239
45,50,2024-04-06,0.6293342122351099,0.7127670302441067
45,50,2024-04-13,0.6631664931944177,0.745622190778754
45,50,2024-04-20,0.7483711950833485,0.7083908679488012
45,75,2023-11-04,0.4618466636203188,0.5045494125636747
45,75,2023-11-11,0.4594603806258477,0.5076283702774337
45,75,2023-11-18,0.4559908881396988,0.5115475560244122
45,75,2023-11-25,0.46374769142921685,0.5166268428579848
45,75,2023-12-02,0.4720735648169972,0.5228573603838838
45,75,2023-12-09,0.4726145472834908,0.5276162182193778
45,75,2023-12-16,0.47187816699326396,0.5334269887435084
45,75,2023-12-23,0.46356533071947725,0.5342107630564246
45,75,2023-12-30,0.4479290328093533,0.5144643432261784
45,75,2024-01-06,0.40469342939954717,0.4407496787897209
45,75,2024-01-13,0.29882532516180327,0.38000548548753615
45,75,2024-01-20,0.21120913733547267,0.3865643851005495
45,75,2024-01-27,0.20926927544626625,0.43286554533382127
45,75,2024-02-03,0.23011682850387433,0.4693835911818133
45,75,2024-02-10,0.26021672400807916,0.5096695515803678
45,75,2024-02-17,0.30372407490810716,0.5572087367838297
45,75,2024-02-24,0.3986010551475794,0.5928598351566207
45,75,2024-03-02,0.4692774981660702,0.6264598617002032
45,75,2024-03-09,0.5282405870143512,0.6489219122861378
45,75,2024-03-16,0.5678437770711209,0.6653481579102208
45,75,2024-03-23,0.5954040656674146,0.6837617663250487
45,75,2024-03-30,0.6286594169272685,0.7018961744653239
45,75,2024-04-06,0.6581224129663573,0.7127670302441067
45,75,2024-04-13,0.6815362675558232,0.745622190778754
45,75,2024-04-20,0.7633137755342015,0.7083908679488012
44,5,2023-11-04,0.765018784699285,1.2208367678279841
44,5,2023-11-11,0.6593439289700587,1.182389161156004
44,5,2023-11-18,0.6671613895258487,1.1319728710654329
44,5,2023-11-25,0.5808471114274953,1.0451382161276088
44,5,2023-12-02,0.5508330394409333,0.9452767508169047
44,5,2023-12-09,0.5240735564562794,0.8383117094000466
44,5,2023-12-16,0.5114946173137503,0.7411900805403696
44,5,2023-12-23,0.4660561571563412,0.7165750590049489
44,5,2023-12-30,0.47965257926822474,0.6852651679429398
44,5,2024-01-06,0.4488146772582128,0.7353010568187439
44,5,2024-01-13,0.49629390783194355,0.7748779643440564
44,5,2024-01-20,0.5532837966909284,0.8147936613538235
44,5,2024-01-27,0.6142884509567087,0.847381816623262
44,5,2024-02-03,0.6535387867586426,0.8774737850395562
44,5,2024-02-10,0.7138667022381874,0.9052427880536972
44,5,2024-02-17,0.7548378150552136,0.9255706400382739
44,5,2024-02-24,0.7967772568176599,0.9386075812060821
44,5,2024-03-02,0.8249667454048485,0.9457157533882556
44,5,2024-03-09,0.8390732665810725,0.9539350455638843
44,5,2024-03-16,0.8562179708039221,0.9607010073900032
44,5,2024-03-23,0.800560999265105,0.9657543731681388
44,5,2024-03-30,0.7706782056797524,0.972035587967967
44,5,2024-04-06,0.78579270440448,0.9769719818116531
44,5,2024-04-13,0.8009206946683354,0.9801140327597712
44,5,2024-04-20,0.8379971487376107,0.9814415091652982
44,15,2023-11-04,0.8267524181960149,1.2208367678279841
44,15,2023-11-11,0.7466689744412048,1.182389161156004
44,15,2023-11-18,0.6851544011244771,1.1319728710654329
44,15,2023-11-25,0.6215171078060067,1.0451382161276088
44,15,2023-12-02,0.5992167676918396,0.9452767508169047
44,15,2023-12-09,0.5753671439086961,0.8383117094000466
44,15,2023-12-16,0.5586983432216135,0.7411900805403696
44,15,2023-12-23,0.4809606744887579,0.7165750590049489
44,15,2023-12-30,0.49410895826102025,0.6852651679429398
44,15,2024-01-06,0.4583853164696125,0.7353010568187439
44,15,2024-01-13,0.5066147453406221,0.7748779643440564
44,15,2024-01-20,0.5569971757466361,0.8147936613538235
44,15,2024-01-27,0.62382659245581,0.847381816623262
44,15,2024-02-03,0.6703584190054613,0.8774737850395562
44,15,2024-02-10,0.7166923147926545,0.9052427880536972
44,15,2024-02-17,0.7672352225357295,0.9255706400382739
44,15,2024-02-24,0.8061089589461579,0.9386075812060821
44,15,2024-03-02,0.8264997726269342,0.9457157533882556
44,15,2024-03-09,0.8093109886867407,0.9539350455638843
44,15,2024-03-16,0.8177604329448056,0.9607010073900032
44,15,2024-03-23,0.815532044190666,0.9657543731681388
44,15,2024-03-30,0.8072497220945954,0.972035587967967
44,15,2024-04-06,0.8223972549437678,0.9769719818116531
44,15,2024-04-13,0.8224020879858256,0.9801140327597712
44,15,2024-04-20,0.834287324637585,0.9814415091652982
44,25,2023-11-04,0.8257331214793503,1.2208367678279841
44,25,2023-11-11,0.7713332156926294,1.182389161156004
44,25,2023-11-18,0.7423716574334419,1.1319728710654329
44,25,2023-11-25,0.6980637400941145,1.0451382161276088
44,25,2023-12-02,0.6570270632495768,0.9452767508169047
44,25,2023-12-09,0.6263067378329927,0.8383117094000466
44,25,2023-12-16,0.5989540119744474,0.7411900805403696
44,25,2023-12-23,0.5178195382227232,0.7165750590049489
44,25,2023-12-30,0.5160806555320097,0.6852651679429398
44,25,2024-01-06,0.4766027421408584,0.7353010568187439
44,25,2024-01-13,0.5147199977148446,0.7748779643440564
44,25,2024-01-20,0.557179784414035,0.8147936613538235
44,25,2024-01-27,0.6078327237048617,0.847381816623262
44,25,2024-02-03,0.6554753544714709,0.8774737850395562
44,25,2024-02-10,0.7025906449627889,0.9052427880536972
44,25,2024-02-17,0.7580430634581384,0.9255706400382739
44,25,2024-02-24,0.7935489978587127,0.9386075812060821
44,25,2024-03-02,0.8085520342457064,0.9457157533882556
44,25,2024-03-09,0.8157452507335793,0.9539350455638843
44,25,2024-03-16,0.8281734423202083,0.9607010073900032
44,25,2024-03-23,0.8390025806765633,0.9657543731681388
44,25,2024-03-30,0.8267988339488506,0.972035587967967
44,25,2024-04-06,0.8458960121473893,0.9769719818116531
44,25,2024-04-13,0.869283094903359,0.9801140327597712
44,25,2024-04-20,0.87862296080768,0.9814415091652982
44,50,2023-11-04,0.8966243588489868,1.2208367678279841
44,50,2023-11-11,0.8626123122759153,1.182389161156004
44,50,2023-11-18,0.8341802528230076,1.1319728710654329
44,50,2023-11-25,0.8098626896439705,1.0451382161276088
44,50,2023-12-02,0.7726102971493024,0.9452767508169047
44,50,2023-12-09,0.7323300735759469,0.8383117094000466
44,50,2023-12-16,0.6886880624669147,0.7411900805403696
44,50,2023-12-23,0.6171734839386063,0.7165750590049489
44,50,2023-12-30,0.6060226005324136,0.6852651679429398
44,50,2024-01-06,0.5565308649673854,0.7353010568187439
44,50,2024-01-13,0.5946636448307799,0.7748779643440564
44,50,2024-01-20,0.6274375952064525,0.8147936613538235
44,50,2024-01-27,0.6669926098675613,0.847381816623262
44,50,2024-02-03,0.704813945813086,0.8774737850395562
44,50,2024-02-10,0.7552287327491228,0.9052427880536972
44,50,2024-02-17,0.8025122952389365,0.9255706400382739
44,50,2024-02-24,0.8368351589427884,0.9386075812060821
44,50,2024-03-02,0.8541957897571554,0.9457157533882556
44,50,2024-03-09,0.8605743783841641,0.9539350455638843
44,50,2024-03-16,0.8720730636286571,0.9607010073900032
44,50,2024-03-23,0.8823964579075577,0.9657543731681388
44,50,2024-03-30,0.8887183135344308,0.972035587967967
44,50,2024-04-06,0.907014682550689,0.9769719818116531
44,50,2024-04-13,0.9234586326836641,0.9801140327597712
44,50,2024-04-20,0.9309152274685434,0.9814415091652982
44,75,2023-11-04,1.018892673753775,1.2208367678279841
44,75,2023-11-11,1.0060170507210338,1.182389161156004
44,75,2023-11-18,0.9850406468874147,1.1319728710654329
44,75,2023-11-25,0.9587939901822032,1.0451382161276088
44,75,2023-12-02,0.9052278121779251,0.9452767508169047
44,75,2023-12-09,0.8431659015940238,0.8383117094000466
44,75,2023-12-16,0.7665466729200595,0.7411900805403696
44,75,2023-12-23,0.6826217571736144,0.7165750590049489
44,75,2023-12-30,0.665535369361109,0.6852651679429398
44,75,2024-01-06,0.629780863176426,0.7353010568187439
44,75,2024-01-13,0.6756639069284369,0.7748779643440564
44,75,2024-01-20,0.7149650148245739,0.8147936613538235
44,75,2024-01-27,0.7548567496147071,0.847381816623262
44,75,2024-02-03,0.7915404779051005,0.8774737850395562
44,75,2024-02-10,0.8316186021702539,0.9052427880536972
44,75,2024-02-17,0.8692687994427408,0.9255706400382739
44,75,2024-02-24,0.8959427197163498,0.9386075812060821
44,75,2024-03-02,0.9107072808915085,0.9457157533882556
44,75,2024-03-09,0.9185082594795283,0.9539350455638843
44,75,2024-03-16,0.9269197544305791,0.9607010073900032
44,75,2024-03-23,0.9340831952308358,0.9657543731681388
44,75,2024-03-30,0.9400715915278092,0.972035587967967
44,75,2024-04-06,0.9510046227588287,0.9769719818116531
44,75,2024-04-13,0.9598510395021783,0.9801140327597712
44,75,2024-04-20,0.9642319309185987,0.9814415091652982
56,5,2023-11-04,0.6213279319255383,0.7256380271421394
56,5,2023-11-11,0.719893970724294,0.7109489419570603
56,5,2023-11-18,0.5885532432671866,0.7020131065018397
56,5,2023-11-25,0.5324020021049599,0.6988999822564463
56,5,2023-12-02,0.490943391083281,0.7193824484828306
56,5,2023-12-09,0.4833985463387209,0.7430014097040555
56,5,2023-12-16,0.4698800049807317,0.7611299719043334
56,5,2023-12-23,0.5249119177020957,0.7806926037048356
56,5,2023-12-30,0.5402891332128791,0.8105879207054709
56,5,2024-01-06,0.5426274378514158,0.821770337213649
56,5,2024-01-13,0.48951068651446594,0.8261249540111806
56,5,2024-01-20,0.4551152997624962,0.839526551397449
56,5,2024-01-27,0.5207348087857517,0.8661295245754246
56,5,2024-02-03,0.49533108744883,0.8801515226327806
56,5,2024-02-10,0.42081661157619854,0.8897438446435502
56,5,2024-02-17,0.4565813842614121,0.8984303612472344
56,5,2024-02-24,0.4379273792681407,0.8934933341376822
56,5,2024-03-02,0.45508027407532664,0.8940383541514809
56,5,2024-03-09,0.4692106900189089,0.8879625327419283
56,5,2024-03-16,0.46815338430470893,0.890852133064299
56,5,2024-03-23,0.537324661130983,0.8950983205677575
56,5,2024-03-30,0.6149263026001193,0.9139536858391565
56,5,2024-04-06,0.7187622060362321,0.9101537188080353
56,5,2024-04-13,0.7177698407474308,0.9116171615915932
56,5,2024-04-20,0.7345704122812583,0.9062960758836787
56,15,2023-11-04,0.5884401315600801,0.7256380271421394
56,15,2023-11-11,0.6716513771885615,0.7109489419570603
56,15,2023-11-18,0.568162515541392,0.7020131065018397
56,15,2023-11-25,0.5482562957892196,0.6988999822564463
56,15,2023-12-02,0.500759453962943,0.7193824484828306
56,15,2023-12-09,0.5046394630783643,0.7430014097040555
56,15,2023-12-16,0.5128695949547772,0.7611299719043334
56,15,2023-12-23,0.5246986600709569,0.7806926037048356
56,15,2023-12-30,0.5396679432214382,0.8105879207054709
56,15,2024-01-06,0.5383978312581317,0.821770337213649
56,15,2024-01-13,0.5349989720388663,0.8261249540111806
56,15,2024-01-20,0.483307331033391,0.839526551397449
56,15,2024-01-27,0.498208690152334,0.8661295245754246
56,15,2024-02-03,0.49070209274356136,0.8801515226327806
56,15,2024-02-10,0.47695633568710505,0.8897438446435502
56,15,2024-02-17,0.4951616152335977,0.8984303612472344
56,15,2024-02-24,0.4675996325453438,0.8934933341376822
56,15,2024-03-02,0.4720104846360574,0.8940383541514809
56,15,2024-03-09,0.4551078983031699,0.8879625327419283
56,15,2024-03-16,0.47551867798575187,0.890852133064299
56,15,2024-03-23,0.528883083003146,0.8950983205677575
56,15,2024-03-30,0.6029133795947456,0.9139536858391565
56,15,2024-04-06,0.7117486462087425,0.9101537188080353
56,15,2024-04-13,0.7261907703323452,0.9116171615915932
56,15,2024-04-20,0.758153867665865,0.9062960758836787
56,25,2023-11-04,0.6016267954999208,0.7256380271421394
56,25,2023-11-11,0.6794100261571213,0.7109489419570603
56,25,2023-11-18,0.6025810246289214,0.7020131065018397
56,25,2023-11-25,0.5859103812710007,0.6988999822564463
56,25,2023-12-02,0.5268333774637367,0.7193824484828306
56,25,2023-12-09,0.521624338513696,0.7430014097040555
56,25,2023-12-16,0.5360052280863903,0.7611299719043334
56,25,2023-12-23,0.5496359845470027,0.7806926037048356
56,25,2023-12-30,0.5622546783634503,0.8105879207054709
56,25,2024-01-06,0.5679310803613516,0.821770337213649
56,25,2024-01-13,0.5542811004384227,0.8261249540111806
56,25,2024-01-20,0.5075323641913047,0.839526551397449
56,25,2024-01-27,0.5049101163762649,0.8661295245754246
56,25,2024-02-03,0.4955452296530224,0.8801515226327806
56,25,2024-02-10,0.4586142044503277,0.8897438446435502
56,25,2024-02-17,0.48125315292017723,0.8984303612472344
56,25,2024-02-24,0.4742095161600803,0.8934933341376822
56,25,2024-03-02,0.4525372525018944,0.8940383541514809
56,25,2024-03-09,0.4555783495788413,0.8879625327419283
56,25,2024-03-16,0.45976531079353894,0.890852133064299
56,25,2024-03-23,0.5215632880275931,0.8950983205677575
56,25,2024-03-30,0.5820551909532211,0.9139536858391565
56,25,2024-04-06,0.68751253660326,0.9101537188080353
56,25,2024-04-13,0.7016728247042637,0.9116171615915932
56,25,2024-04-20,0.7344532341669133,0.9062960758836787
56,50,2023-11-04,0.621661601279234,0.7256380271421394
56,50,2023-11-11,0.6998473796504489,0.7109489419570603
56,50,2023-11-18,0.6391346353897007,0.7020131065018397
56,50,2023-11-25,0.6287546191651827,0.6988999822564463
56,50,2023-12-02,0.6065357093238357,0.7193824484828306
56,50,2023-12-09,0.6102163798298047,0.7430014097040555
56,50,2023-12-16,0.6132258015032028,0.7611299719043334
56,50,2023-12-23,0.6144880867798225,0.7806926037048356
56,50,2023-12-30,0.6251453182574059,0.8105879207054709
56,50,2024-01-06,0.6402400375599425,0.821770337213649
56,50,2024-01-13,0.620362302536858,0.8261249540111806
56,50,2024-01-20,0.5822911232026894,0.839526551397449
56,50,2024-01-27,0.5664232453611188,0.8661295245754246
56,50,2024-02-03,0.5873607585397405,0.8801515226327806
56,50,2024-02-10,0.5975108520268771,0.8897438446435502
56,50,2024-02-17,0.6277398248474632,0.8984303612472344
56,50,2024-02-24,0.6593338632186039,0.8934933341376822
56,50,2024-03-02,0.6246024778745872,0.8940383541514809
56,50,2024-03-09,0.6083177936845445,0.8879625327419283
56,50,2024-03-16,0.5873184562633811,0.890852133064299
56,50,2024-03-23,0.6091784456345699,0.8950983205677575
56,50,2024-03-30,0.6565379064225959,0.9139536858391565
56,50,2024-04-06,0.7555694505866762,0.9101537188080353
56,50,2024-04-13,0.7626887743742116,0.9116171615915932
56,50,2024-04-20,0.7881807919114884,0.9062960758836787
56,75,2023-11-04,0.6822073334212245,0.7256380271421394
56,75,2023-11-11,0.7013576979267679,0.7109489419570603
56,75,2023-11-18,0.695147469676572,0.7020131065018397
56,75,2023-11-25,0.6956079468156072,0.6988999822564463
56,75,2023-12-02,0.6899140354686022,0.7193824484828306
56,75,2023-12-09,0.6989313346284834,0.7430014097040555
56,75,2023-12-16,0.7088565081125702,0.7611299719043334
56,75,2023-12-23,0.7217195958935578,0.7806926037048356
56,75,2023-12-30,0.740970618977157,0.8105879207054709
56,75,2024-01-06,0.7685674845744636,0.821770337213649
56,75,2024-01-13,0.7712730448372721,0.8261249540111806
56,75,2024-01-20,0.7671979901158845,0.839526551397449
56,75,2024-01-27,0.7719949080715081,0.8661295245754246
56,75,2024-02-03,0.8000806105262562,0.8801515226327806
56,75,2024-02-10,0.8085055284871135,0.8897438446435502
56,75,2024-02-17,0.813044447594055,0.8984303612472344
56,75,2024-02-24,0.8183095208711115,0.8934933341376822
56,75,2024-03-02,0.7996651938059576,0.8940383541514809
56,75,2024-03-09,0.7967932962929474,0.8879625327419283
56,75,2024-03-16,0.7804307727014317,0.890852133064299
56,75,2024-03-23,0.7850074339385626,0.8950983205677575
56,75,2024-03-30,0.8057395488386142,0.9139536858391565
56,75,2024-04-06,0.856815222974299,0.9101537188080353
56,75,2024-04-13,0.8575624732882113,0.9116171615915932
56,75,2024-04-20,0.8746666916413798,0.9062960758836787
72,5,2023-11-04,2.0531460674157302,1.5745283018867926
72,5,2023-11-11,2.2508353960396037,1.6442332474226806
72,5,2023-11-18,1.790760869565217,1.7251068376068375
72,5,2023-11-25,1.4917730362537762,1.7324167312161114
72,5,2023-12-02,1.077250206440958,1.746075085324232
72,5,2023-12-09,0.9759615384615384,1.6740980573543016
72,5,2023-12-16,0.9091908091908092,1.5147693817468106
72,5,2023-12-23,0.8748136315228967,1.3294178794178795
72,5,2023-12-30,0.9148526077097506,1.1192904656319291
72,5,2024-01-06,0.9774939172749392,0.9529236276849642
72,5,2024-01-13,1.040633245382586,0.7637229987293519
72,5,2024-01-20,1.105869872701556,0.6522727272727272
72,5,2024-01-27,1.1842879256965946,0.5320266272189349
72,5,2024-02-03,1.2808724832214764,0.42527999999999994
72,5,2024-02-10,1.3924770642201834,0.31032148900169204
72,5,2024-02-17,1.4243639921722113,0.28374760994263865
72,5,2024-02-24,1.6240406320541763,0.23195329087048833
72,5,2024-03-02,0.5505115089514067,0.2109785202863962
72,5,2024-03-09,0.42197640117994106,0.18696808510638296
72,5,2024-03-16,0.22804054054054054,0.1728395061728395
72,5,2024-03-23,0.21931352459016393,0.17096153846153847
72,5,2024-03-30,0.29033333333333333,0.19095238095238096
72,5,2024-04-06,0.3392307692307692,0.2339506172839506
72,5,2024-04-13,0.4884146341463415,0.23130081300813005
72,5,2024-04-20,0.4361046511627906,0.308125
72,15,2023-11-04,1.7842696629213486,1.5745283018867926
72,15,2023-11-11,1.5512995049504952,1.6442332474226806
72,15,2023-11-18,1.3252377717391304,1.7251068376068375
72,15,2023-11-25,1.1604984894259818,1.7324167312161114
72,15,2023-12-02,0.7576796036333608,1.746075085324232
72,15,2023-12-09,0.584478021978022,1.6740980573543016
72,15,2023-12-16,0.4092907092907093,1.5147693817468106
72,15,2023-12-23,0.3430777422790202,1.3294178794178795
72,15,2023-12-30,0.3155328798185941,1.1192904656319291
72,15,2024-01-06,0.32834549878345504,0.9529236276849642
72,15,2024-01-13,0.34788918205804753,0.7637229987293519
72,15,2024-01-20,0.37687411598302684,0.6522727272727272
72,15,2024-01-27,0.39442724458204337,0.5320266272189349
72,15,2024-02-03,0.31157718120805367,0.42527999999999994
72,15,2024-02-10,0.32724770642201834,0.31032148900169204
72,15,2024-02-17,0.32592954990215267,0.28374760994263865
72,15,2024-02-24,0.3012415349887133,0.23195329087048833
72,15,2024-03-02,0.33772378516624046,0.2109785202863962
72,15,2024-03-09,0.37610619469026546,0.18696808510638296
72,15,2024-03-16,0.3773648648648648,0.1728395061728395
72,15,2024-03-23,0.40717213114754097,0.17096153846153847
72,15,2024-03-30,0.5444444444444444,0.19095238095238096
72,15,2024-04-06,0.6780769230769231,0.2339506172839506
72,15,2024-04-13,0.8585365853658538,0.23130081300813005
72,15,2024-04-20,0.8465116279069769,0.308125
72,25,2023-11-04,1.517415730337079,1.5745283018867926
72,25,2023-11-11,1.5189047029702971,1.6442332474226806
72,25,2023-11-18,1.2835597826086953,1.7251068376068375
72,25,2023-11-25,0.9341012084592145,1.7324167312161114
72,25,2023-12-02,0.6629232039636663,1.746075085324232
72,25,2023-12-09,0.5329212454212453,1.6740980573543016
72,25,2023-12-16,0.4211788211788212,1.5147693817468106
72,25,2023-12-23,0.36634717784877524,1.3294178794178795
72,25,2023-12-30,0.32845804988662136,1.1192904656319291
72,25,2024-01-06,0.3788929440389295,0.9529236276849642
72,25,2024-01-13,0.41477572559366754,0.7637229987293519
72,25,2024-01-20,0.44992927864215,0.6522727272727272
72,25,2024-01-27,0.4920278637770898,0.5320266272189349
72,25,2024-02-03,0.5574664429530202,0.42527999999999994
72,25,2024-02-10,0.5886238532110091,0.31032148900169204
72,25,2024-02-17,0.5247553816046966,0.28374760994263865
72,25,2024-02-24,0.5928893905191873,0.23195329087048833
72,25,2024-03-02,0.6413043478260869,0.2109785202863962
72,25,2024-03-09,0.6799410029498526,0.18696808510638296
72,25,2024-03-16,0.652195945945946,0.1728395061728395
72,25,2024-03-23,0.6973360655737705,0.17096153846153847
72,25,2024-03-30,0.8022222222222223,0.19095238095238096
72,25,2024-04-06,0.8300000000000001,0.2339506172839506
72,25,2024-04-13,0.799390243902439,0.23130081300813005
72,25,2024-04-20,0.7313953488372094,0.308125
72,50,2023-11-04,1.0597191011235956,1.5745283018867926
72,50,2023-11-11,1.1019801980198018,1.6442332474226806
72,50,2023-11-18,1.1196671195652173,1.7251068376068375
72,50,2023-11-25,1.1049093655589124,1.7324167312161114
72,50,2023-12-02,0.9138315441783651,1.746075085324232
72,50,2023-12-09,0.818543956043956,1.6740980573543016
72,50,2023-12-16,0.7395604395604396,1.5147693817468106
72,50,2023-12-23,0.6866347177848775,1.3294178794178795
72,50,2023-12-30,0.6418934240362811,1.1192904656319291
72,50,2024-01-06,0.6535888077858881,0.9529236276849642
72,50,2024-01-13,0.6554089709762534,0.7637229987293519
72,50,2024-01-20,0.6448373408769448,0.6522727272727272
72,50,2024-01-27,0.6606811145510835,0.5320266272189349
72,50,2024-02-03,0.6583892617449664,0.42527999999999994
72,50,2024-02-10,0.7027522935779815,0.31032148900169204
72,50,2024-02-17,0.6178082191780822,0.28374760994263865
72,50,2024-02-24,0.6926636568848757,0.23195329087048833
72,50,2024-03-02,0.7319693094629156,0.2109785202863962
72,50,2024-03-09,0.7290560471976401,0.18696808510638296
72,50,2024-03-16,0.6493243243243244,0.1728395061728395
72,50,2024-03-23,0.6864754098360656,0.17096153846153847
72,50,2024-03-30,0.8327777777777778,0.19095238095238096
72,50,2024-04-06,0.8873076923076924,0.2339506172839506
72,50,2024-04-13,0.8987804878048781,0.23130081300813005
72,50,2024-04-20,0.8465116279069769,0.308125
72,75,2023-11-04,1.058679775280899,1.5745283018867926
72,75,2023-11-11,1.1097462871287127,1.6442332474226806
72,75,2023-11-18,1.1559442934782609,1.7251068376068375
72,75,2023-11-25,1.2389350453172205,1.7324167312161114
72,75,2023-12-02,1.218538398018167,1.746075085324232
72,75,2023-12-09,1.2029761904761904,1.6740980573543016
72,75,2023-12-16,1.1714285714285713,1.5147693817468106
72,75,2023-12-23,1.068849840255591,1.3294178794178795
72,75,2023-12-30,0.9586167800453514,1.1192904656319291
72,75,2024-01-06,0.883029197080292,0.9529236276849642
72,75,2024-01-13,0.8311345646437996,0.7637229987293519
72,75,2024-01-20,0.7391796322489392,0.6522727272727272
72,75,2024-01-27,0.6719814241486066,0.5320266272189349
72,75,2024-02-03,0.5373322147651006,0.42527999999999994
72,75,2024-02-10,0.4702752293577981,0.31032148900169204
72,75,2024-02-17,0.35410958904109585,0.28374760994263865
72,75,2024-02-24,0.3687358916478556,0.23195329087048833
72,75,2024-03-02,0.3649616368286445,0.2109785202863962
72,75,2024-03-09,0.36253687315634214,0.18696808510638296
72,75,2024-03-16,0.354054054054054,0.1728395061728395
72,75,2024-03-23,0.3709016393442623,0.17096153846153847
72,75,2024-03-30,0.4983333333333333,0.19095238095238096
72,75,2024-04-06,0.6142307692307691,0.2339506172839506
72,75,2024-04-13,0.7573170731707316,0.23130081300813005
72,75,2024-04-20,0.6534883720930231,0.308125
38,5,2023-11-04,0.6451359627545752,0.6529900242827378
38,5,2023-11-11,0.5942993517444317,0.6413839807996391
38,5,2023-11-18,0.5866334931101533,0.6315789336824161
38,5,2023-11-25,0.5521219429865334,0.6315186559697823
38,5,2023-12-02,0.5697955951174667,0.6182381631132202
38,5,2023-12-09,0.40938250634860546,0.6353924192114733
38,5,2023-12-16,0.36614111060453025,0.627834500489717
38,5,2023-12-23,0.3981145128594668,0.6291205807081854
38,5,2023-12-30,0.37248905168677837,0.659889861807297
38,5,2024-01-06,0.3589266732745851,0.6798022569237094
38,5,2024-01-13,0.3358081172244128,0.698626917212091
38,5,2024-01-20,0.34568387698288067,0.7316677941886003
38,5,2024-01-27,0.3930102649445857,0.757480760678075
38,5,2024-02-03,0.3729828130557281,0.7761069166471938
38,5,2024-02-10,0.3890648589831494,0.796934850383623
38,5,2024-02-17,0.47535248824545034,0.8204922421338263
38,5,2024-02-24,0.5383819969913616,0.8443503087984078
38,5,2024-03-02,0.5888920883345816,0.8670231917240453
38,5,2024-03-09,0.6510402744580159,0.888235400883533
38,5,2024-03-16,0.7151640206681145,0.9072050252942756
38,5,2024-03-23,0.7704744234567735,0.9167613471436147
38,5,2024-03-30,0.7923212523575667,0.9313827503362914
38,5,2024-04-06,0.8220105672063911,0.9331344942807904
38,5,2024-04-13,0.8076211094976754,0.9377548318852029
38,5,2024-04-20,0.8245337589096887,0.9372323017788248
38,15,2023-11-04,0.5396991987738917,0.6529900242827378
38,15,2023-11-11,0.5333218455604727,0.6413839807996391
38,15,2023-11-18,0.5236052023166077,0.6315789336824161
38,15,2023-11-25,0.508074745184328,0.6315186559697823
38,15,2023-12-02,0.5461307192009359,0.6182381631132202
38,15,2023-12-09,0.4512566797104904,0.6353924192114733
38,15,2023-12-16,0.3935019858657278,0.627834500489717
38,15,2023-12-23,0.41209101332191744,0.6291205807081854
38,15,2023-12-30,0.3816162336360375,0.659889861807297
38,15,2024-01-06,0.3645716637489639,0.6798022569237094
38,15,2024-01-13,0.3496643261000307,0.698626917212091
38,15,2024-01-20,0.36834189125478384,0.7316677941886003
38,15,2024-01-27,0.3946634751860876,0.757480760678075
38,15,2024-02-03,0.38632482842259763,0.7761069166471938
38,15,2024-02-10,0.39772079500121715,0.796934850383623
38,15,2024-02-17,0.46002104441244573,0.8204922421338263
38,15,2024-02-24,0.5175625446951402,0.8443503087984078
38,15,2024-03-02,0.5744930261245978,0.8670231917240453
38,15,2024-03-09,0.6352033902186017,0.888235400883533
38,15,2024-03-16,0.7012482237314751,0.9072050252942756
38,15,2024-03-23,0.7570619456097321,0.9167613471436147
38,15,2024-03-30,0.7814994157307035,0.9313827503362914
38,15,2024-04-06,0.8185329451532953,0.9331344942807904
38,15,2024-04-13,0.8109682328772286,0.9377548318852029
38,15,2024-04-20,0.8400799320045582,0.9372323017788248
38,25,2023-11-04,0.5027379383652267,0.6529900242827378
38,25,2023-11-11,0.5017209288407367,0.6413839807996391
38,25,2023-11-18,0.48373050729892575,0.6315789336824161
38,25,2023-11-25,0.4864493840857858,0.6315186559697823
38,25,2023-12-02,0.4939953065662872,0.6182381631132202
38,25,2023-12-09,0.46095690413076473,0.6353924192114733
38,25,2023-12-16,0.43651080499404155,0.627834500489717
38,25,2023-12-23,0.443666579810408,0.6291205807081854
38,25,2023-12-30,0.40920592399785083,0.659889861807297
38,25,2024-01-06,0.4139511923445418,0.6798022569237094
38,25,2024-01-13,0.38534954836645774,0.698626917212091
38,25,2024-01-20,0.3832667763262688,0.7316677941886003
38,25,2024-01-27,0.4127263535003864,0.757480760678075
38,25,2024-02-03,0.4180543455143599,0.7761069166471938
38,25,2024-02-10,0.4327313656882637,0.796934850383623
38,25,2024-02-17,0.4654567144253866,0.8204922421338263
38,25,2024-02-24,0.5093846289619437,0.8443503087984078
38,25,2024-03-02,0.5563854276226519,0.8670231917240453
38,25,2024-03-09,0.6106177843148821,0.888235400883533
38,25,2024-03-16,0.6710558547969924,0.9072050252942756
38,25,2024-03-23,0.7297773395580595,0.9167613471436147
38,25,2024-03-30,0.7661037618233791,0.9313827503362914
38,25,2024-04-06,0.8041536507469762,0.9331344942807904
38,25,2024-04-13,0.8049789848518325,0.9377548318852029
38,25,2024-04-20,0.8398418662031064,0.9372323017788248
38,50,2023-11-04,0.4987967715801809,0.6529900242827378
38,50,2023-11-11,0.4919025856238505,0.6413839807996391
38,50,2023-11-18,0.488637966878856,0.6315789336824161
38,50,2023-11-25,0.48410760100107014,0.6315186559697823
38,50,2023-12-02,0.4934020119706934,0.6182381631132202
38,50,2023-12-09,0.48433841144444634,0.6353924192114733
38,50,2023-12-16,0.48756330341872617,0.627834500489717
38,50,2023-12-23,0.4916749039560168,0.6291205807081854
38,50,2023-12-30,0.4956515389620106,0.659889861807297
38,50,2024-01-06,0.49641660333135623,0.6798022569237094
38,50,2024-01-13,0.47436543126000535,0.698626917212091
38,50,2024-01-20,0.4662115845959377,0.7316677941886003
38,50,2024-01-27,0.4952353497849218,0.757480760678075
38,50,2024-02-03,0.505424930473058,0.7761069166471938
38,50,2024-02-10,0.509726325997649,0.796934850383623
38,50,2024-02-17,0.5320179495509212,0.8204922421338263
38,50,2024-02-24,0.5698655764914492,0.8443503087984078
38,50,2024-03-02,0.612765680723723,0.8670231917240453
38,50,2024-03-09,0.660867433387905,0.888235400883533
38,50,2024-03-16,0.7129234422025301,0.9072050252942756
38,50,2024-03-23,0.7612324930778078,0.9167613471436147
38,50,2024-03-30,0.7894383201976858,0.9313827503362914
38,50,2024-04-06,0.8318614734975421,0.9331344942807904
38,50,2024-04-13,0.8274449559466162,0.9377548318852029
38,50,2024-04-20,0.8495480669422294,0.9372323017788248
38,75,2023-11-04,0.55072689346605,0.6529900242827378
38,75,2023-11-11,0.5458776038423244,0.6413839807996391
38,75,2023-11-18,0.5401446181927196,0.6315789336824161
38,75,2023-11-25,0.5347718471604315,0.6315186559697823
38,75,2023-12-02,0.5428348348959291,0.6182381631132202
38,75,2023-12-09,0.5320379701416849,0.6353924192114733
38,75,2023-12-16,0.5374965634567073,0.627834500489717
38,75,2023-12-23,0.5391547604676744,0.6291205807081854
38,75,2023-12-30,0.5411475224198372,0.659889861807297
38,75,2024-01-06,0.5623463603126005,0.6798022569237094
38,75,2024-01-13,0.5669387943215826,0.698626917212091
38,75,2024-01-20,0.572010961274085,0.7316677941886003
38,75,2024-01-27,0.604377278370376,0.757480760678075
38,75,2024-02-03,0.624202555194713,0.7761069166471938
38,75,2024-02-10,0.6354633888354538,0.796934850383623
38,75,2024-02-17,0.6563336554483754,0.8204922421338263
38,75,2024-02-24,0.6888181636285311,0.8443503087984078
38,75,2024-03-02,0.7261977081376843,0.8670231917240453
38,75,2024-03-09,0.7626404760014924,0.888235400883533
38,75,2024-03-16,0.8000078859168528,0.9072050252942756
38,75,2024-03-23,0.8317942072572587,0.9167613471436147
38,75,2024-03-30,0.8494452386164695,0.9313827503362914
38,75,2024-04-06,0.8798815899812727,0.9331344942807904
38,75,2024-04-13,0.8761002874899573,0.9377548318852029
38,75,2024-04-20,0.8911466378569088,0.9372323017788248
31,5,2023-11-04,0.9141050212813564,1.20136432445246
31,5,2023-11-11,0.7829880825507372,1.175661415479511
31,5,2023-11-18,0.6702568786409305,1.1373262932400767
31,5,2023-11-25,0.5824214021133005,1.0825639749925866
31,5,2023-12-02,0.5573960808880939,1.0209296806072938
31,5,2023-12-09,0.5385813374718503,0.9445579933300909
31,5,2023-12-16,0.5215427597088317,0.862056168887518
31,5,2023-12-23,0.5114838387789122,0.7732642965220082
31,5,2023-12-30,0.5594210670188533,0.7511657524126135
31,5,2024-01-06,0.6741998466649135,0.7325271443859129
31,5,2024-01-13,0.6484617003490241,0.7222658344462624
31,5,2024-01-20,0.610524918535124,0.7279160801488196
31,5,2024-01-27,0.5520895986708164,0.708419376483154
31,5,2024-02-03,0.5029819352856699,0.7317911190687709
31,5,2024-02-10,0.4907230243950023,0.7765359110254372
31,5,2024-02-17,0.49348625724012873,0.8180773393848484
31,5,2024-02-24,0.5356194225847754,0.852909951857572
31,5,2024-03-02,0.5715217542246119,0.8748761999874356
31,5,2024-03-09,0.5578381767161705,0.8897711128844007
31,5,2024-03-16,0.5800813980612309,0.9013540350156269
31,5,2024-03-23,0.588837232783424,0.9131388939284381
31,5,2024-03-30,0.6231328242594583,0.9228607657913664
31,5,2024-04-06,0.663656306955502,0.9317159109455553
31,5,2024-04-13,0.7038321646351208,0.9319190739200474
31,5,2024-04-20,0.732767342386989,0.9234103963813763
31,15,2023-11-04,1.0222305195973944,1.20136432445246
31,15,2023-11-11,0.8195712901570321,1.175661415479511
31,15,2023-11-18,0.725039146324739,1.1373262932400767
31,15,2023-11-25,0.6419273467446069,1.0825639749925866
31,15,2023-12-02,0.6035387308219392,1.0209296806072938
31,15,2023-12-09,0.5803615575362574,0.9445579933300909
31,15,2023-12-16,0.5686025414905362,0.862056168887518
31,15,2023-12-23,0.5556758512325976,0.7732642965220082
31,15,2023-12-30,0.5727792358987395,0.7511657524126135
31,15,2024-01-06,0.635825420043582,0.7325271443859129
31,15,2024-01-13,0.6349937290388102,0.7222658344462624
31,15,2024-01-20,0.6049830340692544,0.7279160801488196
31,15,2024-01-27,0.5724196454516249,0.708419376483154
31,15,2024-02-03,0.5171144509934124,0.7317911190687709
31,15,2024-02-10,0.5029297548177605,0.7765359110254372
31,15,2024-02-17,0.5050966087645532,0.8180773393848484
31,15,2024-02-24,0.5419337960095096,0.852909951857572
31,15,2024-03-02,0.583704458525935,0.8748761999874356
31,15,2024-03-09,0.6075442287092425,0.8897711128844007
31,15,2024-03-16,0.6328056859414302,0.9013540350156269
31,15,2024-03-23,0.6553627076685394,0.9131388939284381
31,15,2024-03-30,0.6914368798045547,0.9228607657913664
31,15,2024-04-06,0.7235171451100999,0.9317159109455553
31,15,2024-04-13,0.7621732744174227,0.9319190739200474
31,15,2024-04-20,0.7773607039432001,0.9234103963813763
31,25,2023-11-04,1.0475867492137416,1.20136432445246
31,25,2023-11-11,0.8510363252888469,1.175661415479511
31,25,2023-11-18,0.7687156083351324,1.1373262932400767
31,25,2023-11-25,0.713947842680559,1.0825639749925866
31,25,2023-12-02,0.6976768441518861,1.0209296806072938
31,25,2023-12-09,0.6556570392260053,0.9445579933300909
31,25,2023-12-16,0.6310089091154236,0.862056168887518
31,25,2023-12-23,0.6027610037573412,0.7732642965220082
31,25,2023-12-30,0.6099659154754581,0.7511657524126135
31,25,2024-01-06,0.6398005237835074,0.7325271443859129
31,25,2024-01-13,0.6351161565071363,0.7222658344462624
31,25,2024-01-20,0.6106518216234204,0.7279160801488196
31,25,2024-01-27,0.5804845325336312,0.708419376483154
31,25,2024-02-03,0.5326716042702982,0.7317911190687709
31,25,2024-02-10,0.5153168500009602,0.7765359110254372
31,25,2024-02-17,0.5163944530257649,0.8180773393848484
31,25,2024-02-24,0.5583547444557007,0.852909951857572
31,25,2024-03-02,0.6123884935591639,0.8748761999874356
31,25,2024-03-09,0.6371816537502548,0.8897711128844007
31,25,2024-03-16,0.6649140718566625,0.9013540350156269
31,25,2024-03-23,0.6899378926001635,0.9131388939284381
31,25,2024-03-30,0.7238617174058892,0.9228607657913664
31,25,2024-04-06,0.755346138983817,0.9317159109455553
31,25,2024-04-13,0.7950171655556592,0.9319190739200474
31,25,2024-04-20,0.8117275121277264,0.9234103963813763
31,50,2023-11-04,1.0920938195033763,1.20136432445246
31,50,2023-11-11,0.9221661774772075,1.175661415479511
31,50,2023-11-18,0.8515933797021876,1.1373262932400767
31,50,2023-11-25,0.8345681392223554,1.0825639749925866
31,50,2023-12-02,0.8052824275045638,1.0209296806072938
31,50,2023-12-09,0.77861372807944,0.9445579933300909
31,50,2023-12-16,0.7395655710596469,0.862056168887518
31,50,2023-12-23,0.6939900300464353,0.7732642965220082
31,50,2023-12-30,0.6527481678737778,0.7511657524126135
31,50,2024-01-06,0.6573914730202008,0.7325271443859129
31,50,2024-01-13,0.6459843374172117,0.7222658344462624
31,50,2024-01-20,0.6220387431874433,0.7279160801488196
31,50,2024-01-27,0.6021843167461248,0.708419376483154
31,50,2024-02-03,0.5513232977280319,0.7317911190687709
31,50,2024-02-10,0.5684075542270174,0.7765359110254372
31,50,2024-02-17,0.6158036027052806,0.8180773393848484
31,50,2024-02-24,0.6724303422071573,0.852909951857572
31,50,2024-03-02,0.7210370120974747,0.8748761999874356
31,50,2024-03-09,0.7354980007707259,0.8897711128844007
31,50,2024-03-16,0.7522767938369169,0.9013540350156269
31,50,2024-03-23,0.7692840495839434,0.9131388939284381
31,50,2024-03-30,0.7944798441995706,0.9228607657913664
31,50,2024-04-06,0.8177136286204302,0.9317159109455553
31,50,2024-04-13,0.8446488133486338,0.9319190739200474
31,50,2024-04-20,0.8580193406702229,0.9234103963813763
31,75,2023-11-04,1.1337685591983957,1.20136432445246
31,75,2023-11-11,1.0533908212862337,1.175661415479511
31,75,2023-11-18,1.0282310760259883,1.1373262932400767
31,75,2023-11-25,1.0021864334095767,1.0825639749925866
31,75,2023-12-02,0.9612760116133411,1.0209296806072938
31,75,2023-12-09,0.9128477653992899,0.9445579933300909
31,75,2023-12-16,0.85581419508318,0.862056168887518
31,75,2023-12-23,0.7956019801215587,0.7732642965220082
31,75,2023-12-30,0.725007123483644,0.7511657524126135
31,75,2024-01-06,0.7143409684800894,0.7325271443859129
31,75,2024-01-13,0.6902542783417466,0.7222658344462624
31,75,2024-01-20,0.6733493033895066,0.7279160801488196
31,75,2024-01-27,0.6777447000678373,0.708419376483154
31,75,2024-02-03,0.6578508769647949,0.7317911190687709
31,75,2024-02-10,0.6860034033662187,0.7765359110254372
31,75,2024-02-17,0.7377278686763237,0.8180773393848484
31,75,2024-02-24,0.7872734339924208,0.852909951857572
31,75,2024-03-02,0.8239952061655839,0.8748761999874356
31,75,2024-03-09,0.8413516734382849,0.8897711128844007
31,75,2024-03-16,0.8502884705895306,0.9013540350156269
31,75,2024-03-23,0.8591825915920512,0.9131388939284381
31,75,2024-03-30,0.8726237241809597,0.9228607657913664
31,75,2024-04-06,0.8862485441531096,0.9317159109455553
31,75,2024-04-13,0.9044695838066151,0.9319190739200474
31,75,2024-04-20,0.9139339822801681,0.9234103963813763
33,5,2023-11-04,0.4653942513838222,0.9012166248738381
33,5,2023-11-11,0.4225032327696891,0.868634721004103
33,5,2023-11-18,0.4189133805030456,0.824228659476857
33,5,2023-11-25,0.38439481192630126,0.7643591148438411
33,5,2023-12-02,0.4185403851764098,0.6828413809993978
33,5,2023-12-09,0.3571169412078161,0.6037099844794418
33,5,2023-12-16,0.3074427470095165,0.5390311513339566
33,5,2023-12-23,0.4582220785953391,0.5084258121259018
33,5,2023-12-30,0.5193599597019041,0.5189066532876145
33,5,2024-01-06,0.5963231344197711,0.565473756762696
33,5,2024-01-13,0.6411591455686517,0.6217120329840482
33,5,2024-01-20,0.5946951053350727,0.6757823936419638
33,5,2024-01-27,0.4879379489457368,0.722119699115556
33,5,2024-02-03,0.2963687862276511,0.7637676889549098
33,5,2024-02-10,0.27845529778644146,0.8025662512745901
33,5,2024-02-17,0.29106485089123524,0.8303063884699586
33,5,2024-02-24,0.32622016532295317,0.8532296909071453
33,5,2024-03-02,0.4004193943134079,0.8747564328661441
33,5,2024-03-09,0.42391117796897854,0.8872345867193104
33,5,2024-03-16,0.4357292007550308,0.89804350311801
33,5,2024-03-23,0.46444920781667093,0.8977366680603146
33,5,2024-03-30,0.44646007204433186,0.9011282535553297
33,5,2024-04-06,0.4453908946014525,0.9111844501831861
33,5,2024-04-13,0.512077471045534,0.9168181818922047
33,5,2024-04-20,0.5470610296970079,0.9151082876758243
33,15,2023-11-04,0.4598667027139148,0.9012166248738381
33,15,2023-11-11,0.40573307959741106,0.868634721004103
33,15,2023-11-18,0.4294669749889596,0.824228659476857
33,15,2023-11-25,0.38793375842006383,0.7643591148438411
33,15,2023-12-02,0.4748424194463547,0.6828413809993978
33,15,2023-12-09,0.39439337144975145,0.6037099844794418
33,15,2023-12-16,0.2793617229410391,0.5390311513339566
33,15,2023-12-23,0.33594738777076094,0.5084258121259018
33,15,2023-12-30,0.3614818038402161,0.5189066532876145
33,15,2024-01-06,0.43066925866897715,0.565473756762696
33,15,2024-01-13,0.4487468937414748,0.6217120329840482
33,15,2024-01-20,0.4694389327161012,0.6757823936419638
33,15,2024-01-27,0.38996747805001497,0.722119699115556
33,15,2024-02-03,0.2625732435114403,0.7637676889549098
33,15,2024-02-10,0.23647363903671736,0.8025662512745901
33,15,2024-02-17,0.28427528289185583,0.8303063884699586
33,15,2024-02-24,0.3456601856316593,0.8532296909071453
33,15,2024-03-02,0.42767789388822236,0.8747564328661441
33,15,2024-03-09,0.462807919032463,0.8872345867193104
33,15,2024-03-16,0.49244720680513526,0.89804350311801
33,15,2024-03-23,0.5122612936589378,0.8977366680603146
33,15,2024-03-30,0.5003097964482722,0.9011282535553297
33,15,2024-04-06,0.5415043017824384,0.9111844501831861
33,15,2024-04-13,0.623083139926965,0.9168181818922047
33,15,2024-04-20,0.6781245004474956,0.9151082876758243
33,25,2023-11-04,0.432758658560775,0.9012166248738381
33,25,2023-11-11,0.41828990670865485,0.868634721004103
33,25,2023-11-18,0.4215851098475211,0.824228659476857
33,25,2023-11-25,0.42272756507033415,0.7643591148438411
33,25,2023-12-02,0.5019132068646142,0.6828413809993978
33,25,2023-12-09,0.4536767077676094,0.6037099844794418
33,25,2023-12-16,0.3163226003951526,0.5390311513339566
33,25,2023-12-23,0.2709151928631407,0.5084258121259018
33,25,2023-12-30,0.2822580020797167,0.5189066532876145
33,25,2024-01-06,0.325629246061867,0.565473756762696
33,25,2024-01-13,0.3347715423870727,0.6217120329840482
33,25,2024-01-20,0.3502276831234445,0.6757823936419638
33,25,2024-01-27,0.33946726110664255,0.722119699115556
33,25,2024-02-03,0.29712695303861747,0.7637676889549098
33,25,2024-02-10,0.3758007566336204,0.8025662512745901
33,25,2024-02-17,0.4589269065073291,0.8303063884699586
33,25,2024-02-24,0.5210422561977408,0.8532296909071453
33,25,2024-03-02,0.564879035965262,0.8747564328661441
33,25,2024-03-09,0.591853170101474,0.8872345867193104
33,25,2024-03-16,0.5942246762339974,0.89804350311801
33,25,2024-03-23,0.6019512883455389,0.8977366680603146
33,25,2024-03-30,0.5673946901994195,0.9011282535553297
33,25,2024-04-06,0.5776767372683161,0.9111844501831861
33,25,2024-04-13,0.6242347676950646,0.9168181818922047
33,25,2024-04-20,0.6661703753176264,0.9151082876758243
33,50,2023-11-04,0.5304765997316047,0.9012166248738381
33,50,2023-11-11,0.52274933386234,0.868634721004103
33,50,2023-11-18,0.506031034553464,0.824228659476857
33,50,2023-11-25,0.48047948212964675,0.7643591148438411
33,50,2023-12-02,0.45417030641137396,0.6828413809993978
33,50,2023-12-09,0.4350117723230879,0.6037099844794418
33,50,2023-12-16,0.4171073754845385,0.5390311513339566
33,50,2023-12-23,0.40765508881128787,0.5084258121259018
33,50,2023-12-30,0.41719968532494983,0.5189066532876145
33,50,2024-01-06,0.42069411173166804,0.565473756762696
33,50,2024-01-13,0.4305738745334189,0.6217120329840482
33,50,2024-01-20,0.46449761500260717,0.6757823936419638
33,50,2024-01-27,0.5124190588434159,0.722119699115556
33,50,2024-02-03,0.5494887821615794,0.7637676889549098
33,50,2024-02-10,0.5848411939516143,0.8025662512745901
33,50,2024-02-17,0.6324329093224635,0.8303063884699586
33,50,2024-02-24,0.6661587061342186,0.8532296909071453
33,50,2024-03-02,0.7008063480277077,0.8747564328661441
33,50,2024-03-09,0.7240887586183538,0.8872345867193104
33,50,2024-03-16,0.7347317397111326,0.89804350311801
33,50,2024-03-23,0.7489134851422194,0.8977366680603146
33,50,2024-03-30,0.7368095115007334,0.9011282535553297
33,50,2024-04-06,0.744816194343213,0.9111844501831861
33,50,2024-04-13,0.7738203508337274,0.9168181818922047
33,50,2024-04-20,0.8028339844243193,0.9151082876758243
33,75,2023-11-04,0.7671903289535837,0.9012166248738381
33,75,2023-11-11,0.7310514599584098,0.868634721004103
33,75,2023-11-18,0.7020408392921912,0.824228659476857
33,75,2023-11-25,0.6625341026818284,0.7643591148438411
33,75,2023-12-02,0.6240988621317411,0.6828413809993978
33,75,2023-12-09,0.5694033809401905,0.6037099844794418
33,75,2023-12-16,0.5184458294837058,0.5390311513339566
33,75,2023-12-23,0.4780221719835734,0.5084258121259018
33,75,2023-12-30,0.4683525002667061,0.5189066532876145
33,75,2024-01-06,0.48904208102746427,0.565473756762696
33,75,2024-01-13,0.5199658212042283,0.6217120329840482
33,75,2024-01-20,0.5680931298339494,0.6757823936419638
33,75,2024-01-27,0.6161440444534644,0.722119699115556
33,75,2024-02-03,0.664920170330605,0.7637676889549098
33,75,2024-02-10,0.7084185377191675,0.8025662512745901
33,75,2024-02-17,0.7515369882323715,0.8303063884699586
33,75,2024-02-24,0.7830894194185196,0.8532296909071453
33,75,2024-03-02,0.8070723757480985,0.8747564328661441
33,75,2024-03-09,0.8308708892002894,0.8872345867193104
33,75,2024-03-16,0.8411137598661151,0.89804350311801
33,75,2024-03-23,0.8517938651871788,0.8977366680603146
33,75,2024-03-30,0.8437203815363019,0.9011282535553297
33,75,2024-04-06,0.8467592139531348,0.9111844501831861
33,75,2024-04-13,0.860870929054094,0.9168181818922047
33,75,2024-04-20,0.8741156259412357,0.9151082876758243
30,5,2023-11-04,0.8948661009438562,0.749750497895251
30,5,2023-11-11,0.7289598355832914,0.7449493956796581
30,5,2023-11-18,0.6100779238272764,0.7429070787851115
30,5,2023-11-25,0.6738111867276817,0.7333436340884852
30,5,2023-12-02,0.5900343188576402,0.7225973413653297
30,5,2023-12-09,0.5054305497771152,0.724937625186125
30,5,2023-12-16,0.4884189521893692,0.7251274277755373
30,5,2023-12-23,0.4876184705766858,0.7491891552233124
30,5,2023-12-30,0.49297089177565023,0.7674004996733877
30,5,2024-01-06,0.4730596138123937,0.7736473098032256
30,5,2024-01-13,0.49179217250908486,0.7721294894512805
30,5,2024-01-20,0.46425717100070746,0.7712106045474231
30,5,2024-01-27,0.42968246125162546,0.7791027470406351
30,5,2024-02-03,0.40579421807027527,0.766050800497667
30,5,2024-02-10,0.42648005179085874,0.7535775023654305
30,5,2024-02-17,0.5212944113938925,0.7228115657976464
30,5,2024-02-24,0.6185833051881534,0.7499318295418731
30,5,2024-03-02,0.548115818257511,0.7766479209112034
30,5,2024-03-09,0.4941976328344157,0.7928018860270309
30,5,2024-03-16,0.562733688833523,0.8066887759902102
30,5,2024-03-23,0.6350735551277784,0.8015346041428362
30,5,2024-03-30,0.6737430007571982,0.824276101961368
30,5,2024-04-06,0.6731606473616218,0.7677325491586876
30,5,2024-04-13,0.5672529571957226,0.8160984430546505
30,5,2024-04-20,0.7209266883648634,0.8209679359372999
30,15,2023-11-04,0.8058672981585535,0.749750497895251
30,15,2023-11-11,0.734736878550547,0.7449493956796581
30,15,2023-11-18,0.6320550451195038,0.7429070787851115
30,15,2023-11-25,0.6639393481511299,0.7333436340884852
30,15,2023-12-02,0.638392076283841,0.7225973413653297
30,15,2023-12-09,0.5598215789404911,0.724937625186125
30,15,2023-12-16,0.5519556044513113,0.7251274277755373
30,15,2023-12-23,0.5369377653764598,0.7491891552233124
30,15,2023-12-30,0.5395108460285492,0.7674004996733877
30,15,2024-01-06,0.5243722234174256,0.7736473098032256
30,15,2024-01-13,0.5154738233782986,0.7721294894512805
30,15,2024-01-20,0.48019776643768675,0.7712106045474231
30,15,2024-01-27,0.4402507532351252,0.7791027470406351
30,15,2024-02-03,0.4501071543965365,0.766050800497667
30,15,2024-02-10,0.426190222696055,0.7535775023654305
30,15,2024-02-17,0.48707240133376944,0.7228115657976464
30,15,2024-02-24,0.5425473932879884,0.7499318295418731
30,15,2024-03-02,0.45263316224009637,0.7766479209112034
30,15,2024-03-09,0.44425215946635777,0.7928018860270309
30,15,2024-03-16,0.5236263237726931,0.8066887759902102
30,15,2024-03-23,0.5638161486162484,0.8015346041428362
30,15,2024-03-30,0.593450433714206,0.824276101961368
30,15,2024-04-06,0.6273345772232116,0.7677325491586876
30,15,2024-04-13,0.47966982774868494,0.8160984430546505
30,15,2024-04-20,0.6709623380821621,0.8209679359372999
30,25,2023-11-04,0.743078206820661,0.749750497895251
30,25,2023-11-11,0.7589286919862973,0.7449493956796581
30,25,2023-11-18,0.631456067945181,0.7429070787851115
30,25,2023-11-25,0.6863794834039049,0.7333436340884852
30,25,2023-12-02,0.6624680177836129,0.7225973413653297
30,25,2023-12-09,0.5859751824234631,0.724937625186125
30,25,2023-12-16,0.5789311196791055,0.7251274277755373
30,25,2023-12-23,0.5827686032773841,0.7491891552233124
30,25,2023-12-30,0.5820309433084581,0.7674004996733877
30,25,2024-01-06,0.5435045675573115,0.7736473098032256
30,25,2024-01-13,0.5231532932075036,0.7721294894512805
30,25,2024-01-20,0.48872962060747005,0.7712106045474231
30,25,2024-01-27,0.4577382993106956,0.7791027470406351
30,25,2024-02-03,0.4720388538051737,0.766050800497667
30,25,2024-02-10,0.44612557718817814,0.7535775023654305
30,25,2024-02-17,0.48417190601896903,0.7228115657976464
30,25,2024-02-24,0.47689206627090847,0.7499318295418731
30,25,2024-03-02,0.3978631198274057,0.7766479209112034
30,25,2024-03-09,0.4114487537007498,0.7928018860270309
30,25,2024-03-16,0.5196935495924356,0.8066887759902102
30,25,2024-03-23,0.5754194826001443,0.8015346041428362
30,25,2024-03-30,0.5986737335575895,0.824276101961368
30,25,2024-04-06,0.6331578530451326,0.7677325491586876
30,25,2024-04-13,0.5352287654527181,0.8160984430546505
30,25,2024-04-20,0.6841584533343033,0.8209679359372999
30,50,2023-11-04,0.6810082597960665,0.749750497895251
30,50,2023-11-11,0.680193499214971,0.7449493956796581
30,50,2023-11-18,0.6869794421372034,0.7429070787851115
30,50,2023-11-25,0.6905030715907123,0.7333436340884852
30,50,2023-12-02,0.7069735537668996,0.7225973413653297
30,50,2023-12-09,0.7113464106680896,0.724937625186125
30,50,2023-12-16,0.7000616576106744,0.7251274277755373
30,50,2023-12-23,0.6820016094278333,0.7491891552233124
30,50,2023-12-30,0.6645061777653313,0.7674004996733877
30,50,2024-01-06,0.627277818402525,0.7736473098032256
30,50,2024-01-13,0.6010884076659674,0.7721294894512805
30,50,2024-01-20,0.5766491763748955,0.7712106045474231
30,50,2024-01-27,0.549298127626702,0.7791027470406351
30,50,2024-02-03,0.5429361427506069,0.766050800497667
30,50,2024-02-10,0.49313313934523506,0.7535775023654305
30,50,2024-02-17,0.4483213392454038,0.7228115657976464
30,50,2024-02-24,0.36049406325913613,0.7499318295418731
30,50,2024-03-02,0.4329359241579867,0.7766479209112034
30,50,2024-03-09,0.4904819336235073,0.7928018860270309
30,50,2024-03-16,0.5491312453318288,0.8066887759902102
30,50,2024-03-23,0.5923074305323892,0.8015346041428362
30,50,2024-03-30,0.5923464964882753,0.824276101961368
30,50,2024-04-06,0.6426170085262352,0.7677325491586876
30,50,2024-04-13,0.47702740412202377,0.8160984430546505
30,50,2024-04-20,0.6489812535996611,0.8209679359372999
30,75,2023-11-04,0.668286641983316,0.749750497895251
30,75,2023-11-11,0.6681025002828711,0.7449493956796581
30,75,2023-11-18,0.6679638553240453,0.7429070787851115
30,75,2023-11-25,0.6718451016960987,0.7333436340884852
30,75,2023-12-02,0.6734784570317028,0.7225973413653297
30,75,2023-12-09,0.6725478587565145,0.724937625186125
30,75,2023-12-16,0.6790908562101787,0.7251274277755373
30,75,2023-12-23,0.6850633614445122,0.7491891552233124
30,75,2023-12-30,0.6988976090968021,0.7674004996733877
30,75,2024-01-06,0.6982517031767443,0.7736473098032256
30,75,2024-01-13,0.686939542656519,0.7721294894512805
30,75,2024-01-20,0.6682111808787374,0.7712106045474231
30,75,2024-01-27,0.6525346983875285,0.7791027470406351
30,75,2024-02-03,0.6468383678957349,0.766050800497667
30,75,2024-02-10,0.615330796739454,0.7535775023654305
30,75,2024-02-17,0.5777211314896341,0.7228115657976464
30,75,2024-02-24,0.5033513017068175,0.7499318295418731
30,75,2024-03-02,0.5378297785901343,0.7766479209112034
30,75,2024-03-09,0.572301186390061,0.7928018860270309
30,75,2024-03-16,0.6157592035448934,0.8066887759902102
30,75,2024-03-23,0.6495647964130472,0.8015346041428362
30,75,2024-03-30,0.6501754890497846,0.824276101961368
30,75,2024-04-06,0.6917396915744377,0.7677325491586876
30,75,2024-04-13,0.5419848891472401,0.8160984430546505
30,75,2024-04-20,0.6902323470006277,0.8209679359372999
35,5,2023-11-04,0.5894384760112664,0.6304050215936039
35,5,2023-11-11,0.44664127964069483,0.6281444257472094
35,5,2023-11-18,0.5049151683807346,0.621885697184416
35,5,2023-11-25,0.5248954659079005,0.6133537230935383
35,5,2023-12-02,0.47805529223957727,0.6057188959750196
35,5,2023-12-09,0.38642419211206974,0.6113637460727253
35,5,2023-12-16,0.31593996727501067,0.6291260114630243
35,5,2023-12-23,0.27413663737548505,0.6421829349340279
35,5,2023-12-30,0.2807610592627871,0.6413966545357586
35,5,2024-01-06,0.3830656444294506,0.6391380229071237
35,5,2024-01-13,0.481364317943927,0.6307103577746164
35,5,2024-01-20,0.545792444656536,0.6389212899307444
35,5,2024-01-27,0.3890301380545968,0.6564479919887094
35,5,2024-02-03,0.3711117413018123,0.6760439561741469
35,5,2024-02-10,0.437084009521667,0.7072638954496293
35,5,2024-02-17,0.5096737148855632,0.7333142527413762
35,5,2024-02-24,0.5596154511429109,0.7559759351835033
35,5,2024-03-02,0.6193574199169098,0.7808213568165087
35,5,2024-03-09,0.6670659052074737,0.8012870520826517
35,5,2024-03-16,0.7050590337095121,0.806132285056549
35,5,2024-03-23,0.7154808860107046,0.8296307022861714
35,5,2024-03-30,0.7584882399326892,0.8256214126662298
35,5,2024-04-06,0.7685653789034269,0.8310406378395594
35,5,2024-04-13,0.7874017476931371,0.8124883210819421
35,5,2024-04-20,0.7044672660095479,0.8456139904771506
35,15,2023-11-04,0.5385819091182488,0.6304050215936039
35,15,2023-11-11,0.4627815829061465,0.6281444257472094
35,15,2023-11-18,0.4691074893088621,0.621885697184416
35,15,2023-11-25,0.4819567647384707,0.6133537230935383
35,15,2023-12-02,0.48109927761360366,0.6057188959750196
35,15,2023-12-09,0.39240589288809813,0.6113637460727253
35,15,2023-12-16,0.3494567995812273,0.6291260114630243
35,15,2023-12-23,0.2849119245186646,0.6421829349340279
35,15,2023-12-30,0.2776956954884367,0.6413966545357586
35,15,2024-01-06,0.2747283247300398,0.6391380229071237
35,15,2024-01-13,0.28865882203395177,0.6307103577746164
35,15,2024-01-20,0.3025379088590659,0.6389212899307444
35,15,2024-01-27,0.34046759688374595,0.6564479919887094
35,15,2024-02-03,0.35889666393189223,0.6760439561741469
35,15,2024-02-10,0.43004891026917447,0.7072638954496293
35,15,2024-02-17,0.48972981495467993,0.7333142527413762
35,15,2024-02-24,0.5538530615683213,0.7559759351835033
35,15,2024-03-02,0.6134976676612713,0.7808213568165087
35,15,2024-03-09,0.6705408252222241,0.8012870520826517
35,15,2024-03-16,0.6932514169344098,0.806132285056549
35,15,2024-03-23,0.7056323674846415,0.8296307022861714
35,15,2024-03-30,0.7422892461528857,0.8256214126662298
35,15,2024-04-06,0.7286527373017403,0.8310406378395594
35,15,2024-04-13,0.7317335316521614,0.8124883210819421
35,15,2024-04-20,0.6222621205422643,0.8456139904771506
35,25,2023-11-04,0.5156490807414418,0.6304050215936039
35,25,2023-11-11,0.4679607770743371,0.6281444257472094
35,25,2023-11-18,0.4812539433053818,0.621885697184416
35,25,2023-11-25,0.4927739042256211,0.6133537230935383
35,25,2023-12-02,0.4804220522621006,0.6057188959750196
35,25,2023-12-09,0.4319792671249389,0.6113637460727253
35,25,2023-12-16,0.395836696983014,0.6291260114630243
35,25,2023-12-23,0.3616140814377055,0.6421829349340279
35,25,2023-12-30,0.32542816438311767,0.6413966545357586
35,25,2024-01-06,0.2903605084391481,0.6391380229071237
35,25,2024-01-13,0.2725517986420738,0.6307103577746164
35,25,2024-01-20,0.2720313664808329,0.6389212899307444
35,25,2024-01-27,0.29974799681101805,0.6564479919887094
35,25,2024-02-03,0.3230101017806082,0.6760439561741469
35,25,2024-02-10,0.38533106094734854,0.7072638954496293
35,25,2024-02-17,0.44392789427538415,0.7333142527413762
35,25,2024-02-24,0.5181394602304383,0.7559759351835033
35,25,2024-03-02,0.580123089152832,0.7808213568165087
35,25,2024-03-09,0.6350987294752708,0.8012870520826517
35,25,2024-03-16,0.6696378518316104,0.806132285056549
35,25,2024-03-23,0.6901266551221763,0.8296307022861714
35,25,2024-03-30,0.7327336673998752,0.8256214126662298
35,25,2024-04-06,0.7306159193837996,0.8310406378395594
35,25,2024-04-13,0.7325048078842509,0.8124883210819421
35,25,2024-04-20,0.6082986455039632,0.8456139904771506
35,50,2023-11-04,0.5273877774947288,0.6304050215936039
35,50,2023-11-11,0.5085932230261918,0.6281444257472094
35,50,2023-11-18,0.5217744005293841,0.621885697184416
35,50,2023-11-25,0.5354090283018913,0.6133537230935383
35,50,2023-12-02,0.5332483979756839,0.6057188959750196
35,50,2023-12-09,0.505997257357155,0.6113637460727253
35,50,2023-12-16,0.481064965627772,0.6291260114630243
35,50,2023-12-23,0.4606044012791861,0.6421829349340279
35,50,2023-12-30,0.4308375574814331,0.6413966545357586
35,50,2024-01-06,0.3955570094877083,0.6391380229071237
35,50,2024-01-13,0.355262533965614,0.6307103577746164
35,50,2024-01-20,0.2989063576130807,0.6389212899307444
35,50,2024-01-27,0.2903065871441808,0.6564479919887094
35,50,2024-02-03,0.32650353294009277,0.6760439561741469
35,50,2024-02-10,0.40985708996730896,0.7072638954496293
35,50,2024-02-17,0.49423792051181525,0.7333142527413762
35,50,2024-02-24,0.5517898039431178,0.7559759351835033
35,50,2024-03-02,0.597422802503537,0.7808213568165087
35,50,2024-03-09,0.6424844972880496,0.8012870520826517
35,50,2024-03-16,0.6739476254328405,0.806132285056549
35,50,2024-03-23,0.6866563532786703,0.8296307022861714
35,50,2024-03-30,0.7287682601932682,0.8256214126662298
35,50,2024-04-06,0.7173781398308051,0.8310406378395594
35,50,2024-04-13,0.7249331135595151,0.8124883210819421
35,50,2024-04-20,0.6057575569215227,0.8456139904771506
35,75,2023-11-04,0.5912758646428792,0.6304050215936039
35,75,2023-11-11,0.5813347587556433,0.6281444257472094
35,75,2023-11-18,0.5971395698953882,0.621885697184416
35,75,2023-11-25,0.595417417672609,0.6133537230935383
35,75,2023-12-02,0.5925629536868461,0.6057188959750196
35,75,2023-12-09,0.5866011939980675,0.6113637460727253
35,75,2023-12-16,0.5908484572175637,0.6291260114630243
35,75,2023-12-23,0.5951159866234529,0.6421829349340279
35,75,2023-12-30,0.5774754865169581,0.6413966545357586
35,75,2024-01-06,0.5520052036109879,0.6391380229071237
35,75,2024-01-13,0.5303580990947552,0.6307103577746164
35,75,2024-01-20,0.5015982351014743,0.6389212899307444
35,75,2024-01-27,0.4959608196962071,0.6564479919887094
35,75,2024-02-03,0.510674437586917,0.6760439561741469
35,75,2024-02-10,0.5407367398666937,0.7072638954496293
35,75,2024-02-17,0.5819293452572677,0.7333142527413762
35,75,2024-02-24,0.6178496202083958,0.7559759351835033
35,75,2024-03-02,0.6542889104480774,0.7808213568165087
35,75,2024-03-09,0.6915611235392578,0.8012870520826517
35,75,2024-03-16,0.7199179560621305,0.806132285056549
35,75,2024-03-23,0.7291785050273478,0.8296307022861714
35,75,2024-03-30,0.7623928519174992,0.8256214126662298
35,75,2024-04-06,0.7518061745216079,0.8310406378395594
35,75,2024-04-13,0.7552239747492144,0.8124883210819421
35,75,2024-04-20,0.6439818619811026,0.8456139904771506
34,5,2023-11-04,0.5476513580248397,0.42378527927955706
34,5,2023-11-11,0.36497647301798813,0.42128145203794326
34,5,2023-11-18,0.3630766877151628,0.42003354119729847
34,5,2023-11-25,0.34845299073859354,0.4120138064124114
34,5,2023-12-02,0.34141762614823085,0.40735928321829357
34,5,2023-12-09,0.3452602326647224,0.40585046933112195
34,5,2023-12-16,0.34176414747414263,0.4012200524878184
34,5,2023-12-23,0.33307833699524286,0.4167280205509078
34,5,2023-12-30,0.34941592634432994,0.4342368640494133
34,5,2024-01-06,0.3867217867104318,0.4357131351148615
34,5,2024-01-13,0.41969919397279926,0.4513111127236373
34,5,2024-01-20,0.438035036265578,0.4829084853061952
34,5,2024-01-27,0.4636648115180395,0.5353587651657797
34,5,2024-02-03,0.4509078951632527,0.5957531225957281
34,5,2024-02-10,0.421360403957811,0.6477715813549747
34,5,2024-02-17,0.4374652133207087,0.6923068364754484
34,5,2024-02-24,0.47682603923097483,0.7225236854283164
34,5,2024-03-02,0.5360084912550311,0.7555397264354343
34,5,2024-03-09,0.573806663369482,0.7751413242150358
34,5,2024-03-16,0.5969910084182881,0.7974257044899972
34,5,2024-03-23,0.6157976145147936,0.8196436273913689
34,5,2024-03-30,0.6499931051378468,0.8430666298779786
34,5,2024-04-06,0.6914251127344796,0.8550721994676613
34,5,2024-04-13,0.7170142829107016,0.8596716122029807
34,5,2024-04-20,0.7180019254114323,0.8646248235363604
34,15,2023-11-04,0.49631599323308545,0.42378527927955706
34,15,2023-11-11,0.3515448942160768,0.42128145203794326
34,15,2023-11-18,0.34811742158289444,0.42003354119729847
34,15,2023-11-25,0.34356655470058267,0.4120138064124114
34,15,2023-12-02,0.34154052982901767,0.40735928321829357
34,15,2023-12-09,0.3415953924128353,0.40585046933112195
34,15,2023-12-16,0.3483017094456003,0.4012200524878184
34,15,2023-12-23,0.33801483868031484,0.4167280205509078
34,15,2023-12-30,0.3371638733734798,0.4342368640494133
34,15,2024-01-06,0.3675599818599973,0.4357131351148615
34,15,2024-01-13,0.37692717957072397,0.4513111127236373
34,15,2024-01-20,0.3980207419149621,0.4829084853061952
34,15,2024-01-27,0.43215381741071107,0.5353587651657797
34,15,2024-02-03,0.4314257127287465,0.5957531225957281
34,15,2024-02-10,0.4079736473160993,0.6477715813549747
34,15,2024-02-17,0.4159773351534842,0.6923068364754484
34,15,2024-02-24,0.4463416839166032,0.7225236854283164
34,15,2024-03-02,0.5099118244397853,0.7555397264354343
34,15,2024-03-09,0.5560865151681319,0.7751413242150358
34,15,2024-03-16,0.5791913904256311,0.7974257044899972
34,15,2024-03-23,0.6001005095181592,0.8196436273913689
34,15,2024-03-30,0.6387315096748128,0.8430666298779786
34,15,2024-04-06,0.6880138904329469,0.8550721994676613
34,15,2024-04-13,0.7078446987008541,0.8596716122029807
34,15,2024-04-20,0.7133633959646969,0.8646248235363604
34,25,2023-11-04,0.4050658811458453,0.42378527927955706
34,25,2023-11-11,0.34879884491243657,0.42128145203794326
34,25,2023-11-18,0.34700443133522274,0.42003354119729847
34,25,2023-11-25,0.34557470835814436,0.4120138064124114
34,25,2023-12-02,0.34218176237892267,0.40735928321829357
34,25,2023-12-09,0.33831068569171246,0.40585046933112195
34,25,2023-12-16,0.34200256920128336,0.4012200524878184
34,25,2023-12-23,0.3333233766975993,0.4167280205509078
34,25,2023-12-30,0.33831873284252434,0.4342368640494133
34,25,2024-01-06,0.35682540128957163,0.4357131351148615
34,25,2024-01-13,0.3690458018652245,0.4513111127236373
34,25,2024-01-20,0.3715945454485708,0.4829084853061952
34,25,2024-01-27,0.4161155627119379,0.5353587651657797
34,25,2024-02-03,0.4218614649284578,0.5957531225957281
34,25,2024-02-10,0.39817054568571225,0.6477715813549747
34,25,2024-02-17,0.3965183881796623,0.6923068364754484
34,25,2024-02-24,0.4254193933909663,0.7225236854283164
34,25,2024-03-02,0.4992782521827984,0.7555397264354343
34,25,2024-03-09,0.5419241475331416,0.7751413242150358
34,25,2024-03-16,0.5743021438650653,0.7974257044899972
34,25,2024-03-23,0.6139592351154481,0.8196436273913689
34,25,2024-03-30,0.653469106608041,0.8430666298779786
34,25,2024-04-06,0.7013977623759029,0.8550721994676613
34,25,2024-04-13,0.7278270794288665,0.8596716122029807
34,25,2024-04-20,0.7372272330972838,0.8646248235363604
34,50,2023-11-04,0.36779156561871684,0.42378527927955706
34,50,2023-11-11,0.3501556666111777,0.42128145203794326
34,50,2023-11-18,0.3461235317316561,0.42003354119729847
34,50,2023-11-25,0.35382182303231746,0.4120138064124114
34,50,2023-12-02,0.34974354989091316,0.40735928321829357
34,50,2023-12-09,0.3464127972262403,0.40585046933112195
34,50,2023-12-16,0.3493573091261722,0.4012200524878184
34,50,2023-12-23,0.34495152382947336,0.4167280205509078
34,50,2023-12-30,0.3554468503176607,0.4342368640494133
34,50,2024-01-06,0.3599785749286498,0.4357131351148615
34,50,2024-01-13,0.3467821269838387,0.4513111127236373
34,50,2024-01-20,0.3507959271472626,0.4829084853061952
34,50,2024-01-27,0.37553840057896953,0.5353587651657797
34,50,2024-02-03,0.3984288823543433,0.5957531225957281
34,50,2024-02-10,0.3872422265795027,0.6477715813549747
34,50,2024-02-17,0.39120451649686,0.6923068364754484
34,50,2024-02-24,0.42862855246256865,0.7225236854283164
34,50,2024-03-02,0.4968201298347806,0.7555397264354343
34,50,2024-03-09,0.5501852430039375,0.7751413242150358
34,50,2024-03-16,0.5864304594497827,0.7974257044899972
34,50,2024-03-23,0.6282514032669095,0.8196436273913689
34,50,2024-03-30,0.667753979600598,0.8430666298779786
34,50,2024-04-06,0.7150043435409488,0.8550721994676613
34,50,2024-04-13,0.7390746217236261,0.8596716122029807
34,50,2024-04-20,0.7469639798660047,0.8646248235363604
34,75,2023-11-04,0.35108029174441224,0.42378527927955706
34,75,2023-11-11,0.3432223769943307,0.42128145203794326
34,75,2023-11-18,0.3448258232201664,0.42003354119729847
34,75,2023-11-25,0.3470173382409898,0.4120138064124114
34,75,2023-12-02,0.3425761478223207,0.40735928321829357
34,75,2023-12-09,0.3417749177204927,0.40585046933112195
34,75,2023-12-16,0.3445505374237069,0.4012200524878184
34,75,2023-12-23,0.34386792543534,0.4167280205509078
34,75,2023-12-30,0.3560234369878298,0.4342368640494133
34,75,2024-01-06,0.36009173463962274,0.4357131351148615
34,75,2024-01-13,0.3463704433563623,0.4513111127236373
34,75,2024-01-20,0.34906634193895886,0.4829084853061952
34,75,2024-01-27,0.37861540027025237,0.5353587651657797
34,75,2024-02-03,0.41596745620152165,0.5957531225957281
34,75,2024-02-10,0.4333815307022037,0.6477715813549747
34,75,2024-02-17,0.4742441345942242,0.6923068364754484
34,75,2024-02-24,0.5446294664549092,0.7225236854283164
34,75,2024-03-02,0.5943780461268245,0.7555397264354343
34,75,2024-03-09,0.6399235356160456,0.7751413242150358
34,75,2024-03-16,0.6661047103631424,0.7974257044899972
34,75,2024-03-23,0.697526274826651,0.8196436273913689
34,75,2024-03-30,0.7302797285191162,0.8430666298779786
34,75,2024-04-06,0.7680179560638293,0.8550721994676613
34,75,2024-04-13,0.7890593208868211,0.8596716122029807
34,75,2024-04-20,0.7916704818231339,0.8646248235363604
36,5,2023-11-04,0.2588866451311102,0.3548056220764631
36,5,2023-11-11,0.29121128232049437,0.3530218699823039
36,5,2023-11-18,0.27822004781923715,0.3519441642245515
36,5,2023-11-25,0.29693396465008043,0.3517104306572781
36,5,2023-12-02,0.2882182681569594,0.3523632274806444
36,5,2023-12-09,0.33094592686247326,0.3588660350532661
36,5,2023-12-16,0.35911358199188925,0.36719434859186983
36,5,2023-12-23,0.3766461978103782,0.37811292923942674
36,5,2023-12-30,0.38671540196931903,0.3941431093519262
36,5,2024-01-06,0.4143554814874831,0.3998446642997645
36,5,2024-01-13,0.42414718536691054,0.4171664646336842
36,5,2024-01-20,0.4456572160177005,0.4533524382562371
36,5,2024-01-27,0.40880722112300716,0.5030278596425125
36,5,2024-02-03,0.3779571013655536,0.547909566158277
36,5,2024-02-10,0.40204255349557044,0.5952040096153859
36,5,2024-02-17,0.42565097992049145,0.6409877136272456
36,5,2024-02-24,0.45907423089625454,0.6716948791043513
36,5,2024-03-02,0.5105062620991079,0.6940652506703903
36,5,2024-03-09,0.5474384820538325,0.7102491679796528
36,5,2024-03-16,0.5656278595725959,0.7313963857014857
36,5,2024-03-23,0.591241491424623,0.7638546211201531
36,5,2024-03-30,0.6469197024222694,0.795940891369666
36,5,2024-04-06,0.7009402177909798,0.812718553548669
36,5,2024-04-13,0.7329473502297439,0.8124349373982586
36,5,2024-04-20,0.7324866773973011,0.7914728962209608
36,15,2023-11-04,0.279842934265142,0.3548056220764631
36,15,2023-11-11,0.2808696232637762,0.3530218699823039
36,15,2023-11-18,0.2807420143951913,0.3519441642245515
36,15,2023-11-25,0.2892248325773899,0.3517104306572781
36,15,2023-12-02,0.2922724689493085,0.3523632274806444
36,15,2023-12-09,0.2923125027538042,0.3588660350532661
36,15,2023-12-16,0.29353127442014715,0.36719434859186983
36,15,2023-12-23,0.3104059463462627,0.37811292923942674
36,15,2023-12-30,0.32990944739893874,0.3941431093519262
36,15,2024-01-06,0.36315346016414674,0.3998446642997645
36,15,2024-01-13,0.3828310255911076,0.4171664646336842
36,15,2024-01-20,0.395516838964384,0.4533524382562371
36,15,2024-01-27,0.3945353583864729,0.5030278596425125
36,15,2024-02-03,0.3608561734869882,0.547909566158277
36,15,2024-02-10,0.358448978556376,0.5952040096153859
36,15,2024-02-17,0.35489338648665464,0.6409877136272456
36,15,2024-02-24,0.37523834660489225,0.6716948791043513
36,15,2024-03-02,0.43744220487875474,0.6940652506703903
36,15,2024-03-09,0.4703494716678341,0.7102491679796528
36,15,2024-03-16,0.49559171747802316,0.7313963857014857
36,15,2024-03-23,0.533311754322051,0.7638546211201531
36,15,2024-03-30,0.6025422689566278,0.795940891369666
36,15,2024-04-06,0.6764377004639958,0.812718553548669
36,15,2024-04-13,0.7103588823696342,0.8124349373982586
36,15,2024-04-20,0.7263158764159591,0.7914728962209608
36,25,2023-11-04,0.26494795216153344,0.3548056220764631
36,25,2023-11-11,0.2791300191047293,0.3530218699823039
36,25,2023-11-18,0.27626234934069865,0.3519441642245515
36,25,2023-11-25,0.2865019824702094,0.3517104306572781
36,25,2023-12-02,0.29441797265761893,0.3523632274806444
36,25,2023-12-09,0.28500658950154617,0.3588660350532661
36,25,2023-12-16,0.2821324349938166,0.36719434859186983
36,25,2023-12-23,0.2875119743554344,0.37811292923942674
36,25,2023-12-30,0.3052324807985521,0.3941431093519262
36,25,2024-01-06,0.33357684744051097,0.3998446642997645
36,25,2024-01-13,0.35647609776027994,0.4171664646336842
36,25,2024-01-20,0.36903593078628505,0.4533524382562371
36,25,2024-01-27,0.3732470737323425,0.5030278596425125
36,25,2024-02-03,0.34719322395465707,0.547909566158277
36,25,2024-02-10,0.343080164614877,0.5952040096153859
36,25,2024-02-17,0.33812961123995894,0.6409877136272456
36,25,2024-02-24,0.33661209754795646,0.6716948791043513
36,25,2024-03-02,0.40454617699364476,0.6940652506703903
36,25,2024-03-09,0.4427716105658446,0.7102491679796528
36,25,2024-03-16,0.47899490555319146,0.7313963857014857
36,25,2024-03-23,0.5269250499933934,0.7638546211201531
36,25,2024-03-30,0.6043579635449289,0.795940891369666
36,25,2024-04-06,0.6728444646667295,0.812718553548669
36,25,2024-04-13,0.712910312770979,0.8124349373982586
36,25,2024-04-20,0.728566658652632,0.7914728962209608
36,50,2023-11-04,0.26949112838492517,0.3548056220764631
36,50,2023-11-11,0.2741397563951818,0.3530218699823039
36,50,2023-11-18,0.27637148636501363,0.3519441642245515
36,50,2023-11-25,0.2861911145853003,0.3517104306572781
36,50,2023-12-02,0.2904761019771184,0.3523632274806444
36,50,2023-12-09,0.28703888274658407,0.3588660350532661
36,50,2023-12-16,0.2843501704589381,0.36719434859186983
36,50,2023-12-23,0.28922028898254754,0.37811292923942674
36,50,2023-12-30,0.29662512164360433,0.3941431093519262
36,50,2024-01-06,0.3066846834140706,0.3998446642997645
36,50,2024-01-13,0.3039379466480128,0.4171664646336842
36,50,2024-01-20,0.30893747120788995,0.4533524382562371
36,50,2024-01-27,0.3289058124323776,0.5030278596425125
36,50,2024-02-03,0.32927877133687816,0.547909566158277
36,50,2024-02-10,0.34329603172495343,0.5952040096153859
36,50,2024-02-17,0.34283350722344236,0.6409877136272456
36,50,2024-02-24,0.36638824028732275,0.6716948791043513
36,50,2024-03-02,0.43372403438143914,0.6940652506703903
36,50,2024-03-09,0.472246533938117,0.7102491679796528
36,50,2024-03-16,0.4982167639374454,0.7313963857014857
36,50,2024-03-23,0.538997542930107,0.7638546211201531
36,50,2024-03-30,0.6092163356212829,0.795940891369666
36,50,2024-04-06,0.6820520261131084,0.812718553548669
36,50,2024-04-13,0.7217723721714783,0.8124349373982586
36,50,2024-04-20,0.738205462669846,0.7914728962209608
36,75,2023-11-04,0.2708369415114211,0.3548056220764631
36,75,2023-11-11,0.27669628987920025,0.3530218699823039
36,75,2023-11-18,0.2776678630844841,0.3519441642245515
36,75,2023-11-25,0.27803394304107065,0.3517104306572781
36,75,2023-12-02,0.2870032046871766,0.3523632274806444
36,75,2023-12-09,0.28850941838730304,0.3588660350532661
36,75,2023-12-16,0.28858471551458376,0.36719434859186983
36,75,2023-12-23,0.2900990370327744,0.37811292923942674
36,75,2023-12-30,0.2906274286219896,0.3941431093519262
36,75,2024-01-06,0.29657693041941785,0.3998446642997645
36,75,2024-01-13,0.2898441299972279,0.4171664646336842
36,75,2024-01-20,0.2936975906703987,0.4533524382562371
36,75,2024-01-27,0.32141419418291195,0.5030278596425125
36,75,2024-02-03,0.3355377537053759,0.547909566158277
36,75,2024-02-10,0.38961728865976475,0.5952040096153859
36,75,2024-02-17,0.43903836377515915,0.6409877136272456
36,75,2024-02-24,0.5192789735409898,0.6716948791043513
36,75,2024-03-02,0.5642234423290184,0.6940652506703903
36,75,2024-03-09,0.5944703739938243,0.7102491679796528
36,75,2024-03-16,0.6166223910633568,0.7313963857014857
36,75,2024-03-23,0.6491187999166382,0.7638546211201531
36,75,2024-03-30,0.6976939471717594,0.795940891369666
36,75,2024-04-06,0.7491354115030816,0.812718553548669
36,75,2024-04-13,0.781023055384833,0.8124349373982586
36,75,2024-04-20,0.7937104195220006,0.7914728962209608
39,5,2023-11-04,0.30067724561628967,0.5252289434952236
39,5,2023-11-11,0.25310701407713215,0.5198970100409026
39,5,2023-11-18,0.2600765732123632,0.5125708876164817
39,5,2023-11-25,0.2839860249351064,0.5060751331028771
39,5,2023-12-02,0.2659141880806077,0.4961887196888882
39,5,2023-12-09,0.31269539725046924,0.4873468855437635
39,5,2023-12-16,0.2538403935534963,0.4708747637026702
39,5,2023-12-23,0.2852933781662029,0.45562025402922485
39,5,2023-12-30,0.3072946115570131,0.46187001432826036
39,5,2024-01-06,0.36944069840641924,0.5003197745002068
39,5,2024-01-13,0.3303914616553188,0.5313385351167317
39,5,2024-01-20,0.3499324376912221,0.5660679389557338
39,5,2024-01-27,0.3250214411878045,0.6100231055901464
39,5,2024-02-03,0.3025446961842345,0.6551192570548113
39,5,2024-02-10,0.31002454547978664,0.6959371729794662
39,5,2024-02-17,0.3297147928249079,0.7312724926235841
39,5,2024-02-24,0.40492706762587816,0.7616072479461606
39,5,2024-03-02,0.45846101755240204,0.7804356679020891
39,5,2024-03-09,0.4690188167429728,0.7928430370062238
39,5,2024-03-16,0.44926156458596217,0.7911704130788099
39,5,2024-03-23,0.44499499580126084,0.8092148659213307
39,5,2024-03-30,0.5006016563957818,0.8315751045683291
39,5,2024-04-06,0.5638341842779829,0.8471727734273623
39,5,2024-04-13,0.6156513092846675,0.8392408527745447
39,5,2024-04-20,0.5748149035708634,0.8273211720998168
39,15,2023-11-04,0.35907110037135315,0.5252289434952236
39,15,2023-11-11,0.31828641118528206,0.5198970100409026
39,15,2023-11-18,0.2962909008503671,0.5125708876164817
39,15,2023-11-25,0.3142756319918761,0.5060751331028771
39,15,2023-12-02,0.29051760997081016,0.4961887196888882
39,15,2023-12-09,0.30994712516119555,0.4873468855437635
39,15,2023-12-16,0.2896867255133928,0.4708747637026702
39,15,2023-12-23,0.3029798073872395,0.45562025402922485
39,15,2023-12-30,0.31412786480832877,0.46187001432826036
39,15,2024-01-06,0.36126224630811393,0.5003197745002068
39,15,2024-01-13,0.3462250644589183,0.5313385351167317
39,15,2024-01-20,0.34193343742554233,0.5660679389557338
39,15,2024-01-27,0.3366204546727296,0.6100231055901464
39,15,2024-02-03,0.32030234461340495,0.6551192570548113
39,15,2024-02-10,0.32338539678236117,0.6959371729794662
39,15,2024-02-17,0.34312264820983857,0.7312724926235841
39,15,2024-02-24,0.41620115727069074,0.7616072479461606
39,15,2024-03-02,0.4559265580563772,0.7804356679020891
39,15,2024-03-09,0.48503533533182375,0.7928430370062238
39,15,2024-03-16,0.513313123148559,0.7911704130788099
39,15,2024-03-23,0.5156654992688434,0.8092148659213307
39,15,2024-03-30,0.5790978285879769,0.8315751045683291
39,15,2024-04-06,0.6479580763650603,0.8471727734273623
39,15,2024-04-13,0.7060049657853407,0.8392408527745447
39,15,2024-04-20,0.695147955230988,0.8273211720998168
39,25,2023-11-04,0.3880331032281748,0.5252289434952236
39,25,2023-11-11,0.3358167530919278,0.5198970100409026
39,25,2023-11-18,0.3211274497368978,0.5125708876164817
39,25,2023-11-25,0.3427194757597453,0.5060751331028771
39,25,2023-12-02,0.3217502970512019,0.4961887196888882
39,25,2023-12-09,0.32810294949573565,0.4873468855437635
39,25,2023-12-16,0.3083879513777593,0.4708747637026702
39,25,2023-12-23,0.31849284766461244,0.45562025402922485
39,25,2023-12-30,0.31862961453582567,0.46187001432826036
39,25,2024-01-06,0.3395939165273179,0.5003197745002068
39,25,2024-01-13,0.3466583438170377,0.5313385351167317
39,25,2024-01-20,0.3380250894212232,0.5660679389557338
39,25,2024-01-27,0.3379419825529105,0.6100231055901464
39,25,2024-02-03,0.33473866507133454,0.6551192570548113
39,25,2024-02-10,0.3526610530428213,0.6959371729794662
39,25,2024-02-17,0.37454705522900705,0.7312724926235841
39,25,2024-02-24,0.4396405959000271,0.7616072479461606
39,25,2024-03-02,0.4863513553636069,0.7804356679020891
39,25,2024-03-09,0.518019600161234,0.7928430370062238
39,25,2024-03-16,0.5361928366592627,0.7911704130788099
39,25,2024-03-23,0.5366356166319042,0.8092148659213307
39,25,2024-03-30,0.5942657437506247,0.8315751045683291
39,25,2024-04-06,0.6600208560729202,0.8471727734273623
39,25,2024-04-13,0.7179529568448807,0.8392408527745447
39,25,2024-04-20,0.7097346026408519,0.8273211720998168
39,50,2023-11-04,0.39410709530251375,0.5252289434952236
39,50,2023-11-11,0.37400824871276117,0.5198970100409026
39,50,2023-11-18,0.3600432441389822,0.5125708876164817
39,50,2023-11-25,0.36728099666375613,0.5060751331028771
39,50,2023-12-02,0.3605362210360397,0.4961887196888882
39,50,2023-12-09,0.35933847407685165,0.4873468855437635
39,50,2023-12-16,0.3458902921772969,0.4708747637026702
39,50,2023-12-23,0.3445396278138863,0.45562025402922485
39,50,2023-12-30,0.335228169073803,0.46187001432826036
39,50,2024-01-06,0.3478323023264223,0.5003197745002068
39,50,2024-01-13,0.36278841545241314,0.5313385351167317
39,50,2024-01-20,0.3671270491945412,0.5660679389557338
39,50,2024-01-27,0.3784443618523799,0.6100231055901464
39,50,2024-02-03,0.39115703832591164,0.6551192570548113
39,50,2024-02-10,0.4358971427873058,0.6959371729794662
39,50,2024-02-17,0.49209370164110067,0.7312724926235841
39,50,2024-02-24,0.5565391351707805,0.7616072479461606
39,50,2024-03-02,0.6020198972369574,0.7804356679020891
39,50,2024-03-09,0.6255805677163855,0.7928430370062238
39,50,2024-03-16,0.6398267786019483,0.7911704130788099
39,50,2024-03-23,0.6382779622880979,0.8092148659213307
39,50,2024-03-30,0.6764211895494917,0.8315751045683291
39,50,2024-04-06,0.7285390718739326,0.8471727734273623
39,50,2024-04-13,0.7710934550532524,0.8392408527745447
39,50,2024-04-20,0.7696301642373089,0.8273211720998168
39,75,2023-11-04,0.432430248492905,0.5252289434952236
39,75,2023-11-11,0.39074443446713075,0.5198970100409026
39,75,2023-11-18,0.389654620730219,0.5125708876164817
39,75,2023-11-25,0.3875999106403093,0.5060751331028771
39,75,2023-12-02,0.38809106792254433,0.4961887196888882
39,75,2023-12-09,0.38833895363371235,0.4873468855437635
39,75,2023-12-16,0.38983513616377513,0.4708747637026702
39,75,2023-12-23,0.3839002058682413,0.45562025402922485
39,75,2023-12-30,0.37877448793856905,0.46187001432826036
39,75,2024-01-06,0.3897503831615984,0.5003197745002068
39,75,2024-01-13,0.41586928521010474,0.5313385351167317
39,75,2024-01-20,0.4453625244419281,0.5660679389557338
39,75,2024-01-27,0.47561037745467527,0.6100231055901464
39,75,2024-02-03,0.5061608861247258,0.6551192570548113
39,75,2024-02-10,0.5568590497602348,0.6959371729794662
39,75,2024-02-17,0.6070637163090483,0.7312724926235841
39,75,2024-02-24,0.6543935241230067,0.7616072479461606
39,75,2024-03-02,0.6877807524707854,0.7804356679020891
39,75,2024-03-09,0.7100370709848086,0.7928430370062238
39,75,2024-03-16,0.7222674462939784,0.7911704130788099
39,75,2024-03-23,0.7196564220233382,0.8092148659213307
39,75,2024-03-30,0.7463374625216803,0.8315751045683291
39,75,2024-04-06,0.7820883765441763,0.8471727734273623
39,75,2024-04-13,0.8141465266653058,0.8392408527745447
39,75,2024-04-20,0.8097440246973266,0.8273211720998168
40,5,2023-11-04,0.6134971008683571,0.5940291059418131
40,5,2023-11-11,0.42527607248461824,0.5886300910133242
40,5,2023-11-18,0.6570500637034402,0.5864753367967417
40,5,2023-11-25,0.4380502493420882,0.5821496453285026
40,5,2023-12-02,0.3918735004812643,0.5729735156207436
40,5,2023-12-09,0.37411073862495936,0.5736742812315302
40,5,2023-12-16,0.37914089039428756,0.5639688663816902
40,5,2023-12-23,0.3606953777280121,0.5582204178221374
40,5,2023-12-30,0.3450514195224678,0.5823676966409226
40,5,2024-01-06,0.33137462561953956,0.5976430201979718
40,5,2024-01-13,0.33494988992242747,0.6258260312945524
40,5,2024-01-20,0.3121467972448739,0.6475278650312847
40,5,2024-01-27,0.32082924089576575,0.6645625048472174
40,5,2024-02-03,0.3102457803125135,0.672598493455336
40,5,2024-02-10,0.3112994953160436,0.6672102698381639
40,5,2024-02-17,0.2813672003659129,0.6415662202689584
40,5,2024-02-24,0.25714394775166693,0.6009207998530313
40,5,2024-03-02,0.2504823894986479,0.616964535740895
40,5,2024-03-09,0.2758476043031237,0.614319227531682
40,5,2024-03-16,0.3165643948466043,0.5871104358227726
40,5,2024-03-23,0.28143275906996784,0.5549501627060128
40,5,2024-03-30,0.24844728178613487,0.532635141154961
40,5,2024-04-06,0.2608817166941216,0.45851426941164725
40,5,2024-04-13,0.21356716239973136,0.38343354075536124
40,5,2024-04-20,0.05760326054796118,0.3997934848287919
40,15,2023-11-04,0.6215127178246045,0.5940291059418131
40,15,2023-11-11,0.43640389149469955,0.5886300910133242
40,15,2023-11-18,0.6415260381595418,0.5864753367967417
40,15,2023-11-25,0.49302914300921896,0.5821496453285026
40,15,2023-12-02,0.42485102092500476,0.5729735156207436
40,15,2023-12-09,0.3901288106715342,0.5736742812315302
40,15,2023-12-16,0.3848554154821031,0.5639688663816902
40,15,2023-12-23,0.375213617440591,0.5582204178221374
40,15,2023-12-30,0.3621916316174852,0.5823676966409226
40,15,2024-01-06,0.3708584402884999,0.5976430201979718
40,15,2024-01-13,0.3736697570588258,0.6258260312945524
40,15,2024-01-20,0.38010705672603284,0.6475278650312847
40,15,2024-01-27,0.3748167894386708,0.6645625048472174
40,15,2024-02-03,0.3734704187004175,0.672598493455336
40,15,2024-02-10,0.35961910701616695,0.6672102698381639
40,15,2024-02-17,0.3369442085473191,0.6415662202689584
40,15,2024-02-24,0.29313812162361574,0.6009207998530313
40,15,2024-03-02,0.28502995180190166,0.616964535740895
40,15,2024-03-09,0.29190899904191203,0.614319227531682
40,15,2024-03-16,0.34186081352280884,0.5871104358227726
40,15,2024-03-23,0.32478920579175585,0.5549501627060128
40,15,2024-03-30,0.3218841879362299,0.532635141154961
40,15,2024-04-06,0.3377379001458264,0.45851426941164725
40,15,2024-04-13,0.24226406755277072,0.38343354075536124
40,15,2024-04-20,0.0942415003674528,0.3997934848287919
40,25,2023-11-04,0.590724096409882,0.5940291059418131
40,25,2023-11-11,0.4610637210330859,0.5886300910133242
40,25,2023-11-18,0.5742238589159085,0.5864753367967417
40,25,2023-11-25,0.5031670401637872,0.5821496453285026
40,25,2023-12-02,0.4377087655782632,0.5729735156207436
40,25,2023-12-09,0.4037884500262165,0.5736742812315302
40,25,2023-12-16,0.3924642065513722,0.5639688663816902
40,25,2023-12-23,0.38126327217494993,0.5582204178221374
40,25,2023-12-30,0.36780732642097047,0.5823676966409226
40,25,2024-01-06,0.3756167294986808,0.5976430201979718
40,25,2024-01-13,0.39425407777421917,0.6258260312945524
40,25,2024-01-20,0.4165841019268303,0.6475278650312847
40,25,2024-01-27,0.4119113664357381,0.6645625048472174
40,25,2024-02-03,0.398532123245647,0.672598493455336
40,25,2024-02-10,0.3972250981462266,0.6672102698381639
40,25,2024-02-17,0.3771672696793323,0.6415662202689584
40,25,2024-02-24,0.31967986941964516,0.6009207998530313
40,25,2024-03-02,0.2767070623312811,0.616964535740895
40,25,2024-03-09,0.3212751030437539,0.614319227531682
40,25,2024-03-16,0.34744389409415966,0.5871104358227726
40,25,2024-03-23,0.34081035006801363,0.5549501627060128
40,25,2024-03-30,0.3463748155210158,0.532635141154961
40,25,2024-04-06,0.3500276093554168,0.45851426941164725
40,25,2024-04-13,0.23874975677748786,0.38343354075536124
40,25,2024-04-20,0.0682768288819611,0.3997934848287919
40,50,2023-11-04,0.5841785626681861,0.5940291059418131
40,50,2023-11-11,0.4895229047124228,0.5886300910133242
40,50,2023-11-18,0.5110702824466066,0.5864753367967417
40,50,2023-11-25,0.480346941815778,0.5821496453285026
40,50,2023-12-02,0.46175571799666754,0.5729735156207436
40,50,2023-12-09,0.4521667703327711,0.5736742812315302
40,50,2023-12-16,0.44952837100401355,0.5639688663816902
40,50,2023-12-23,0.4576242650697713,0.5582204178221374
40,50,2023-12-30,0.4490845536918292,0.5823676966409226
40,50,2024-01-06,0.46049650956687066,0.5976430201979718
40,50,2024-01-13,0.478555761674236,0.6258260312945524
40,50,2024-01-20,0.4947305167677875,0.6475278650312847
40,50,2024-01-27,0.5089402986454443,0.6645625048472174
40,50,2024-02-03,0.5127442597094155,0.672598493455336
40,50,2024-02-10,0.5088015403471603,0.6672102698381639
40,50,2024-02-17,0.4967759091657003,0.6415662202689584
40,50,2024-02-24,0.442090319485464,0.6009207998530313
40,50,2024-03-02,0.3625857652483764,0.616964535740895
40,50,2024-03-09,0.3834227030659946,0.614319227531682
40,50,2024-03-16,0.3979539718156217,0.5871104358227726
40,50,2024-03-23,0.37596356533157044,0.5549501627060128
40,50,2024-03-30,0.3609311830801736,0.532635141154961
40,50,2024-04-06,0.36713481042567897,0.45851426941164725
40,50,2024-04-13,0.27516238468854953,0.38343354075536124
40,50,2024-04-20,0.10156459186345283,0.3997934848287919
40,75,2023-11-04,0.5590018171166633,0.5940291059418131
40,75,2023-11-11,0.5129595437926711,0.5886300910133242
40,75,2023-11-18,0.5193382308518891,0.5864753367967417
40,75,2023-11-25,0.5152454802353466,0.5821496453285026
40,75,2023-12-02,0.5084189537189717,0.5729735156207436
40,75,2023-12-09,0.5023377372963378,0.5736742812315302
40,75,2023-12-16,0.5104863271727874,0.5639688663816902
40,75,2023-12-23,0.5045804868572279,0.5582204178221374
40,75,2023-12-30,0.4996427739192964,0.5823676966409226
40,75,2024-01-06,0.5164440682210949,0.5976430201979718
40,75,2024-01-13,0.5373890521948134,0.6258260312945524
40,75,2024-01-20,0.5665220513151936,0.6475278650312847
40,75,2024-01-27,0.5860996022428934,0.6645625048472174
40,75,2024-02-03,0.598637583354922,0.672598493455336
40,75,2024-02-10,0.6026348345491007,0.6672102698381639
40,75,2024-02-17,0.6011644024236212,0.6415662202689584
40,75,2024-02-24,0.5631495606955492,0.6009207998530313
40,75,2024-03-02,0.5121544508428584,0.616964535740895
40,75,2024-03-09,0.5318062895022908,0.614319227531682
40,75,2024-03-16,0.5252815174199068,0.5871104358227726
40,75,2024-03-23,0.5017929841840659,0.5549501627060128
40,75,2024-03-30,0.4746013417660722,0.532635141154961
40,75,2024-04-06,0.47789881818796415,0.45851426941164725
40,75,2024-04-13,0.3927618576075768,0.38343354075536124
40,75,2024-04-20,0.22345375904651388,0.3997934848287919
41,5,2023-11-04,1.4111247636735793,0.7481671890837622
41,5,2023-11-11,0.9540061656578446,0.7326283996701473
41,5,2023-11-18,0.6389827004349745,0.7174564830645044
41,5,2023-11-25,0.5868626369711095,0.7001783141307351
41,5,2023-12-02,0.3876289501111583,0.6640333056925292
41,5,2023-12-09,0.34473222989211133,0.6124646427151972
41,5,2023-12-16,0.47125478483189137,0.5593752354585526
41,5,2023-12-23,0.5607481546942251,0.4799931664598489
41,5,2023-12-30,0.6086920078242622,0.4517886138967994
41,5,2024-01-06,0.7484541369624912,0.4770373052038583
41,5,2024-01-13,0.835519382251153,0.518105755494789
41,5,2024-01-20,0.8481428332541009,0.5421516986911027
41,5,2024-01-27,0.6772216975535771,0.5383633484734639
41,5,2024-02-03,0.4507654631673859,0.5825349487984726
41,5,2024-02-10,0.38548820159459685,0.6403378007103105
41,5,2024-02-17,0.3286714564856814,0.6926521856171927
41,5,2024-02-24,0.3835560432275132,0.7428821785024589
41,5,2024-03-02,0.4184492710023497,0.7741767617527474
41,5,2024-03-09,0.47297732130200787,0.80614745287013
41,5,2024-03-16,0.5123236202073158,0.8308023445630102
41,5,2024-03-23,0.5603671122463818,0.8538615934231408
41,5,2024-03-30,0.6188883694663518,0.8499884903327829
41,5,2024-04-06,0.5942046609347263,0.8533408507818357
41,5,2024-04-13,0.5953569180900227,0.8592556117031496
41,5,2024-04-20,0.5543712610926516,0.8849655771580833
41,15,2023-11-04,1.3825036197982128,0.7481671890837622
41,15,2023-11-11,0.8653225235904809,0.7326283996701473
41,15,2023-11-18,0.5913953559419762,0.7174564830645044
41,15,2023-11-25,0.5412448372951493,0.7001783141307351
41,15,2023-12-02,0.4025801203529382,0.6640333056925292
41,15,2023-12-09,0.371412378595514,0.6124646427151972
41,15,2023-12-16,0.3951943177544826,0.5593752354585526
41,15,2023-12-23,0.45966961741588797,0.4799931664598489
41,15,2023-12-30,0.4778395358139626,0.4517886138967994
41,15,2024-01-06,0.5553440794681415,0.4770373052038583
41,15,2024-01-13,0.6036020805506193,0.518105755494789
41,15,2024-01-20,0.6420662682815476,0.5421516986911027
41,15,2024-01-27,0.5786424513528936,0.5383633484734639
41,15,2024-02-03,0.4436923713086413,0.5825349487984726
41,15,2024-02-10,0.3757169823598625,0.6403378007103105
41,15,2024-02-17,0.35445778652880633,0.6926521856171927
41,15,2024-02-24,0.4045112768355683,0.7428821785024589
41,15,2024-03-02,0.4399115741877973,0.7741767617527474
41,15,2024-03-09,0.4938158622652188,0.80614745287013
41,15,2024-03-16,0.5488794496671859,0.8308023445630102
41,15,2024-03-23,0.6045168450693277,0.8538615934231408
41,15,2024-03-30,0.648814841378109,0.8499884903327829
41,15,2024-04-06,0.6347396248153088,0.8533408507818357
41,15,2024-04-13,0.6420898646147786,0.8592556117031496
41,15,2024-04-20,0.6023429442678939,0.8849655771580833
41,25,2023-11-04,1.3086277683190761,0.7481671890837622
41,25,2023-11-11,0.9114229802137109,0.7326283996701473
41,25,2023-11-18,0.6078062709011713,0.7174564830645044
41,25,2023-11-25,0.5431303789125522,0.7001783141307351
41,25,2023-12-02,0.4157750924347398,0.6640333056925292
41,25,2023-12-09,0.38337665459005904,0.6124646427151972
41,25,2023-12-16,0.365272412624148,0.5593752354585526
41,25,2023-12-23,0.39594741613010725,0.4799931664598489
41,25,2023-12-30,0.3942944844206399,0.4517886138967994
41,25,2024-01-06,0.4281884665941852,0.4770373052038583
41,25,2024-01-13,0.45485080923687404,0.518105755494789
41,25,2024-01-20,0.4906778026025977,0.5421516986911027
41,25,2024-01-27,0.48288564722774424,0.5383633484734639
41,25,2024-02-03,0.414586636708579,0.5825349487984726
41,25,2024-02-10,0.3681190694745437,0.6403378007103105
41,25,2024-02-17,0.35745675338580707,0.6926521856171927
41,25,2024-02-24,0.41942375315819347,0.7428821785024589
41,25,2024-03-02,0.4686369155922635,0.7741767617527474
41,25,2024-03-09,0.5197258717978138,0.80614745287013
41,25,2024-03-16,0.5765128587736632,0.8308023445630102
41,25,2024-03-23,0.6282360746919597,0.8538615934231408
41,25,2024-03-30,0.67670383811061,0.8499884903327829
41,25,2024-04-06,0.6633496942253898,0.8533408507818357
41,25,2024-04-13,0.664773277224456,0.8592556117031496
41,25,2024-04-20,0.6256094950895061,0.8849655771580833
41,50,2023-11-04,1.0519608630397113,0.7481671890837622
41,50,2023-11-11,0.8075147747783584,0.7326283996701473
41,50,2023-11-18,0.5986523420879404,0.7174564830645044
41,50,2023-11-25,0.5485237718974938,0.7001783141307351
41,50,2023-12-02,0.47184952227893484,0.6640333056925292
41,50,2023-12-09,0.4225869706043229,0.6124646427151972
41,50,2023-12-16,0.4100677343408102,0.5593752354585526
41,50,2023-12-23,0.3982596444928015,0.4799931664598489
41,50,2023-12-30,0.3659606528890601,0.4517886138967994
41,50,2024-01-06,0.3713290993677462,0.4770373052038583
41,50,2024-01-13,0.403536426039036,0.518105755494789
41,50,2024-01-20,0.44005718736054106,0.5421516986911027
41,50,2024-01-27,0.4386350193735452,0.5383633484734639
41,50,2024-02-03,0.40247265353881984,0.5825349487984726
41,50,2024-02-10,0.4102749734880627,0.6403378007103105
41,50,2024-02-17,0.44346353727038196,0.6926521856171927
41,50,2024-02-24,0.5205007960667907,0.7428821785024589
41,50,2024-03-02,0.5957864324513947,0.7741767617527474
41,50,2024-03-09,0.6372412670517366,0.80614745287013
41,50,2024-03-16,0.6807404562329106,0.8308023445630102
41,50,2024-03-23,0.7193767457318309,0.8538615934231408
41,50,2024-03-30,0.758209637839846,0.8499884903327829
41,50,2024-04-06,0.7477548952244625,0.8533408507818357
41,50,2024-04-13,0.74694232454934,0.8592556117031496
41,50,2024-04-20,0.7165918771453379,0.8849655771580833
41,75,2023-11-04,0.8271770255886971,0.7481671890837622
41,75,2023-11-11,0.740924764345044,0.7326283996701473
41,75,2023-11-18,0.7191447936747959,0.7174564830645044
41,75,2023-11-25,0.7083978764698944,0.7001783141307351
41,75,2023-12-02,0.640533137074751,0.6640333056925292
41,75,2023-12-09,0.6023372738125143,0.6124646427151972
41,75,2023-12-16,0.5753018512038778,0.5593752354585526
41,75,2023-12-23,0.555688758715753,0.4799931664598489
41,75,2023-12-30,0.5100865779187707,0.4517886138967994
41,75,2024-01-06,0.4825088372119518,0.4770373052038583
41,75,2024-01-13,0.49058773094935126,0.518105755494789
41,75,2024-01-20,0.5029862331059355,0.5421516986911027
41,75,2024-01-27,0.5024735370285269,0.5383633484734639
41,75,2024-02-03,0.46897337019657503,0.5825349487984726
41,75,2024-02-10,0.4933439656259408,0.6403378007103105
41,75,2024-02-17,0.5444240807684018,0.6926521856171927
41,75,2024-02-24,0.6111358877291908,0.7428821785024589
41,75,2024-03-02,0.6746267978540438,0.7741767617527474
41,75,2024-03-09,0.7105006829103075,0.80614745287013
41,75,2024-03-16,0.7494158864439767,0.8308023445630102
41,75,2024-03-23,0.7801988590047567,0.8538615934231408
41,75,2024-03-30,0.8097211601446818,0.8499884903327829
41,75,2024-04-06,0.7994056366825536,0.8533408507818357
41,75,2024-04-13,0.7960564397522853,0.8592556117031496
41,75,2024-04-20,0.7729205680356382,0.8849655771580833
42,5,2023-11-04,0.4109207093797646,0.462864278016199
42,5,2023-11-11,0.34555573298834746,0.45515430947140456
42,5,2023-11-18,0.3757965826432838,0.4508830128557812
42,5,2023-11-25,0.3595172784766093,0.44337988267135736
42,5,2023-12-02,0.38145461985677037,0.4357046561062436
42,5,2023-12-09,0.3968058959220657,0.4346994303333065
42,5,2023-12-16,0.38968112964708196,0.4340710056696998
42,5,2023-12-23,0.41441970430344843,0.4404274302379871
42,5,2023-12-30,0.43329984726786996,0.46229408656735693
42,5,2024-01-06,0.5566294490250187,0.4680549963159984
42,5,2024-01-13,0.5681570379258977,0.5062325669554576
42,5,2024-01-20,0.5163338403798434,0.5445905762072287
42,5,2024-01-27,0.42330693094464433,0.5580884698919001
42,5,2024-02-03,0.3190808755214585,0.5751583857240278
42,5,2024-02-10,0.3008322355442348,0.6348607370111671
42,5,2024-02-17,0.40159978726358386,0.6861554212114161
42,5,2024-02-24,0.4900859708201588,0.7216590178912428
42,5,2024-03-02,0.5265371538306337,0.7480002893902116
42,5,2024-03-09,0.5558746513190698,0.7603016930848138
42,5,2024-03-16,0.565524316380698,0.7630957156374621
42,5,2024-03-23,0.5687251667844253,0.7731617733330425
42,5,2024-03-30,0.6061903702337428,0.7758574333174884
42,5,2024-04-06,0.6321564373548316,0.7820983056352919
42,5,2024-04-13,0.646226139205753,0.7746172800489797
42,5,2024-04-20,0.5989009167566091,0.7656920785757712
42,15,2023-11-04,0.4290019747186976,0.462864278016199
42,15,2023-11-11,0.3410106475613017,0.45515430947140456
42,15,2023-11-18,0.3857290778424234,0.4508830128557812
42,15,2023-11-25,0.38718171883223435,0.44337988267135736
42,15,2023-12-02,0.3819071216628947,0.4357046561062436
42,15,2023-12-09,0.3723668851359214,0.4346994303333065
42,15,2023-12-16,0.37752178807192865,0.4340710056696998
42,15,2023-12-23,0.37492673361079476,0.4404274302379871
42,15,2023-12-30,0.4127605538057152,0.46229408656735693
42,15,2024-01-06,0.43674191096635573,0.4680549963159984
42,15,2024-01-13,0.45225945298018894,0.5062325669554576
42,15,2024-01-20,0.47630568709869814,0.5445905762072287
42,15,2024-01-27,0.41529899281423516,0.5580884698919001
42,15,2024-02-03,0.3727677490769175,0.5751583857240278
42,15,2024-02-10,0.34254687969427716,0.6348607370111671
42,15,2024-02-17,0.35999687846224626,0.6861554212114161
42,15,2024-02-24,0.36649108119855894,0.7216590178912428
42,15,2024-03-02,0.4809584257194533,0.7480002893902116
42,15,2024-03-09,0.5146095947895865,0.7603016930848138
42,15,2024-03-16,0.5251921730544725,0.7630957156374621
42,15,2024-03-23,0.5294349311633215,0.7731617733330425
42,15,2024-03-30,0.5644767507025342,0.7758574333174884
42,15,2024-04-06,0.5923681524909236,0.7820983056352919
42,15,2024-04-13,0.6171058343085322,0.7746172800489797
42,15,2024-04-20,0.5979375400606347,0.7656920785757712
42,25,2023-11-04,0.41405266812659186,0.462864278016199
42,25,2023-11-11,0.3794499814161866,0.45515430947140456
42,25,2023-11-18,0.3876598733403437,0.4508830128557812
42,25,2023-11-25,0.3839920765191043,0.44337988267135736
42,25,2023-12-02,0.3767145659753929,0.4357046561062436
42,25,2023-12-09,0.36888498052629864,0.4346994303333065
42,25,2023-12-16,0.3744073071001488,0.4340710056696998
42,25,2023-12-23,0.3900855156917342,0.4404274302379871
42,25,2023-12-30,0.4204442712775234,0.46229408656735693
42,25,2024-01-06,0.4478298515465385,0.4680549963159984
42,25,2024-01-13,0.46181921855595837,0.5062325669554576
42,25,2024-01-20,0.4823954339322845,0.5445905762072287
42,25,2024-01-27,0.44211557008205954,0.5580884698919001
42,25,2024-02-03,0.3854223072601879,0.5751583857240278
42,25,2024-02-10,0.33143815358970363,0.6348607370111671
42,25,2024-02-17,0.33946829859234917,0.6861554212114161
42,25,2024-02-24,0.347057186292493,0.7216590178912428
42,25,2024-03-02,0.40566281376159813,0.7480002893902116
42,25,2024-03-09,0.4523387779195241,0.7603016930848138
42,25,2024-03-16,0.4725857550183691,0.7630957156374621
42,25,2024-03-23,0.4856380259301377,0.7731617733330425
42,25,2024-03-30,0.5397438249587928,0.7758574333174884
42,25,2024-04-06,0.5717125623766677,0.7820983056352919
42,25,2024-04-13,0.5967042139367107,0.7746172800489797
42,25,2024-04-20,0.5875567601864478,0.7656920785757712
42,50,2023-11-04,0.40259172337382926,0.462864278016199
42,50,2023-11-11,0.37456109450420444,0.45515430947140456
42,50,2023-11-18,0.3676176342473585,0.4508830128557812
42,50,2023-11-25,0.3580310626933988,0.44337988267135736
42,50,2023-12-02,0.35931863305672374,0.4357046561062436
42,50,2023-12-09,0.36131732432922703,0.4346994303333065
42,50,2023-12-16,0.37029634809419476,0.4340710056696998
42,50,2023-12-23,0.3846082694184088,0.4404274302379871
42,50,2023-12-30,0.39766019485511045,0.46229408656735693
42,50,2024-01-06,0.40348581045915316,0.4680549963159984
42,50,2024-01-13,0.39778066756137076,0.5062325669554576
42,50,2024-01-20,0.4189574815957096,0.5445905762072287
42,50,2024-01-27,0.4174699221280497,0.5580884698919001
42,50,2024-02-03,0.39122080832057476,0.5751583857240278
42,50,2024-02-10,0.36441852049163903,0.6348607370111671
42,50,2024-02-17,0.38709948840759884,0.6861554212114161
42,50,2024-02-24,0.4559004751956677,0.7216590178912428
42,50,2024-03-02,0.5296818499167925,0.7480002893902116
42,50,2024-03-09,0.5686284730971668,0.7603016930848138
42,50,2024-03-16,0.5878327137808438,0.7630957156374621
42,50,2024-03-23,0.6112937260416259,0.7731617733330425
42,50,2024-03-30,0.6411507203016459,0.7758574333174884
42,50,2024-04-06,0.6595792570074408,0.7820983056352919
42,50,2024-04-13,0.6864309378573581,0.7746172800489797
42,50,2024-04-20,0.6797330653122493,0.7656920785757712
42,75,2023-11-04,0.40025357087103386,0.462864278016199
42,75,2023-11-11,0.3842738195703494,0.45515430947140456
42,75,2023-11-18,0.3761793921151424,0.4508830128557812
42,75,2023-11-25,0.3765072582346373,0.44337988267135736
42,75,2023-12-02,0.37719375779256553,0.4357046561062436
42,75,2023-12-09,0.3789025846213082,0.4346994303333065
42,75,2023-12-16,0.38549145047667416,0.4340710056696998
42,75,2023-12-23,0.3956571060895253,0.4404274302379871
42,75,2023-12-30,0.41083288220819447,0.46229408656735693
42,75,2024-01-06,0.42235003586262926,0.4680549963159984
42,75,2024-01-13,0.4224979590741863,0.5062325669554576
42,75,2024-01-20,0.46509151659775005,0.5445905762072287
42,75,2024-01-27,0.47833004454954486,0.5580884698919001
42,75,2024-02-03,0.4664259446147295,0.5751583857240278
42,75,2024-02-10,0.4591880959277495,0.6348607370111671
42,75,2024-02-17,0.5028293790026364,0.6861554212114161
42,75,2024-02-24,0.5740135794004585,0.7216590178912428
42,75,2024-03-02,0.6310548995983398,0.7480002893902116
42,75,2024-03-09,0.6654027174766285,0.7603016930848138
42,75,2024-03-16,0.6759603404985376,0.7630957156374621
42,75,2024-03-23,0.6805151688067955,0.7731617733330425
42,75,2024-03-30,0.6968762033963953,0.7758574333174884
42,75,2024-04-06,0.7039543811135885,0.7820983056352919
42,75,2024-04-13,0.7240829592652117,0.7746172800489797
42,75,2024-04-20,0.7195085280512552,0.7656920785757712
32,5,2023-11-04,0.2639308523789459,0.5275155657481118
32,5,2023-11-11,0.2597683310038188,0.5218790443108716
32,5,2023-11-18,0.24199995160834992,0.5155519067573818
32,5,2023-11-25,0.24115275812404097,0.5045835600443463
32,5,2023-12-02,0.2491423533169062,0.48717424892917865
32,5,2023-12-09,0.24126204454980218,0.4583393679122491
32,5,2023-12-16,0.22530963984107638,0.46383213081585567
32,5,2023-12-23,0.22286000543406395,0.4935863083508945
32,5,2023-12-30,0.2627230363548001,0.5162249734968385
32,5,2024-01-06,0.2714222601018562,0.5378877533987121
32,5,2024-01-13,0.31645772320001314,0.5613568416481607
32,5,2024-01-20,0.3671910090080057,0.572315251553394
32,5,2024-01-27,0.420781765677664,0.6161535966401491
32,5,2024-02-03,0.4434524565996401,0.6615792099859755
32,5,2024-02-10,0.48193296771158595,0.7054920337472411
32,5,2024-02-17,0.535964852993798,0.7546117157697229
32,5,2024-02-24,0.5574663524260112,0.7863570045733416
32,5,2024-03-02,0.6326473459929004,0.8163249755607146
32,5,2024-03-09,0.6980754965339554,0.8384106172485313
32,5,2024-03-16,0.7236987679778415,0.8577175319492805
32,5,2024-03-23,0.7653331180761476,0.8740358219812119
32,5,2024-03-30,0.7782492509491229,0.8837091007608024
32,5,2024-04-06,0.785328539611897,0.901422331046257
32,5,2024-04-13,0.8158716557293155,0.9047352036103037
32,5,2024-04-20,0.7988665853447009,0.9167052483478032
32,15,2023-11-04,0.2290074540685886,0.5275155657481118
32,15,2023-11-11,0.22388754583401815,0.5218790443108716
32,15,2023-11-18,0.22325572579947955,0.5155519067573818
32,15,2023-11-25,0.22706876213611168,0.5045835600443463
32,15,2023-12-02,0.22880501878906478,0.48717424892917865
32,15,2023-12-09,0.24210509366145444,0.4583393679122491
32,15,2023-12-16,0.24324384884503233,0.46383213081585567
32,15,2023-12-23,0.23043819638837995,0.4935863083508945
32,15,2023-12-30,0.2362241628579356,0.5162249734968385
32,15,2024-01-06,0.2572639058061949,0.5378877533987121
32,15,2024-01-13,0.2956596766064355,0.5613568416481607
32,15,2024-01-20,0.33755682649130186,0.572315251553394
32,15,2024-01-27,0.3631074150150277,0.6161535966401491
32,15,2024-02-03,0.39797943581444795,0.6615792099859755
32,15,2024-02-10,0.4486893280153094,0.7054920337472411
32,15,2024-02-17,0.5261905601638773,0.7546117157697229
32,15,2024-02-24,0.5722447711732881,0.7863570045733416
32,15,2024-03-02,0.6357335065944846,0.8163249755607146
32,15,2024-03-09,0.6890758714349667,0.8384106172485313
32,15,2024-03-16,0.7222385302376125,0.8577175319492805
32,15,2024-03-23,0.7515231348020799,0.8740358219812119
32,15,2024-03-30,0.7730567296898643,0.8837091007608024
32,15,2024-04-06,0.784738177922471,0.901422331046257
32,15,2024-04-13,0.8212600173248712,0.9047352036103037
32,15,2024-04-20,0.8144568757658087,0.9167052483478032
32,25,2023-11-04,0.2331845732344748,0.5275155657481118
32,25,2023-11-11,0.23462015098943415,0.5218790443108716
32,25,2023-11-18,0.22323786769073403,0.5155519067573818
32,25,2023-11-25,0.2245728536333057,0.5045835600443463
32,25,2023-12-02,0.21874980539751457,0.48717424892917865
32,25,2023-12-09,0.22411289460023315,0.4583393679122491
32,25,2023-12-16,0.21587533160999445,0.46383213081585567
32,25,2023-12-23,0.20926805502593884,0.4935863083508945
32,25,2023-12-30,0.22754145116322255,0.5162249734968385
32,25,2024-01-06,0.25474832912109974,0.5378877533987121
32,25,2024-01-13,0.2875301498834964,0.5613568416481607
32,25,2024-01-20,0.32493077934681647,0.572315251553394
32,25,2024-01-27,0.35235918802860244,0.6161535966401491
32,25,2024-02-03,0.38411357743691166,0.6615792099859755
32,25,2024-02-10,0.4358857851976729,0.7054920337472411
32,25,2024-02-17,0.5212018762645176,0.7546117157697229
32,25,2024-02-24,0.5464364562615117,0.7863570045733416
32,25,2024-03-02,0.6068703786914037,0.8163249755607146
32,25,2024-03-09,0.6580613457471439,0.8384106172485313
32,25,2024-03-16,0.6922920915045654,0.8577175319492805
32,25,2024-03-23,0.7235004824026056,0.8740358219812119
32,25,2024-03-30,0.7477023816498873,0.8837091007608024
32,25,2024-04-06,0.7593990500135025,0.901422331046257
32,25,2024-04-13,0.8012086236886877,0.9047352036103037
32,25,2024-04-20,0.78827791936004,0.9167052483478032
32,50,2023-11-04,0.2704576570926188,0.5275155657481118
32,50,2023-11-11,0.2554644274794819,0.5218790443108716
32,50,2023-11-18,0.2560771718823413,0.5155519067573818
32,50,2023-11-25,0.25539267712511365,0.5045835600443463
32,50,2023-12-02,0.2559237751749285,0.48717424892917865
32,50,2023-12-09,0.26555652527047924,0.4583393679122491
32,50,2023-12-16,0.26344679319723346,0.46383213081585567
32,50,2023-12-23,0.27112542746375873,0.4935863083508945
32,50,2023-12-30,0.2785226435324594,0.5162249734968385
32,50,2024-01-06,0.2928390203479076,0.5378877533987121
32,50,2024-01-13,0.30544111948198543,0.5613568416481607
32,50,2024-01-20,0.3350555925472385,0.572315251553394
32,50,2024-01-27,0.3420118632449482,0.6161535966401491
32,50,2024-02-03,0.3893772635941632,0.6615792099859755
32,50,2024-02-10,0.4375119465100493,0.7054920337472411
32,50,2024-02-17,0.49084858551082655,0.7546117157697229
32,50,2024-02-24,0.5042318395577744,0.7863570045733416
32,50,2024-03-02,0.572164188627615,0.8163249755607146
32,50,2024-03-09,0.6313761761500967,0.8384106172485313
32,50,2024-03-16,0.6720998195612138,0.8577175319492805
32,50,2024-03-23,0.7093322535674081,0.8740358219812119
32,50,2024-03-30,0.7383117318469437,0.8837091007608024
32,50,2024-04-06,0.7511169265653345,0.901422331046257
32,50,2024-04-13,0.7942266575013271,0.9047352036103037
32,50,2024-04-20,0.7833109891126996,0.9167052483478032
32,75,2023-11-04,0.3538122789387212,0.5275155657481118
32,75,2023-11-11,0.34170203182539505,0.5218790443108716
32,75,2023-11-18,0.33789427670309186,0.5155519067573818
32,75,2023-11-25,0.3434502196883501,0.5045835600443463
32,75,2023-12-02,0.3439843210729482,0.48717424892917865
32,75,2023-12-09,0.3460233137811277,0.4583393679122491
32,75,2023-12-16,0.344705186658005,0.46383213081585567
32,75,2023-12-23,0.36033122723681,0.4935863083508945
32,75,2023-12-30,0.3717434822862866,0.5162249734968385
32,75,2024-01-06,0.3826052811204754,0.5378877533987121
32,75,2024-01-13,0.39503313214639485,0.5613568416481607
32,75,2024-01-20,0.4100711675521664,0.572315251553394
32,75,2024-01-27,0.4067795447431744,0.6161535966401491
32,75,2024-02-03,0.46220662709272553,0.6615792099859755
32,75,2024-02-10,0.5215912876157179,0.7054920337472411
32,75,2024-02-17,0.5828314120527343,0.7546117157697229
32,75,2024-02-24,0.6366640346593327,0.7863570045733416
32,75,2024-03-02,0.6906401335951659,0.8163249755607146
32,75,2024-03-09,0.7369187204256813,0.8384106172485313
32,75,2024-03-16,0.7663343896217178,0.8577175319492805
32,75,2024-03-23,0.7911821632789786,0.8740358219812119
32,75,2024-03-30,0.8154386705335892,0.8837091007608024
32,75,2024-04-06,0.8258174193181772,0.901422331046257
32,75,2024-04-13,0.8582773431119168,0.9047352036103037
32,75,2024-04-20,0.8495107540426253,0.9167052483478032
