state,k_perc,week,wis_adaptive_ensemble2,wis_original_ensemble2
36,5,2024-11-30,537.2477726663593,627.1503366934995
36,5,2024-12-07,529.9512970462197,642.8465089517092
36,5,2024-12-14,559.3708736362577,657.9612904378716
36,5,2024-12-21,575.6070979997169,672.6412892294799
36,5,2024-12-28,573.1266847473141,689.9239282482749
36,5,2025-01-04,559.5487058592175,709.3861245527671
36,5,2025-01-11,540.945268935835,698.3722812774961
36,5,2025-01-18,540.4354240925419,694.711510505914
36,5,2025-02-01,473.705662170429,617.9979000524252
36,5,2025-02-08,401.3210951618436,540.3660650379386
36,5,2025-02-15,343.67509676376807,450.8017726985335
36,5,2025-02-22,291.2114941276097,376.2710338681546
36,5,2025-03-01,251.26715976168026,315.54779620064454
36,5,2025-03-08,216.57075921727034,266.33910094542034
36,5,2025-03-15,189.15143409486183,226.9846543033327
36,5,2025-03-22,155.38633643373123,186.6605294339127
36,5,2025-03-29,122.74963893561272,150.4984029028125
36,5,2025-04-05,107.84680333414869,129.2224812898732
36,5,2025-04-12,90.60862483160916,107.26052688388557
36,5,2025-04-19,73.29502531297653,86.16451822943026
36,5,2025-04-26,64.30955414174899,73.0103468754341
36,15,2024-11-30,538.3919721326919,627.1503366934995
36,15,2024-12-07,550.3571356312956,642.8465089517092
36,15,2024-12-14,574.7381337179029,657.9612904378716
36,15,2024-12-21,598.5563504266496,672.6412892294799
36,15,2024-12-28,607.1958031366967,689.9239282482749
36,15,2025-01-04,603.0149330143987,709.3861245527671
36,15,2025-01-11,585.0864985626756,698.3722812774961
36,15,2025-01-18,582.8241573056439,694.711510505914
36,15,2025-02-01,518.7796219688365,617.9979000524252
36,15,2025-02-08,444.46827555866827,540.3660650379386
36,15,2025-02-15,369.98078413622676,450.8017726985335
36,15,2025-02-22,311.95954585914467,376.2710338681546
36,15,2025-03-01,262.3417441474197,315.54779620064454
36,15,2025-03-08,222.32475042674332,266.33910094542034
36,15,2025-03-15,189.58816460687896,226.9846543033327
36,15,2025-03-22,153.42216044655854,186.6605294339127
36,15,2025-03-29,121.05650900190308,150.4984029028125
36,15,2025-04-05,104.09313050385595,129.2224812898732
36,15,2025-04-12,86.96731473753958,107.26052688388557
36,15,2025-04-19,70.43569801035582,86.16451822943026
36,15,2025-04-26,61.83863293954501,73.0103468754341
36,25,2024-11-30,543.0661884847401,627.1503366934995
36,25,2024-12-07,561.3861406746001,642.8465089517092
36,25,2024-12-14,585.9654916099003,657.9612904378716
36,25,2024-12-21,613.953408374484,672.6412892294799
36,25,2024-12-28,623.2643713291244,689.9239282482749
36,25,2025-01-04,625.0787112484551,709.3861245527671
36,25,2025-01-11,610.5700856904286,698.3722812774961
36,25,2025-01-18,606.7348071714582,694.711510505914
36,25,2025-02-01,539.0022238882683,617.9979000524252
36,25,2025-02-08,460.93559995433014,540.3660650379386
36,25,2025-02-15,383.4932030853063,450.8017726985335
36,25,2025-02-22,322.0630174681968,376.2710338681546
36,25,2025-03-01,269.728422036358,315.54779620064454
36,25,2025-03-08,226.69048613944773,266.33910094542034
36,25,2025-03-15,192.98492062409971,226.9846543033327
36,25,2025-03-22,156.26120102784333,186.6605294339127
36,25,2025-03-29,122.94093338349533,150.4984029028125
36,25,2025-04-05,105.58632537650301,129.2224812898732
36,25,2025-04-12,87.12211829323553,107.26052688388557
36,25,2025-04-19,69.97259392935096,86.16451822943026
36,25,2025-04-26,60.95425195614847,73.0103468754341
36,50,2024-11-30,559.9198614219744,627.1503366934995
36,50,2024-12-07,575.4601672791027,642.8465089517092
36,50,2024-12-14,594.900169657255,657.9612904378716
36,50,2024-12-21,612.3732492501506,672.6412892294799
36,50,2024-12-28,630.2679708959862,689.9239282482749
36,50,2025-01-04,649.6974498169475,709.3861245527671
36,50,2025-01-11,639.1446117044228,698.3722812774961
36,50,2025-01-18,646.1191374206736,694.711510505914
36,50,2025-02-01,568.6139514796621,617.9979000524252
36,50,2025-02-08,486.34090803334107,540.3660650379386
36,50,2025-02-15,400.5675113664693,450.8017726985335
36,50,2025-02-22,333.33766920700015,376.2710338681546
36,50,2025-03-01,280.25120124448074,315.54779620064454
36,50,2025-03-08,236.9321090215663,266.33910094542034
36,50,2025-03-15,202.25173192566973,226.9846543033327
36,50,2025-03-22,165.2522415549362,186.6605294339127
36,50,2025-03-29,130.64866385744983,150.4984029028125
36,50,2025-04-05,111.37037492804977,129.2224812898732
36,50,2025-04-12,91.45487231472272,107.26052688388557
36,50,2025-04-19,72.6254351835693,86.16451822943026
36,50,2025-04-26,61.847380081627705,73.0103468754341
36,75,2024-11-30,591.5777761368217,627.1503366934995
36,75,2024-12-07,607.1816673238637,642.8465089517092
36,75,2024-12-14,622.2475676169563,657.9612904378716
36,75,2024-12-21,639.0822198866674,672.6412892294799
36,75,2024-12-28,658.8449332146118,689.9239282482749
36,75,2025-01-04,675.2008695008672,709.3861245527671
36,75,2025-01-11,661.0555659142873,698.3722812774961
36,75,2025-01-18,657.7177888435472,694.711510505914
36,75,2025-02-01,582.3587635168037,617.9979000524252
36,75,2025-02-08,502.6482270730612,540.3660650379386
36,75,2025-02-15,414.07810047817446,450.8017726985335
36,75,2025-02-22,344.2987837059146,376.2710338681546
36,75,2025-03-01,287.91802813361494,315.54779620064454
36,75,2025-03-08,243.1469407226628,266.33910094542034
36,75,2025-03-15,207.7347768559656,226.9846543033327
36,75,2025-03-22,170.95668926376857,186.6605294339127
36,75,2025-03-29,137.2860600329403,150.4984029028125
36,75,2025-04-05,117.76915681852404,129.2224812898732
36,75,2025-04-12,97.63831931362897,107.26052688388557
36,75,2025-04-19,78.5173922490993,86.16451822943026
36,75,2025-04-26,66.60171509687285,73.0103468754341
56,5,2024-11-30,21.972057623883867,23.19379241989468
56,5,2024-12-07,23.532110580937978,23.837908322645685
56,5,2024-12-14,28.29878747767881,24.39823972692324
56,5,2024-12-21,21.678858503517837,25.27917885494597
56,5,2024-12-28,30.840689351848624,26.049161858399458
56,5,2025-01-04,21.1532468588109,25.82778831951704
56,5,2025-01-11,20.460900390202035,24.179024174434936
56,5,2025-01-18,24.558387470191462,24.511694107536023
56,5,2025-02-01,22.226148461891547,22.840596011914432
56,5,2025-02-08,19.525441027489517,20.6491871233106
56,5,2025-02-15,17.426434698414727,17.99294178551988
56,5,2025-02-22,15.205002384027683,16.36193885170567
56,5,2025-03-01,10.732826174491937,11.933042079442025
56,5,2025-03-08,9.918816199397051,10.623381215639855
56,5,2025-03-15,9.10215524697011,9.283604557122233
56,5,2025-03-22,6.475408023151003,6.625488208750716
56,5,2025-03-29,4.510762838535124,4.626225830849649
56,5,2025-04-05,2.399072342063065,2.6206442249654947
56,5,2025-04-12,1.4343685091490763,1.5273790206653513
56,5,2025-04-19,1.760288185863138,1.8859299732548287
56,5,2025-04-26,2.11135395374567,2.150623364818098
56,15,2024-11-30,21.660644300604055,23.19379241989468
56,15,2024-12-07,22.176621761492044,23.837908322645685
56,15,2024-12-14,24.07023213772718,24.39823972692324
56,15,2024-12-21,23.468559823110247,25.27917885494597
56,15,2024-12-28,26.91981594937482,26.049161858399458
56,15,2025-01-04,22.612014666493806,25.82778831951704
56,15,2025-01-11,20.53462772192349,24.179024174434936
56,15,2025-01-18,21.30106938441026,24.511694107536023
56,15,2025-02-01,21.67942862710513,22.840596011914432
56,15,2025-02-08,19.66040255102986,20.6491871233106
56,15,2025-02-15,18.012867600397694,17.99294178551988
56,15,2025-02-22,15.72329077607293,16.36193885170567
56,15,2025-03-01,11.446262133007382,11.933042079442025
56,15,2025-03-08,10.536672183205347,10.623381215639855
56,15,2025-03-15,9.484849098850429,9.283604557122233
56,15,2025-03-22,6.700556603321101,6.625488208750716
56,15,2025-03-29,4.599759049087737,4.626225830849649
56,15,2025-04-05,2.4672940796251313,2.6206442249654947
56,15,2025-04-12,1.432286264911961,1.5273790206653513
56,15,2025-04-19,1.7593903120251138,1.8859299732548287
56,15,2025-04-26,2.099813933226657,2.150623364818098
56,25,2024-11-30,22.300623249280267,23.19379241989468
56,25,2024-12-07,22.459722882010745,23.837908322645685
56,25,2024-12-14,23.2666539994507,24.39823972692324
56,25,2024-12-21,23.766641886607438,25.27917885494597
56,25,2024-12-28,26.233178840061342,26.049161858399458
56,25,2025-01-04,23.373321859841933,25.82778831951704
56,25,2025-01-11,21.495252045940656,24.179024174434936
56,25,2025-01-18,22.16890550434893,24.511694107536023
56,25,2025-02-01,21.134534266538274,22.840596011914432
56,25,2025-02-08,19.280925409928038,20.6491871233106
56,25,2025-02-15,17.687001225518486,17.99294178551988
56,25,2025-02-22,16.158597123966203,16.36193885170567
56,25,2025-03-01,11.555748680558493,11.933042079442025
56,25,2025-03-08,10.632631531776996,10.623381215639855
56,25,2025-03-15,9.52020266010502,9.283604557122233
56,25,2025-03-22,6.681651450556352,6.625488208750716
56,25,2025-03-29,4.563748026371625,4.626225830849649
56,25,2025-04-05,2.491733224843605,2.6206442249654947
56,25,2025-04-12,1.4437181981981744,1.5273790206653513
56,25,2025-04-19,1.772391710312626,1.8859299732548287
56,25,2025-04-26,2.112878578579214,2.150623364818098
56,50,2024-11-30,22.3828126678123,23.19379241989468
56,50,2024-12-07,22.611606177828055,23.837908322645685
56,50,2024-12-14,23.268422972249027,24.39823972692324
56,50,2024-12-21,24.47921989882567,25.27917885494597
56,50,2024-12-28,25.484351738811007,26.049161858399458
56,50,2025-01-04,24.79247163674447,25.82778831951704
56,50,2025-01-11,22.54253078135793,24.179024174434936
56,50,2025-01-18,23.124074367395636,24.511694107536023
56,50,2025-02-01,21.796301049798334,22.840596011914432
56,50,2025-02-08,19.64098339614348,20.6491871233106
56,50,2025-02-15,17.47400576865559,17.99294178551988
56,50,2025-02-22,16.01708281422482,16.36193885170567
56,50,2025-03-01,11.62215024141359,11.933042079442025
56,50,2025-03-08,10.461717085962013,10.623381215639855
56,50,2025-03-15,9.279158715009242,9.283604557122233
56,50,2025-03-22,6.588912419309472,6.625488208750716
56,50,2025-03-29,4.5250745955730025,4.626225830849649
56,50,2025-04-05,2.5219540489239174,2.6206442249654947
56,50,2025-04-12,1.4675221618027163,1.5273790206653513
56,50,2025-04-19,1.81515657250483,1.8859299732548287
56,50,2025-04-26,2.1346548741052263,2.150623364818098
56,75,2024-11-30,22.317734880318152,23.19379241989468
56,75,2024-12-07,22.85557163792468,23.837908322645685
56,75,2024-12-14,23.504206914724584,24.39823972692324
56,75,2024-12-21,24.385982679644634,25.27917885494597
56,75,2024-12-28,25.522017030393965,26.049161858399458
56,75,2025-01-04,24.896622106122486,25.82778831951704
56,75,2025-01-11,23.02257374948342,24.179024174434936
56,75,2025-01-18,23.585346424842808,24.511694107536023
56,75,2025-02-01,22.119209388000574,22.840596011914432
56,75,2025-02-08,20.088153855723135,20.6491871233106
56,75,2025-02-15,17.628441826854758,17.99294178551988
56,75,2025-02-22,16.14577532478314,16.36193885170567
56,75,2025-03-01,11.730599955021356,11.933042079442025
56,75,2025-03-08,10.521889066790804,10.623381215639855
56,75,2025-03-15,9.237051001558903,9.283604557122233
56,75,2025-03-22,6.549531405870709,6.625488208750716
56,75,2025-03-29,4.542255021548441,4.626225830849649
56,75,2025-04-05,2.541360089534185,2.6206442249654947
56,75,2025-04-12,1.4778432846741556,1.5273790206653513
56,75,2025-04-19,1.8251125125307377,1.8859299732548287
56,75,2025-04-26,2.1098210255883036,2.150623364818098
29,5,2024-11-30,236.6468735408844,244.4818865921956
29,5,2024-12-07,248.22325687480452,249.83908225619587
29,5,2024-12-14,265.76839001942477,254.84041190994031
29,5,2024-12-21,292.60882672636296,259.38721182160003
29,5,2024-12-28,295.4688546753343,266.3731518319037
29,5,2025-01-04,258.81303913463404,273.89707995906116
29,5,2025-01-11,258.13128383243907,275.2690237748941
29,5,2025-01-18,277.14644423680556,281.6180230828095
29,5,2025-02-01,304.54370455452,297.4709867653707
29,5,2025-02-08,300.9451722459424,286.5929679731405
29,5,2025-02-15,264.42054970067153,255.8236480613053
29,5,2025-02-22,209.66473527455236,209.11778764389146
29,5,2025-03-01,146.34922777150734,151.18912285720737
29,5,2025-03-08,99.82164630905815,117.50521511570683
29,5,2025-03-15,75.17873479774991,86.11677564359312
29,5,2025-03-22,59.558344532814324,69.23186742572229
29,5,2025-03-29,41.9702394280742,49.57566549823792
29,5,2025-04-05,38.248033508501706,43.289207555878825
29,5,2025-04-12,36.782525694138826,40.15101093196239
29,5,2025-04-19,36.14616694424257,38.54842438550764
29,5,2025-04-26,30.93641505902407,31.514170082837172
29,15,2024-11-30,237.23091204487534,244.4818865921956
29,15,2024-12-07,245.4440078043062,249.83908225619587
29,15,2024-12-14,255.66333803835946,254.84041190994031
29,15,2024-12-21,285.6014319609246,259.38721182160003
29,15,2024-12-28,285.89832185342397,266.3731518319037
29,15,2025-01-04,267.46257292993914,273.89707995906116
29,15,2025-01-11,262.54055461083806,275.2690237748941
29,15,2025-01-18,277.55816639183115,281.6180230828095
29,15,2025-02-01,308.88179557906005,297.4709867653707
29,15,2025-02-08,291.952360057288,286.5929679731405
29,15,2025-02-15,261.351777871649,255.8236480613053
29,15,2025-02-22,209.53075025917158,209.11778764389146
29,15,2025-03-01,149.15201709912486,151.18912285720737
29,15,2025-03-08,108.76061069350118,117.50521511570683
29,15,2025-03-15,79.61779430796454,86.11677564359312
29,15,2025-03-22,62.72046727879818,69.23186742572229
29,15,2025-03-29,43.573117967984324,49.57566549823792
29,15,2025-04-05,39.00216601714681,43.289207555878825
29,15,2025-04-12,36.26026662921338,40.15101093196239
29,15,2025-04-19,35.288175007070485,38.54842438550764
29,15,2025-04-26,29.371952092040175,31.514170082837172
29,25,2024-11-30,234.54768085225706,244.4818865921956
29,25,2024-12-07,241.19695598204237,249.83908225619587
29,25,2024-12-14,250.59959738193538,254.84041190994031
29,25,2024-12-21,275.6390138001675,259.38721182160003
29,25,2024-12-28,280.9343119707746,266.3731518319037
29,25,2025-01-04,272.63489593191747,273.89707995906116
29,25,2025-01-11,264.06679363898337,275.2690237748941
29,25,2025-01-18,281.9299941246116,281.6180230828095
29,25,2025-02-01,312.1719396032104,297.4709867653707
29,25,2025-02-08,296.5733115048528,286.5929679731405
29,25,2025-02-15,260.004431758307,255.8236480613053
29,25,2025-02-22,205.99074164532848,209.11778764389146
29,25,2025-03-01,148.03779294521428,151.18912285720737
29,25,2025-03-08,109.07193350275654,117.50521511570683
29,25,2025-03-15,80.21642408911927,86.11677564359312
29,25,2025-03-22,63.50385307475618,69.23186742572229
29,25,2025-03-29,43.86478311877437,49.57566549823792
29,25,2025-04-05,38.908025355696815,43.289207555878825
29,25,2025-04-12,36.16231344560741,40.15101093196239
29,25,2025-04-19,35.15281529832712,38.54842438550764
29,25,2025-04-26,29.178749148438882,31.514170082837172
29,50,2024-11-30,232.6348436861398,244.4818865921956
29,50,2024-12-07,237.41859086726197,249.83908225619587
29,50,2024-12-14,243.79337893535154,254.84041190994031
29,50,2024-12-21,261.42597368289955,259.38721182160003
29,50,2024-12-28,277.16352066494187,266.3731518319037
29,50,2025-01-04,276.7547730287735,273.89707995906116
29,50,2025-01-11,273.2774359020111,275.2690237748941
29,50,2025-01-18,287.81649183532653,281.6180230828095
29,50,2025-02-01,318.0106216532618,297.4709867653707
29,50,2025-02-08,305.5959229914696,286.5929679731405
29,50,2025-02-15,268.7940571844758,255.8236480613053
29,50,2025-02-22,213.07095070801972,209.11778764389146
29,50,2025-03-01,149.1894289278624,151.18912285720737
29,50,2025-03-08,111.03744750290922,117.50521511570683
29,50,2025-03-15,80.01971747414586,86.11677564359312
29,50,2025-03-22,63.62981639197877,69.23186742572229
29,50,2025-03-29,44.147611495144815,49.57566549823792
29,50,2025-04-05,38.58140536491426,43.289207555878825
29,50,2025-04-12,35.805578713138864,40.15101093196239
29,50,2025-04-19,34.788156616795845,38.54842438550764
29,50,2025-04-26,28.70326970663534,31.514170082837172
29,75,2024-11-30,233.38714615026674,244.4818865921956
29,75,2024-12-07,240.29835978406717,249.83908225619587
29,75,2024-12-14,248.11125138771092,254.84041190994031
29,75,2024-12-21,257.2855760487497,259.38721182160003
29,75,2024-12-28,268.0897695013279,266.3731518319037
29,75,2025-01-04,277.29249898176045,273.89707995906116
29,75,2025-01-11,277.3782672715121,275.2690237748941
29,75,2025-01-18,284.88931475887625,281.6180230828095
29,75,2025-02-01,304.96247987094523,297.4709867653707
29,75,2025-02-08,294.1193635067894,286.5929679731405
29,75,2025-02-15,261.4679008276227,255.8236480613053
29,75,2025-02-22,210.6806267603092,209.11778764389146
29,75,2025-03-01,149.02611899965214,151.18912285720737
29,75,2025-03-08,113.26254268727175,117.50521511570683
29,75,2025-03-15,81.59271473040044,86.11677564359312
29,75,2025-03-22,64.97359132587953,69.23186742572229
29,75,2025-03-29,45.669119382916314,49.57566549823792
29,75,2025-04-05,39.729209134522236,43.289207555878825
29,75,2025-04-12,36.817739896227174,40.15101093196239
29,75,2025-04-19,35.478967964681644,38.54842438550764
29,75,2025-04-26,29.135497554652787,31.514170082837172
02,5,2024-11-30,11.585300673776084,14.177878658352482
02,5,2024-12-07,11.218739370402723,14.444488482295215
02,5,2024-12-14,11.174903035729125,14.730278956784213
02,5,2024-12-21,11.49955664316177,15.062688444357146
02,5,2024-12-28,12.737111690183662,15.502493323848954
02,5,2025-01-04,13.297277790283557,15.928730906794291
02,5,2025-01-11,12.387538221548356,15.143712167010547
02,5,2025-01-18,12.337392641162726,15.142453109897945
02,5,2025-02-01,13.249961980819762,15.856304836130022
02,5,2025-02-08,14.144531901488442,16.272292560262855
02,5,2025-02-15,15.297903164127165,16.821588767588683
02,5,2025-02-22,14.767668625280201,16.049251119953738
02,5,2025-03-01,13.139454426750785,15.080238886532475
02,5,2025-03-08,10.672353079741105,12.94878725558598
02,5,2025-03-15,6.802693512632196,9.673398856389332
02,5,2025-03-22,5.952230725235011,8.481084958572731
02,5,2025-03-29,6.521353433866405,7.824890429934335
02,5,2025-04-05,3.4616968882641808,5.555260175024846
02,5,2025-04-12,3.4761363474248426,5.045375362055253
02,5,2025-04-19,2.3351727980637027,3.7302054712109745
02,5,2025-04-26,2.4606911581772684,3.7677505082328344
02,15,2024-11-30,10.674581637918925,14.177878658352482
02,15,2024-12-07,10.645593694573442,14.444488482295215
02,15,2024-12-14,10.760801271986562,14.730278956784213
02,15,2024-12-21,11.07334367105994,15.062688444357146
02,15,2024-12-28,11.595965180609186,15.502493323848954
02,15,2025-01-04,12.286232254574232,15.928730906794291
02,15,2025-01-11,11.163026123081096,15.143712167010547
02,15,2025-01-18,11.318208795812017,15.142453109897945
02,15,2025-02-01,12.336267941192364,15.856304836130022
02,15,2025-02-08,12.985104734209902,16.272292560262855
02,15,2025-02-15,13.705400664858624,16.821588767588683
02,15,2025-02-22,13.209962183538243,16.049251119953738
02,15,2025-03-01,12.309350800079947,15.080238886532475
02,15,2025-03-08,10.32618404618341,12.94878725558598
02,15,2025-03-15,7.1263211755861455,9.673398856389332
02,15,2025-03-22,6.457203153975329,8.481084958572731
02,15,2025-03-29,6.538559540193815,7.824890429934335
02,15,2025-04-05,3.8330402609174024,5.555260175024846
02,15,2025-04-12,3.7237428039512306,5.045375362055253
02,15,2025-04-19,2.5836718085362125,3.7302054712109745
02,15,2025-04-26,2.73045022590487,3.7677505082328344
02,25,2024-11-30,10.747926595779962,14.177878658352482
02,25,2024-12-07,11.546861835536061,14.444488482295215
02,25,2024-12-14,11.643185006694933,14.730278956784213
02,25,2024-12-21,11.77197565064051,15.062688444357146
02,25,2024-12-28,12.50551132726585,15.502493323848954
02,25,2025-01-04,13.171206223834245,15.928730906794291
02,25,2025-01-11,11.78132262546038,15.143712167010547
02,25,2025-01-18,11.834980601268775,15.142453109897945
02,25,2025-02-01,12.923746846474602,15.856304836130022
02,25,2025-02-08,13.578853890797118,16.272292560262855
02,25,2025-02-15,14.173006983465235,16.821588767588683
02,25,2025-02-22,13.52096114687754,16.049251119953738
02,25,2025-03-01,12.557387299793287,15.080238886532475
02,25,2025-03-08,10.614902938211015,12.94878725558598
02,25,2025-03-15,7.58567370404392,9.673398856389332
02,25,2025-03-22,6.614846795740493,8.481084958572731
02,25,2025-03-29,6.375585597790092,7.824890429934335
02,25,2025-04-05,4.118749365343012,5.555260175024846
02,25,2025-04-12,3.8852659051708236,5.045375362055253
02,25,2025-04-19,2.7484512322089416,3.7302054712109745
02,25,2025-04-26,2.871108150342178,3.7677505082328344
02,50,2024-11-30,12.351489496135585,14.177878658352482
02,50,2024-12-07,13.096455380342091,14.444488482295215
02,50,2024-12-14,13.39546177212063,14.730278956784213
02,50,2024-12-21,13.57143979432,15.062688444357146
02,50,2024-12-28,14.104379931494844,15.502493323848954
02,50,2025-01-04,14.52405306994647,15.928730906794291
02,50,2025-01-11,13.440337874844182,15.143712167010547
02,50,2025-01-18,13.463471949289774,15.142453109897945
02,50,2025-02-01,14.542872015064162,15.856304836130022
02,50,2025-02-08,15.124231913690586,16.272292560262855
02,50,2025-02-15,15.729946886103923,16.821588767588683
02,50,2025-02-22,14.947544701449415,16.049251119953738
02,50,2025-03-01,13.850675047589949,15.080238886532475
02,50,2025-03-08,11.60411299078877,12.94878725558598
02,50,2025-03-15,8.308522174153183,9.673398856389332
02,50,2025-03-22,7.289996429253946,8.481084958572731
02,50,2025-03-29,6.8710721287067935,7.824890429934335
02,50,2025-04-05,4.61908712809756,5.555260175024846
02,50,2025-04-12,4.269760852799219,5.045375362055253
02,50,2025-04-19,3.125486914442242,3.7302054712109745
02,50,2025-04-26,3.189303973743294,3.7677505082328344
02,75,2024-11-30,13.503749795355589,14.177878658352482
02,75,2024-12-07,14.160153565866096,14.444488482295215
02,75,2024-12-14,14.524756503648316,14.730278956784213
02,75,2024-12-21,14.817122548414755,15.062688444357146
02,75,2024-12-28,15.221032340057619,15.502493323848954
02,75,2025-01-04,15.640732968311271,15.928730906794291
02,75,2025-01-11,14.51173633411883,15.143712167010547
02,75,2025-01-18,14.438397844447731,15.142453109897945
02,75,2025-02-01,15.467096096583331,15.856304836130022
02,75,2025-02-08,16.046036519313645,16.272292560262855
02,75,2025-02-15,16.692868371359378,16.821588767588683
02,75,2025-02-22,15.916063078367188,16.049251119953738
02,75,2025-03-01,14.8105257854557,15.080238886532475
02,75,2025-03-08,12.61092487104176,12.94878725558598
02,75,2025-03-15,9.19705990572746,9.673398856389332
02,75,2025-03-22,8.041376620729105,8.481084958572731
02,75,2025-03-29,7.470379217925931,7.824890429934335
02,75,2025-04-05,5.173533388405243,5.555260175024846
02,75,2025-04-12,4.720835132781366,5.045375362055253
02,75,2025-04-19,3.4889183294072943,3.7302054712109745
02,75,2025-04-26,3.547326650524454,3.7677505082328344
20,5,2024-11-30,71.62169050922667,82.33500447554819
20,5,2024-12-07,76.17937246801407,85.12815380663511
20,5,2024-12-14,77.75392316421637,88.10653316706501
20,5,2024-12-21,70.85030612621387,91.10886127616318
20,5,2024-12-28,71.53208445401647,94.2572501248801
20,5,2025-01-04,71.63128718807019,96.01672485862493
20,5,2025-01-11,71.24743447600575,92.82029656520412
20,5,2025-01-18,77.18958214838159,94.4345083669759
20,5,2025-02-01,106.18191721924961,100.14537363519597
20,5,2025-02-08,98.07906218434665,94.6354897377055
20,5,2025-02-15,75.34913481198977,82.23342203518736
20,5,2025-02-22,48.892408255532466,63.833223036884604
20,5,2025-03-01,36.68466474547798,49.17035679735129
20,5,2025-03-08,28.094620929714278,37.4297131565331
20,5,2025-03-15,18.872700581060926,25.801709302530544
20,5,2025-03-22,12.985971227451737,18.131903802567162
20,5,2025-03-29,7.443695079205185,11.32447186619021
20,5,2025-04-05,5.015322986278987,7.667275434546452
20,5,2025-04-12,4.0215708007482815,5.72946035977015
20,5,2025-04-19,3.0003833220318996,3.9352944881573073
20,5,2025-04-26,2.0910141060351477,2.2110581220071612
20,15,2024-11-30,73.92623945224572,82.33500447554819
20,15,2024-12-07,77.78464564111202,85.12815380663511
20,15,2024-12-14,80.29809191425129,88.10653316706501
20,15,2024-12-21,77.86617764854455,91.10886127616318
20,15,2024-12-28,77.99943065326488,94.2572501248801
20,15,2025-01-04,77.81535604230915,96.01672485862493
20,15,2025-01-11,75.02099016645484,92.82029656520412
20,15,2025-01-18,78.53063214551055,94.4345083669759
20,15,2025-02-01,98.28448278705221,100.14537363519597
20,15,2025-02-08,89.79992275445747,94.6354897377055
20,15,2025-02-15,74.53309812608379,82.23342203518736
20,15,2025-02-22,55.430211224158164,63.833223036884604
20,15,2025-03-01,42.78703054880155,49.17035679735129
20,15,2025-03-08,32.36828694337818,37.4297131565331
20,15,2025-03-15,21.68200671429805,25.801709302530544
20,15,2025-03-22,14.81032515200536,18.131903802567162
20,15,2025-03-29,8.519196118117225,11.32447186619021
20,15,2025-04-05,5.566529736671961,7.667275434546452
20,15,2025-04-12,4.294937923738411,5.72946035977015
20,15,2025-04-19,3.160342054702784,3.9352944881573073
20,15,2025-04-26,2.086673482684439,2.2110581220071612
20,25,2024-11-30,75.50367285648737,82.33500447554819
20,25,2024-12-07,77.64609544360165,85.12815380663511
20,25,2024-12-14,80.08736615945192,88.10653316706501
20,25,2024-12-21,80.13379464021148,91.10886127616318
20,25,2024-12-28,80.85747914301596,94.2572501248801
20,25,2025-01-04,80.59198898615979,96.01672485862493
20,25,2025-01-11,77.85496379645929,92.82029656520412
20,25,2025-01-18,80.58427456445267,94.4345083669759
20,25,2025-02-01,95.31203842018317,100.14537363519597
20,25,2025-02-08,87.47411917951119,94.6354897377055
20,25,2025-02-15,74.23748661169041,82.23342203518736
20,25,2025-02-22,56.88930978719572,63.833223036884604
20,25,2025-03-01,43.8882745841115,49.17035679735129
20,25,2025-03-08,33.261045081913046,37.4297131565331
20,25,2025-03-15,22.454721283916527,25.801709302530544
20,25,2025-03-22,15.356507392482948,18.131903802567162
20,25,2025-03-29,8.93791064707161,11.32447186619021
20,25,2025-04-05,5.789224145045668,7.667275434546452
20,25,2025-04-12,4.389782598226184,5.72946035977015
20,25,2025-04-19,3.1743908449383103,3.9352944881573073
20,25,2025-04-26,2.036360328109716,2.2110581220071612
20,50,2024-11-30,77.73049116773974,82.33500447554819
20,50,2024-12-07,80.67912037869486,85.12815380663511
20,50,2024-12-14,83.59267037560524,88.10653316706501
20,50,2024-12-21,85.63859148812884,91.10886127616318
20,50,2024-12-28,87.19931012291154,94.2572501248801
20,50,2025-01-04,86.71024029131912,96.01672485862493
20,50,2025-01-11,82.50958646163106,92.82029656520412
20,50,2025-01-18,83.90367984466927,94.4345083669759
20,50,2025-02-01,93.25543918428546,100.14537363519597
20,50,2025-02-08,88.24364015852613,94.6354897377055
20,50,2025-02-15,76.86752736109854,82.23342203518736
20,50,2025-02-22,58.621888619803535,63.833223036884604
20,50,2025-03-01,44.90732061036888,49.17035679735129
20,50,2025-03-08,34.169987126968266,37.4297131565331
20,50,2025-03-15,22.99182089592436,25.801709302530544
20,50,2025-03-22,15.770096181634832,18.131903802567162
20,50,2025-03-29,9.381203148129014,11.32447186619021
20,50,2025-04-05,6.123081113934015,7.667275434546452
20,50,2025-04-12,4.5993182172123,5.72946035977015
20,50,2025-04-19,3.2941871321142284,3.9352944881573073
20,50,2025-04-26,2.11126993084389,2.2110581220071612
20,75,2024-11-30,78.70679894233226,82.33500447554819
20,75,2024-12-07,81.72015647709091,85.12815380663511
20,75,2024-12-14,84.88108939828723,88.10653316706501
20,75,2024-12-21,87.49286187184948,91.10886127616318
20,75,2024-12-28,90.15331758754407,94.2572501248801
20,75,2025-01-04,90.58175658922525,96.01672485862493
20,75,2025-01-11,86.36552558379918,92.82029656520412
20,75,2025-01-18,88.21271847994505,94.4345083669759
20,75,2025-02-01,95.84001709121118,100.14537363519597
20,75,2025-02-08,90.66207396264667,94.6354897377055
20,75,2025-02-15,78.34941138634464,82.23342203518736
20,75,2025-02-22,60.360802261403336,63.833223036884604
20,75,2025-03-01,46.22599161087834,49.17035679735129
20,75,2025-03-08,35.10207438389595,37.4297131565331
20,75,2025-03-15,23.905724427417617,25.801709302530544
20,75,2025-03-22,16.591954670613383,18.131903802567162
20,75,2025-03-29,10.091740658886513,11.32447186619021
20,75,2025-04-05,6.7192908366216475,7.667275434546452
20,75,2025-04-12,5.0412463325817525,5.72946035977015
20,75,2025-04-19,3.507611845495075,3.9352944881573073
20,75,2025-04-26,2.0919302866817864,2.2110581220071612
09,5,2024-11-30,80.57452578518755,90.81551067417911
09,5,2024-12-07,81.47072294499924,90.791559668828
09,5,2024-12-14,85.74746208796412,90.5712719372836
09,5,2024-12-21,87.2023061666879,90.50190977941499
09,5,2024-12-28,90.7961358000603,90.79105563115985
09,5,2025-01-04,85.36489396768069,93.79356463493883
09,5,2025-01-11,76.15331193674928,95.01306911592802
09,5,2025-01-18,79.81368647353361,97.49528778236822
09,5,2025-02-01,81.22531997625923,97.65082786357026
09,5,2025-02-08,74.87667123109337,89.05972416718451
09,5,2025-02-15,60.864209168898036,74.02765223270067
09,5,2025-02-22,48.98885228150604,58.19460151077803
09,5,2025-03-01,40.597106888687016,46.904965178176
09,5,2025-03-08,32.94866408832077,37.85388951329942
09,5,2025-03-15,28.636712262836404,32.4578326815204
09,5,2025-03-22,24.36503784299619,27.785216905405825
09,5,2025-03-29,19.848751915956075,23.294224039375
09,5,2025-04-05,17.44447098958698,20.92342665983699
09,5,2025-04-12,16.91121110323201,20.125005222074986
09,5,2025-04-19,17.978142402758014,20.96547236385018
09,5,2025-04-26,21.056729936314145,23.421272993800653
09,15,2024-11-30,79.47692828242381,90.81551067417911
09,15,2024-12-07,81.56763918746122,90.791559668828
09,15,2024-12-14,84.4500086748936,90.5712719372836
09,15,2024-12-21,86.16313798888649,90.50190977941499
09,15,2024-12-28,90.37702063924623,90.79105563115985
09,15,2025-01-04,88.11440345371356,93.79356463493883
09,15,2025-01-11,81.3887639785408,95.01306911592802
09,15,2025-01-18,82.97915428043349,97.49528778236822
09,15,2025-02-01,84.1308073163115,97.65082786357026
09,15,2025-02-08,77.09408914094271,89.05972416718451
09,15,2025-02-15,64.15255002707524,74.02765223270067
09,15,2025-02-22,50.573059599653476,58.19460151077803
09,15,2025-03-01,41.31592151357231,46.904965178176
09,15,2025-03-08,33.79004008741417,37.85388951329942
09,15,2025-03-15,29.30541708903341,32.4578326815204
09,15,2025-03-22,25.0914464833921,27.785216905405825
09,15,2025-03-29,20.666639702708835,23.294224039375
09,15,2025-04-05,18.432731144337485,20.92342665983699
09,15,2025-04-12,17.891909050744616,20.125005222074986
09,15,2025-04-19,19.12287861020413,20.96547236385018
09,15,2025-04-26,22.203297023189073,23.421272993800653
09,25,2024-11-30,80.27994130871592,90.81551067417911
09,25,2024-12-07,81.83889065444276,90.791559668828
09,25,2024-12-14,83.49548470299389,90.5712719372836
09,25,2024-12-21,85.09610764681527,90.50190977941499
09,25,2024-12-28,89.84979102260428,90.79105563115985
09,25,2025-01-04,88.46511976107088,93.79356463493883
09,25,2025-01-11,83.66950461094457,95.01306911592802
09,25,2025-01-18,83.91432847592118,97.49528778236822
09,25,2025-02-01,85.03427871168756,97.65082786357026
09,25,2025-02-08,78.20362289075491,89.05972416718451
09,25,2025-02-15,65.31391585835996,74.02765223270067
09,25,2025-02-22,51.570653640877865,58.19460151077803
09,25,2025-03-01,41.80371683421253,46.904965178176
09,25,2025-03-08,33.998433052094576,37.85388951329942
09,25,2025-03-15,29.430873521020633,32.4578326815204
09,25,2025-03-22,25.249814569764133,27.785216905405825
09,25,2025-03-29,20.885387790949306,23.294224039375
09,25,2025-04-05,18.73078360912738,20.92342665983699
09,25,2025-04-12,18.28177554748334,20.125005222074986
09,25,2025-04-19,19.60396453191828,20.96547236385018
09,25,2025-04-26,22.755898793134996,23.421272993800653
09,50,2024-11-30,81.07555686955085,90.81551067417911
09,50,2024-12-07,81.14798769207727,90.791559668828
09,50,2024-12-14,81.91784000246659,90.5712719372836
09,50,2024-12-21,83.3010028446586,90.50190977941499
09,50,2024-12-28,85.9978003024197,90.79105563115985
09,50,2025-01-04,89.28543557397322,93.79356463493883
09,50,2025-01-11,87.15452668508705,95.01306911592802
09,50,2025-01-18,88.3451039903934,97.49528778236822
09,50,2025-02-01,89.62364740191474,97.65082786357026
09,50,2025-02-08,81.9872329358648,89.05972416718451
09,50,2025-02-15,68.23779161217293,74.02765223270067
09,50,2025-02-22,53.68844485014003,58.19460151077803
09,50,2025-03-01,43.462058488676014,46.904965178176
09,50,2025-03-08,34.875074682654684,37.85388951329942
09,50,2025-03-15,30.012393057382237,32.4578326815204
09,50,2025-03-22,25.81159249704995,27.785216905405825
09,50,2025-03-29,21.527153060543792,23.294224039375
09,50,2025-04-05,19.42741030103885,20.92342665983699
09,50,2025-04-12,18.987051343619896,20.125005222074986
09,50,2025-04-19,20.251023159624943,20.96547236385018
09,50,2025-04-26,23.289889200921653,23.421272993800653
09,75,2024-11-30,83.70286645206282,90.81551067417911
09,75,2024-12-07,84.38435986210143,90.791559668828
09,75,2024-12-14,84.78756114119227,90.5712719372836
09,75,2024-12-21,85.79239175767708,90.50190977941499
09,75,2024-12-28,87.33135771774813,90.79105563115985
09,75,2025-01-04,90.89196999907466,93.79356463493883
09,75,2025-01-11,91.29540293449212,95.01306911592802
09,75,2025-01-18,93.22744574774504,97.49528778236822
09,75,2025-02-01,92.89537863313315,97.65082786357026
09,75,2025-02-08,84.65983668632504,89.05972416718451
09,75,2025-02-15,70.39997062071055,74.02765223270067
09,75,2025-02-22,55.244167058630595,58.19460151077803
09,75,2025-03-01,44.49171707938103,46.904965178176
09,75,2025-03-08,35.895171108693255,37.85388951329942
09,75,2025-03-15,30.817042864961007,32.4578326815204
09,75,2025-03-22,26.47991219963296,27.785216905405825
09,75,2025-03-29,22.215623778768617,23.294224039375
09,75,2025-04-05,20.020937087308788,20.92342665983699
09,75,2025-04-12,19.408306991412907,20.125005222074986
09,75,2025-04-19,20.453287196040417,20.96547236385018
09,75,2025-04-26,23.136534680284935,23.421272993800653
17,5,2024-11-30,359.8234110617321,409.45227842402653
17,5,2024-12-07,371.5590368125033,419.02080921014755
17,5,2024-12-14,379.98449097185505,427.7326647107425
17,5,2024-12-21,359.38582610907895,437.8978325106441
17,5,2024-12-28,373.84840790907447,450.8239248960596
17,5,2025-01-04,367.47668027947884,461.1694043579174
17,5,2025-01-11,360.77006016999985,460.0545475930388
17,5,2025-01-18,368.2711415821349,462.7761990168675
17,5,2025-02-01,377.9148558250914,451.87840813562747
17,5,2025-02-08,335.7664440289928,408.54981869143563
17,5,2025-02-15,284.3252026351463,341.1568899385529
17,5,2025-02-22,232.04728701354753,274.50566278079964
17,5,2025-03-01,181.70931343795618,216.14980431100835
17,5,2025-03-08,139.17335975834104,167.64487955421075
17,5,2025-03-15,106.92115328005572,132.56199570664575
17,5,2025-03-22,83.3046071565888,107.08575608372314
17,5,2025-03-29,67.72201666543093,87.57367103037198
17,5,2025-04-05,57.077346120360446,74.52111103133976
17,5,2025-04-12,42.27883627444609,56.63148269871793
17,5,2025-04-19,43.07517237815777,55.08218135640686
17,5,2025-04-26,36.56579873536113,45.96474132630525
17,15,2024-11-30,364.3090803690563,409.45227842402653
17,15,2024-12-07,385.30696620959384,419.02080921014755
17,15,2024-12-14,404.3805822251207,427.7326647107425
17,15,2024-12-21,394.1202034104397,437.8978325106441
17,15,2024-12-28,391.8345207201062,450.8239248960596
17,15,2025-01-04,390.64212213177115,461.1694043579174
17,15,2025-01-11,387.1467677440015,460.0545475930388
17,15,2025-01-18,394.87380645200716,462.7761990168675
17,15,2025-02-01,388.1865164787059,451.87840813562747
17,15,2025-02-08,343.895321664004,408.54981869143563
17,15,2025-02-15,285.7742875713085,341.1568899385529
17,15,2025-02-22,233.69675573992308,274.50566278079964
17,15,2025-03-01,184.53682962882402,216.14980431100835
17,15,2025-03-08,141.2354871905156,167.64487955421075
17,15,2025-03-15,109.40265506615137,132.56199570664575
17,15,2025-03-22,87.22957332152014,107.08575608372314
17,15,2025-03-29,69.98325556801468,87.57367103037198
17,15,2025-04-05,60.100566910677614,74.52111103133976
17,15,2025-04-12,44.72407768528227,56.63148269871793
17,15,2025-04-19,45.49778154917169,55.08218135640686
17,15,2025-04-26,38.18492717351094,45.96474132630525
17,25,2024-11-30,374.3269289620619,409.45227842402653
17,25,2024-12-07,387.0648919911731,419.02080921014755
17,25,2024-12-14,400.7486920493881,427.7326647107425
17,25,2024-12-21,405.99213565469273,437.8978325106441
17,25,2024-12-28,414.009293790012,450.8239248960596
17,25,2025-01-04,415.33387287992207,461.1694043579174
17,25,2025-01-11,403.30686617120256,460.0545475930388
17,25,2025-01-18,406.1560276439626,462.7761990168675
17,25,2025-02-01,396.53711890573766,451.87840813562747
17,25,2025-02-08,353.7176574466799,408.54981869143563
17,25,2025-02-15,294.28753829069865,341.1568899385529
17,25,2025-02-22,238.96451281033367,274.50566278079964
17,25,2025-03-01,189.57466235531683,216.14980431100835
17,25,2025-03-08,147.80313316597005,167.64487955421075
17,25,2025-03-15,115.4618438183983,132.56199570664575
17,25,2025-03-22,89.98489054971556,107.08575608372314
17,25,2025-03-29,71.94113328398083,87.57367103037198
17,25,2025-04-05,61.7465546227452,74.52111103133976
17,25,2025-04-12,45.37815820574026,56.63148269871793
17,25,2025-04-19,45.583337789607555,55.08218135640686
17,25,2025-04-26,37.88611546223674,45.96474132630525
17,50,2024-11-30,370.12260394633495,409.45227842402653
17,50,2024-12-07,379.0669690876219,419.02080921014755
17,50,2024-12-14,389.10684445517853,427.7326647107425
17,50,2024-12-21,402.2252535559891,437.8978325106441
17,50,2024-12-28,412.78494230086153,450.8239248960596
17,50,2025-01-04,410.46443429322505,461.1694043579174
17,50,2025-01-11,399.9949348042851,460.0545475930388
17,50,2025-01-18,401.01030127674665,462.7761990168675
17,50,2025-02-01,401.699502158218,451.87840813562747
17,50,2025-02-08,363.05674304750016,408.54981869143563
17,50,2025-02-15,304.21387573349654,341.1568899385529
17,50,2025-02-22,245.91926644521072,274.50566278079964
17,50,2025-03-01,195.80071851426183,216.14980431100835
17,50,2025-03-08,151.761664880892,167.64487955421075
17,50,2025-03-15,117.9791583665708,132.56199570664575
17,50,2025-03-22,92.76294499615952,107.08575608372314
17,50,2025-03-29,74.00424149259163,87.57367103037198
17,50,2025-04-05,62.48602330638594,74.52111103133976
17,50,2025-04-12,46.37745004964989,56.63148269871793
17,50,2025-04-19,45.720155601809715,55.08218135640686
17,50,2025-04-26,37.6020173211836,45.96474132630525
17,75,2024-11-30,386.04081705628226,409.45227842402653
17,75,2024-12-07,394.76636252523804,419.02080921014755
17,75,2024-12-14,401.9442109540402,427.7326647107425
17,75,2024-12-21,415.4901241665945,437.8978325106441
17,75,2024-12-28,433.3674525405506,450.8239248960596
17,75,2025-01-04,439.62056449827605,461.1694043579174
17,75,2025-01-11,428.7038668950988,460.0545475930388
17,75,2025-01-18,432.454765272906,462.7761990168675
17,75,2025-02-01,425.073855062683,451.87840813562747
17,75,2025-02-08,383.5074430490198,408.54981869143563
17,75,2025-02-15,319.56129876846114,341.1568899385529
17,75,2025-02-22,257.05577101708553,274.50566278079964
17,75,2025-03-01,202.48663883880792,216.14980431100835
17,75,2025-03-08,157.02199355648088,167.64487955421075
17,75,2025-03-15,123.31443625756543,132.56199570664575
17,75,2025-03-22,98.99454345778143,107.08575608372314
17,75,2025-03-29,80.60392698633015,87.57367103037198
17,75,2025-04-05,68.7089659953255,74.52111103133976
17,75,2025-04-12,51.743333030040525,56.63148269871793
17,75,2025-04-19,50.498052776651015,55.08218135640686
17,75,2025-04-26,41.878466987001914,45.96474132630525
16,5,2024-11-30,33.02448481852978,38.20557302960996
16,5,2024-12-07,37.8765229448027,39.05870481220743
16,5,2024-12-14,34.09494465450468,39.86469223565415
16,5,2024-12-21,35.97530648078307,40.52067068104699
16,5,2024-12-28,35.6399896264777,40.069387688761374
16,5,2025-01-04,31.32005995843052,34.00097005938936
16,5,2025-01-11,30.46617547048523,31.03561524975036
16,5,2025-01-18,31.320501947113236,31.159346733001883
16,5,2025-02-01,34.35916791777356,32.61600061078518
16,5,2025-02-08,33.93120198053768,31.304906118400815
16,5,2025-02-15,32.192967650487006,28.62184708489669
16,5,2025-02-22,27.907000707612532,26.271028267288113
16,5,2025-03-01,22.983917076435123,22.69707575450975
16,5,2025-03-08,19.461407023364767,19.52184762517645
16,5,2025-03-15,18.58719222519534,17.774798703617613
16,5,2025-03-22,13.221035464249864,13.960932601189201
16,5,2025-03-29,8.695249350441268,9.907848428784376
16,5,2025-04-05,7.000492951836645,7.9553238909563335
16,5,2025-04-12,7.269136716368267,7.806382185104803
16,5,2025-04-19,6.416669066548461,6.70143744432946
16,5,2025-04-26,7.6757259133441,7.793202081389468
16,15,2024-11-30,34.45340213045658,38.20557302960996
16,15,2024-12-07,36.332831282971554,39.05870481220743
16,15,2024-12-14,34.17446453488968,39.86469223565415
16,15,2024-12-21,35.24423574372976,40.52067068104699
16,15,2024-12-28,36.06282094539217,40.069387688761374
16,15,2025-01-04,31.79548951506698,34.00097005938936
16,15,2025-01-11,31.50271489715689,31.03561524975036
16,15,2025-01-18,32.05968699626686,31.159346733001883
16,15,2025-02-01,35.41757568531757,32.61600061078518
16,15,2025-02-08,34.21435966975252,31.304906118400815
16,15,2025-02-15,31.95352483518216,28.62184708489669
16,15,2025-02-22,28.054918623064463,26.271028267288113
16,15,2025-03-01,23.473613062863006,22.69707575450975
16,15,2025-03-08,20.078769770035347,19.52184762517645
16,15,2025-03-15,18.946037938777422,17.774798703617613
16,15,2025-03-22,13.8683042206246,13.960932601189201
16,15,2025-03-29,9.20977340869691,9.907848428784376
16,15,2025-04-05,7.176910182403368,7.9553238909563335
16,15,2025-04-12,7.396298785429542,7.806382185104803
16,15,2025-04-19,6.388321171584401,6.70143744432946
16,15,2025-04-26,7.598464225172366,7.793202081389468
16,25,2024-11-30,34.44241728453979,38.20557302960996
16,25,2024-12-07,36.02405159824371,39.05870481220743
16,25,2024-12-14,35.19976079496136,39.86469223565415
16,25,2024-12-21,36.39937380800191,40.52067068104699
16,25,2024-12-28,36.85986518924209,40.069387688761374
16,25,2025-01-04,32.28563040367851,34.00097005938936
16,25,2025-01-11,31.50291757246404,31.03561524975036
16,25,2025-01-18,32.21606120693744,31.159346733001883
16,25,2025-02-01,35.44554877600188,32.61600061078518
16,25,2025-02-08,33.47130975793783,31.304906118400815
16,25,2025-02-15,31.60870225881871,28.62184708489669
16,25,2025-02-22,27.810591247594097,26.271028267288113
16,25,2025-03-01,23.20115415183023,22.69707575450975
16,25,2025-03-08,19.776884092149135,19.52184762517645
16,25,2025-03-15,18.90359791843747,17.774798703617613
16,25,2025-03-22,13.767363240923048,13.960932601189201
16,25,2025-03-29,9.266612261370947,9.907848428784376
16,25,2025-04-05,7.268242833170326,7.9553238909563335
16,25,2025-04-12,7.371677858656222,7.806382185104803
16,25,2025-04-19,6.37006275473873,6.70143744432946
16,25,2025-04-26,7.572384830256366,7.793202081389468
16,50,2024-11-30,36.22281639056856,38.20557302960996
16,50,2024-12-07,37.62159835912019,39.05870481220743
16,50,2024-12-14,36.65446345098685,39.86469223565415
16,50,2024-12-21,37.46152612610329,40.52067068104699
16,50,2024-12-28,37.46171902214753,40.069387688761374
16,50,2025-01-04,32.43913635743297,34.00097005938936
16,50,2025-01-11,31.04446214508558,31.03561524975036
16,50,2025-01-18,31.710663267183303,31.159346733001883
16,50,2025-02-01,34.02205913982264,32.61600061078518
16,50,2025-02-08,32.29385139688724,31.304906118400815
16,50,2025-02-15,30.497911706738027,28.62184708489669
16,50,2025-02-22,26.75427195526911,26.271028267288113
16,50,2025-03-01,22.511943052671263,22.69707575450975
16,50,2025-03-08,19.481817925256426,19.52184762517645
16,50,2025-03-15,18.428096908220727,17.774798703617613
16,50,2025-03-22,13.800645583519769,13.960932601189201
16,50,2025-03-29,9.389195571664132,9.907848428784376
16,50,2025-04-05,7.422633349473924,7.9553238909563335
16,50,2025-04-12,7.4645193268782775,7.806382185104803
16,50,2025-04-19,6.452733837720167,6.70143744432946
16,50,2025-04-26,7.5755385325627085,7.793202081389468
16,75,2024-11-30,36.52737824619458,38.20557302960996
16,75,2024-12-07,37.511437136622924,39.05870481220743
16,75,2024-12-14,38.19450117283146,39.86469223565415
16,75,2024-12-21,39.01704623316622,40.52067068104699
16,75,2024-12-28,38.414410774393126,40.069387688761374
16,75,2025-01-04,31.979421648855755,34.00097005938936
16,75,2025-01-11,30.085393608718327,31.03561524975036
16,75,2025-01-18,30.787173072914015,31.159346733001883
16,75,2025-02-01,32.87609066830821,32.61600061078518
16,75,2025-02-08,31.644604608981144,31.304906118400815
16,75,2025-02-15,29.178976531873165,28.62184708489669
16,75,2025-02-22,26.438914917464306,26.271028267288113
16,75,2025-03-01,22.651065079926454,22.69707575450975
16,75,2025-03-08,19.449601101945927,19.52184762517645
16,75,2025-03-15,18.008203329273,17.774798703617613
16,75,2025-03-22,13.872253883485,13.960932601189201
16,75,2025-03-29,9.67432347536934,9.907848428784376
16,75,2025-04-05,7.7089524067599395,7.9553238909563335
16,75,2025-04-12,7.651903559363119,7.806382185104803
16,75,2025-04-19,6.58820464898929,6.70143744432946
16,75,2025-04-26,7.716059410311429,7.793202081389468
39,5,2024-11-30,674.8837404868278,654.1393184782258
39,5,2024-12-07,753.6821928657847,679.6191181757448
39,5,2024-12-14,776.5866182514843,706.6484979618735
39,5,2024-12-21,810.8784117930315,735.7020542512265
39,5,2024-12-28,814.3688798853003,767.9167300258824
39,5,2025-01-04,761.8222564227215,802.9855160045033
39,5,2025-01-11,694.465313287121,825.9134016663575
39,5,2025-01-18,833.3191630239822,860.7274698117237
39,5,2025-02-01,930.3956846579996,909.7269652217853
39,5,2025-02-08,888.736842037954,879.1420697308517
39,5,2025-02-15,725.0736091098225,793.4788108058098
39,5,2025-02-22,544.0378374886485,656.718822493764
39,5,2025-03-01,413.070255698837,512.2496895764142
39,5,2025-03-08,291.17696932958023,366.9465317135666
39,5,2025-03-15,188.5024010756355,242.3600303301363
39,5,2025-03-22,108.77373050641718,145.2255652185614
39,5,2025-03-29,64.34435188330772,89.00146874918009
39,5,2025-04-05,43.24131606338382,58.871140649089945
39,5,2025-04-12,34.34319955147238,42.523459574554366
39,5,2025-04-19,28.38997162962481,32.85398276372707
39,5,2025-04-26,25.270375833749682,27.80688755581904
39,15,2024-11-30,661.4508912889462,654.1393184782258
39,15,2024-12-07,719.7216935195328,679.6191181757448
39,15,2024-12-14,753.150652987914,706.6484979618735
39,15,2024-12-21,795.6123623256601,735.7020542512265
39,15,2024-12-28,817.6246095351329,767.9167300258824
39,15,2025-01-04,779.1234053102667,802.9855160045033
39,15,2025-01-11,742.509403179738,825.9134016663575
39,15,2025-01-18,820.4807173876588,860.7274698117237
39,15,2025-02-01,904.8086525268361,909.7269652217853
39,15,2025-02-08,884.4736932261314,879.1420697308517
39,15,2025-02-15,744.7542164151563,793.4788108058098
39,15,2025-02-22,568.5447145594854,656.718822493764
39,15,2025-03-01,444.24850666307384,512.2496895764142
39,15,2025-03-08,315.91095410947963,366.9465317135666
39,15,2025-03-15,201.939623327946,242.3600303301363
39,15,2025-03-22,116.11231972984136,145.2255652185614
39,15,2025-03-29,68.06180920722154,89.00146874918009
39,15,2025-04-05,45.053717892764624,58.871140649089945
39,15,2025-04-12,35.080683483007256,42.523459574554366
39,15,2025-04-19,29.010438107127396,32.85398276372707
39,15,2025-04-26,25.578787389296437,27.80688755581904
39,25,2024-11-30,648.8971091348432,654.1393184782258
39,25,2024-12-07,678.975407433827,679.6191181757448
39,25,2024-12-14,724.7365437577839,706.6484979618735
39,25,2024-12-21,750.1733611667705,735.7020542512265
39,25,2024-12-28,779.0045083644783,767.9167300258824
39,25,2025-01-04,764.5366842866355,802.9855160045033
39,25,2025-01-11,756.4277545101221,825.9134016663575
39,25,2025-01-18,824.1334006798936,860.7274698117237
39,25,2025-02-01,901.4169216658528,909.7269652217853
39,25,2025-02-08,866.5182794352671,879.1420697308517
39,25,2025-02-15,752.1030365662838,793.4788108058098
39,25,2025-02-22,595.2288091393519,656.718822493764
39,25,2025-03-01,447.4371054787105,512.2496895764142
39,25,2025-03-08,318.05180128050785,366.9465317135666
39,25,2025-03-15,206.61387760396906,242.3600303301363
39,25,2025-03-22,119.29006299682929,145.2255652185614
39,25,2025-03-29,69.8853012134665,89.00146874918009
39,25,2025-04-05,45.80492493004273,58.871140649089945
39,25,2025-04-12,35.28770670556278,42.523459574554366
39,25,2025-04-19,28.891108492299093,32.85398276372707
39,25,2025-04-26,25.29277043597717,27.80688755581904
39,50,2024-11-30,637.5745898723713,654.1393184782258
39,50,2024-12-07,664.3128385299909,679.6191181757448
39,50,2024-12-14,686.0020843177881,706.6484979618735
39,50,2024-12-21,718.0516968524141,735.7020542512265
39,50,2024-12-28,754.564587959245,767.9167300258824
39,50,2025-01-04,757.9564565017369,802.9855160045033
39,50,2025-01-11,760.6993746923882,825.9134016663575
39,50,2025-01-18,807.2339838461905,860.7274698117237
39,50,2025-02-01,888.2737901750901,909.7269652217853
39,50,2025-02-08,859.9439388839585,879.1420697308517
39,50,2025-02-15,757.9799004293574,793.4788108058098
39,50,2025-02-22,609.5842490191193,656.718822493764
39,50,2025-03-01,469.89498383524426,512.2496895764142
39,50,2025-03-08,334.6885670627223,366.9465317135666
39,50,2025-03-15,218.59435461598335,242.3600303301363
39,50,2025-03-22,126.17983169827106,145.2255652185614
39,50,2025-03-29,74.51313998370303,89.00146874918009
39,50,2025-04-05,48.681837894720964,58.871140649089945
39,50,2025-04-12,36.615859578234016,42.523459574554366
39,50,2025-04-19,29.78975945695869,32.85398276372707
39,50,2025-04-26,25.916649331184324,27.80688755581904
39,75,2024-11-30,634.1107262380178,654.1393184782258
39,75,2024-12-07,659.0126029381062,679.6191181757448
39,75,2024-12-14,685.1684810681437,706.6484979618735
39,75,2024-12-21,713.5520089176996,735.7020542512265
39,75,2024-12-28,751.0600560578113,767.9167300258824
39,75,2025-01-04,782.1331752988599,802.9855160045033
39,75,2025-01-11,793.7896273234985,825.9134016663575
39,75,2025-01-18,837.3239408895433,860.7274698117237
39,75,2025-02-01,895.8314341505667,909.7269652217853
39,75,2025-02-08,867.8724791411853,879.1420697308517
39,75,2025-02-15,775.8625164727927,793.4788108058098
39,75,2025-02-22,633.1039515729931,656.718822493764
39,75,2025-03-01,492.0975162555202,512.2496895764142
39,75,2025-03-08,349.2618663850202,366.9465317135666
39,75,2025-03-15,228.79297079887147,242.3600303301363
39,75,2025-03-22,134.14251242370352,145.2255652185614
39,75,2025-03-29,80.62904703031784,89.00146874918009
39,75,2025-04-05,52.843699988319045,58.871140649089945
39,75,2025-04-12,38.590431712443646,42.523459574554366
39,75,2025-04-19,30.55545389842884,32.85398276372707
39,75,2025-04-26,26.449763732682584,27.80688755581904
28,5,2024-11-30,63.97643185909508,66.21041586611375
28,5,2024-12-07,60.71680277797593,67.78023269975444
28,5,2024-12-14,61.09188048838785,69.19790279200106
28,5,2024-12-21,62.682234785804404,70.55672451044254
28,5,2024-12-28,68.98195037663606,72.14107719691867
28,5,2025-01-04,52.79105367900426,73.5167013212499
28,5,2025-01-11,48.292038445392514,73.3805749101983
28,5,2025-01-18,49.75103012983443,74.50534071479399
28,5,2025-02-01,55.21224661412166,72.01765936385657
28,5,2025-02-08,35.424700322896584,56.36914396599592
28,5,2025-02-15,25.02686864266802,41.29268162600011
28,5,2025-02-22,24.75680308536116,35.95969275439708
28,5,2025-03-01,25.89416583412027,32.5688213144238
28,5,2025-03-08,26.15824234725371,30.673733026581942
28,5,2025-03-15,23.09207051494088,26.136859755555125
28,5,2025-03-22,14.752974571934333,16.721348333679053
28,5,2025-03-29,11.241393691299033,12.682623828658523
28,5,2025-04-05,10.669022083140941,11.740132712140532
28,5,2025-04-12,9.197802947599218,10.14118664602551
28,5,2025-04-19,6.907808558466411,7.66680512909403
28,5,2025-04-26,5.69401586510917,6.262504458486955
28,15,2024-11-30,58.38823130862662,66.21041586611375
28,15,2024-12-07,58.98402377951184,67.78023269975444
28,15,2024-12-14,60.954841609894565,69.19790279200106
28,15,2024-12-21,62.97650644600528,70.55672451044254
28,15,2024-12-28,65.38063605663577,72.14107719691867
28,15,2025-01-04,56.398239022863855,73.5167013212499
28,15,2025-01-11,53.17290758146506,73.3805749101983
28,15,2025-01-18,52.200859232611656,74.50534071479399
28,15,2025-02-01,52.919513131106804,72.01765936385657
28,15,2025-02-08,38.523907772215445,56.36914396599592
28,15,2025-02-15,28.18102059006016,41.29268162600011
28,15,2025-02-22,26.990656585387388,35.95969275439708
28,15,2025-03-01,26.99851522360376,32.5688213144238
28,15,2025-03-08,26.734966407060764,30.673733026581942
28,15,2025-03-15,23.54830717025842,26.136859755555125
28,15,2025-03-22,14.934005337393968,16.721348333679053
28,15,2025-03-29,11.478365074920418,12.682623828658523
28,15,2025-04-05,10.932490464828685,11.740132712140532
28,15,2025-04-12,9.456232563952051,10.14118664602551
28,15,2025-04-19,7.078922078672911,7.66680512909403
28,15,2025-04-26,5.714307648533495,6.262504458486955
28,25,2024-11-30,57.88502469073172,66.21041586611375
28,25,2024-12-07,59.581137140973574,67.78023269975444
28,25,2024-12-14,60.797790999706756,69.19790279200106
28,25,2024-12-21,62.50490010795028,70.55672451044254
28,25,2024-12-28,64.60691021216627,72.14107719691867
28,25,2025-01-04,58.312434071509784,73.5167013212499
28,25,2025-01-11,55.35827137534829,73.3805749101983
28,25,2025-01-18,54.75338413168469,74.50534071479399
28,25,2025-02-01,53.7167694131586,72.01765936385657
28,25,2025-02-08,39.74352958820385,56.36914396599592
28,25,2025-02-15,28.65158580076708,41.29268162600011
28,25,2025-02-22,26.52991675661883,35.95969275439708
28,25,2025-03-01,25.9224908131561,32.5688213144238
28,25,2025-03-08,25.714050927251613,30.673733026581942
28,25,2025-03-15,22.757535398687363,26.136859755555125
28,25,2025-03-22,14.252700346362174,16.721348333679053
28,25,2025-03-29,10.985535056214403,12.682623828658523
28,25,2025-04-05,10.473993773079382,11.740132712140532
28,25,2025-04-12,9.177813283690023,10.14118664602551
28,25,2025-04-19,6.880688317996945,7.66680512909403
28,25,2025-04-26,5.614824583131146,6.262504458486955
28,50,2024-11-30,59.0304492040756,66.21041586611375
28,50,2024-12-07,61.39983441195218,67.78023269975444
28,50,2024-12-14,63.00360268638147,69.19790279200106
28,50,2024-12-21,65.1763091463964,70.55672451044254
28,50,2024-12-28,68.14024004764356,72.14107719691867
28,50,2025-01-04,64.00746095132158,73.5167013212499
28,50,2025-01-11,61.60313319971744,73.3805749101983
28,50,2025-01-18,61.6867054301131,74.50534071479399
28,50,2025-02-01,60.751190264073884,72.01765936385657
28,50,2025-02-08,45.24402168317142,56.36914396599592
28,50,2025-02-15,31.613171290753865,41.29268162600011
28,50,2025-02-22,28.03213375128653,35.95969275439708
28,50,2025-03-01,26.238609460628602,32.5688213144238
28,50,2025-03-08,25.472264457155426,30.673733026581942
28,50,2025-03-15,22.229062403627907,26.136859755555125
28,50,2025-03-22,13.938534534578304,16.721348333679053
28,50,2025-03-29,10.782367037003013,12.682623828658523
28,50,2025-04-05,10.161553007839764,11.740132712140532
28,50,2025-04-12,8.907529473085754,10.14118664602551
28,50,2025-04-19,6.825766225732251,7.66680512909403
28,50,2025-04-26,5.618522757217937,6.262504458486955
28,75,2024-11-30,62.790491813202735,66.21041586611375
28,75,2024-12-07,64.83842516440149,67.78023269975444
28,75,2024-12-14,67.08098280368026,69.19790279200106
28,75,2024-12-21,69.42189339755888,70.55672451044254
28,75,2024-12-28,71.98839934943882,72.14107719691867
28,75,2025-01-04,71.2369738585599,73.5167013212499
28,75,2025-01-11,68.97687599664523,73.3805749101983
28,75,2025-01-18,69.42503369997459,74.50534071479399
28,75,2025-02-01,67.45071319951857,72.01765936385657
28,75,2025-02-08,51.842633061698955,56.36914396599592
28,75,2025-02-15,36.97481828929636,41.29268162600011
28,75,2025-02-22,32.33677153062336,35.95969275439708
28,75,2025-03-01,29.685557163569484,32.5688213144238
28,75,2025-03-08,28.300969970295082,30.673733026581942
28,75,2025-03-15,24.25364277357544,26.136859755555125
28,75,2025-03-22,15.275258189739317,16.721348333679053
28,75,2025-03-29,11.637605356402489,12.682623828658523
28,75,2025-04-05,10.859287443016362,11.740132712140532
28,75,2025-04-12,9.470706479523898,10.14118664602551
28,75,2025-04-19,7.188767208253579,7.66680512909403
28,75,2025-04-26,5.883701119545337,6.262504458486955
42,5,2024-11-30,866.5767641914374,935.0530751040327
42,5,2024-12-07,902.506735817044,970.8326644568361
42,5,2024-12-14,959.071837952933,1009.3394641850057
42,5,2024-12-21,1018.3071576205172,1051.4635079934308
42,5,2024-12-28,1086.7657804021226,1099.085352424152
42,5,2025-01-04,1082.244517112317,1148.9245170051706
42,5,2025-01-11,1090.433197919192,1182.9347384443372
42,5,2025-01-18,1148.6650877597754,1223.6062942680205
42,5,2025-02-01,1056.3568487947862,1200.768959026395
42,5,2025-02-08,975.318158726209,1120.4321936208582
42,5,2025-02-15,830.2082137262951,992.096273420615
42,5,2025-02-22,711.6997897788447,844.6747906094573
42,5,2025-03-01,600.4111000374677,718.7560054842565
42,5,2025-03-08,504.0364532343276,595.1026042791405
42,5,2025-03-15,420.33128615209694,482.68105171200375
42,5,2025-03-22,355.9198459646983,409.7276993359903
42,5,2025-03-29,302.31630112050385,348.29594968635803
42,5,2025-04-05,264.4127231352626,303.0785549516172
42,5,2025-04-12,247.3104067575503,282.1603583125262
42,5,2025-04-19,245.49157132798993,274.9047815916784
42,5,2025-04-26,261.88812382879735,286.0261235185377
42,15,2024-11-30,859.711805852328,935.0530751040327
42,15,2024-12-07,904.1987151708283,970.8326644568361
42,15,2024-12-14,957.3411066988897,1009.3394641850057
42,15,2024-12-21,1006.2791762904174,1051.4635079934308
42,15,2024-12-28,1065.5751326597644,1099.085352424152
42,15,2025-01-04,1082.1255493995732,1148.9245170051706
42,15,2025-01-11,1108.2127858420351,1182.9347384443372
42,15,2025-01-18,1153.2857148544867,1223.6062942680205
42,15,2025-02-01,1103.052728694882,1200.768959026395
42,15,2025-02-08,999.727152311621,1120.4321936208582
42,15,2025-02-15,877.3125192415697,992.096273420615
42,15,2025-02-22,741.4505924280064,844.6747906094573
42,15,2025-03-01,635.4143016855711,718.7560054842565
42,15,2025-03-08,527.7664219581975,595.1026042791405
42,15,2025-03-15,429.6426970921287,482.68105171200375
42,15,2025-03-22,366.585575927315,409.7276993359903
42,15,2025-03-29,310.1947885507445,348.29594968635803
42,15,2025-04-05,268.1354304405537,303.0785549516172
42,15,2025-04-12,250.8435716925313,282.1603583125262
42,15,2025-04-19,249.66350413604198,274.9047815916784
42,15,2025-04-26,264.7567646223355,286.0261235185377
42,25,2024-11-30,890.256286274088,935.0530751040327
42,25,2024-12-07,935.7155389173931,970.8326644568361
42,25,2024-12-14,976.3369687035117,1009.3394641850057
42,25,2024-12-21,1024.4005710928022,1051.4635079934308
42,25,2024-12-28,1082.0687290353264,1099.085352424152
42,25,2025-01-04,1116.1232956308702,1148.9245170051706
42,25,2025-01-11,1134.4147993307784,1182.9347384443372
42,25,2025-01-18,1170.5385305806717,1223.6062942680205
42,25,2025-02-01,1128.5578676153425,1200.768959026395
42,25,2025-02-08,1025.842943758217,1120.4321936208582
42,25,2025-02-15,897.0728279266272,992.096273420615
42,25,2025-02-22,760.3310220846516,844.6747906094573
42,25,2025-03-01,652.0710574800747,718.7560054842565
42,25,2025-03-08,549.1580816871653,595.1026042791405
42,25,2025-03-15,445.29722664343535,482.68105171200375
42,25,2025-03-22,378.3793008057095,409.7276993359903
42,25,2025-03-29,321.4985305798614,348.29594968635803
42,25,2025-04-05,276.4206338109156,303.0785549516172
42,25,2025-04-12,258.1356097565382,282.1603583125262
42,25,2025-04-19,254.96578061168236,274.9047815916784
42,25,2025-04-26,269.0049175074224,286.0261235185377
42,50,2024-11-30,896.6052901855452,935.0530751040327
42,50,2024-12-07,935.9302014412369,970.8326644568361
42,50,2024-12-14,982.6627005726851,1009.3394641850057
42,50,2024-12-21,1031.2972508208857,1051.4635079934308
42,50,2024-12-28,1084.6049377516194,1099.085352424152
42,50,2025-01-04,1136.0055445700914,1148.9245170051706
42,50,2025-01-11,1166.626552087478,1182.9347384443372
42,50,2025-01-18,1212.0008440003933,1223.6062942680205
42,50,2025-02-01,1164.68330980256,1200.768959026395
42,50,2025-02-08,1071.5171094046132,1120.4321936208582
42,50,2025-02-15,941.2571816036346,992.096273420615
42,50,2025-02-22,799.8786550929676,844.6747906094573
42,50,2025-03-01,682.9975446942648,718.7560054842565
42,50,2025-03-08,571.3965709769674,595.1026042791405
42,50,2025-03-15,465.75230508807243,482.68105171200375
42,50,2025-03-22,395.7204714655052,409.7276993359903
42,50,2025-03-29,333.746546816492,348.29594968635803
42,50,2025-04-05,288.2545233049004,303.0785549516172
42,50,2025-04-12,269.0053027981597,282.1603583125262
42,50,2025-04-19,263.3301807426429,274.9047815916784
42,50,2025-04-26,276.9261300737428,286.0261235185377
42,75,2024-11-30,912.1967763007618,935.0530751040327
42,75,2024-12-07,951.115220719991,970.8326644568361
42,75,2024-12-14,995.4143948337553,1009.3394641850057
42,75,2024-12-21,1042.023350817624,1051.4635079934308
42,75,2024-12-28,1097.6433772556447,1099.085352424152
42,75,2025-01-04,1144.1608170476738,1148.9245170051706
42,75,2025-01-11,1174.9167166523218,1182.9347384443372
42,75,2025-01-18,1214.9032948121226,1223.6062942680205
42,75,2025-02-01,1186.248117049841,1200.768959026395
42,75,2025-02-08,1099.564685187859,1120.4321936208582
42,75,2025-02-15,966.6934904420726,992.096273420615
42,75,2025-02-22,819.5694441605174,844.6747906094573
42,75,2025-03-01,698.2475895171659,718.7560054842565
42,75,2025-03-08,576.2563670986278,595.1026042791405
42,75,2025-03-15,466.7431124278255,482.68105171200375
42,75,2025-03-22,394.8319904616322,409.7276993359903
42,75,2025-03-29,334.36866945558137,348.29594968635803
42,75,2025-04-05,289.261082982393,303.0785549516172
42,75,2025-04-12,269.79833751623875,282.1603583125262
42,75,2025-04-19,264.01848643146405,274.9047815916784
42,75,2025-04-26,276.0440247216658,286.0261235185377
08,5,2024-11-30,125.31965384938727,131.56657808332787
08,5,2024-12-07,126.80710711155042,135.43288105322412
08,5,2024-12-14,121.17447562851666,139.24690325648672
08,5,2024-12-21,121.70300715520321,143.17284194248543
08,5,2024-12-28,131.5928472451968,147.59844063893385
08,5,2025-01-04,118.24458172346539,148.92561941423185
08,5,2025-01-11,109.1441044418194,139.2045194684043
08,5,2025-01-18,119.66478387928402,137.82386493222728
08,5,2025-02-01,140.6968233970176,136.14813995012364
08,5,2025-02-08,123.97164864390977,128.2134780592076
08,5,2025-02-15,100.43144742223058,111.0520032384435
08,5,2025-02-22,73.979675399925,90.94314087955351
08,5,2025-03-01,57.914099070507504,72.69989332471566
08,5,2025-03-08,44.26067942669691,56.733510329241824
08,5,2025-03-15,32.73210441415885,42.32079929271676
08,5,2025-03-22,25.755687001322034,33.80036079101587
08,5,2025-03-29,20.750384602764623,27.251593454625777
08,5,2025-04-05,16.846450174250677,21.909604039958516
08,5,2025-04-12,14.665153334590089,18.069927945486082
08,5,2025-04-19,13.889376057777033,16.09379423436319
08,5,2025-04-26,14.419916750891975,16.45199742746367
08,15,2024-11-30,117.19755102781427,131.56657808332787
08,15,2024-12-07,121.20752445252552,135.43288105322412
08,15,2024-12-14,122.86513626403634,139.24690325648672
08,15,2024-12-21,126.83284882727953,143.17284194248543
08,15,2024-12-28,133.32585112168118,147.59844063893385
08,15,2025-01-04,128.22550027888457,148.92561941423185
08,15,2025-01-11,116.93227964971331,139.2045194684043
08,15,2025-01-18,116.92742957316278,137.82386493222728
08,15,2025-02-01,123.79934768947733,136.14813995012364
08,15,2025-02-08,116.89248594003146,128.2134780592076
08,15,2025-02-15,99.47422010509717,111.0520032384435
08,15,2025-02-22,78.57298776935428,90.94314087955351
08,15,2025-03-01,61.18535481482828,72.69989332471566
08,15,2025-03-08,46.86802358649918,56.733510329241824
08,15,2025-03-15,34.45013127658751,42.32079929271676
08,15,2025-03-22,27.010407162225864,33.80036079101587
08,15,2025-03-29,21.622111804385295,27.251593454625777
08,15,2025-04-05,17.372295853148188,21.909604039958516
08,15,2025-04-12,14.647831142257742,18.069927945486082
08,15,2025-04-19,13.66600519854567,16.09379423436319
08,15,2025-04-26,14.29486363507532,16.45199742746367
08,25,2024-11-30,117.91774086706089,131.56657808332787
08,25,2024-12-07,121.50675341016724,135.43288105322412
08,25,2024-12-14,124.2838499087254,139.24690325648672
08,25,2024-12-21,127.73045698424039,143.17284194248543
08,25,2024-12-28,133.51994321796752,147.59844063893385
08,25,2025-01-04,130.09795693648815,148.92561941423185
08,25,2025-01-11,119.86135494943923,139.2045194684043
08,25,2025-01-18,117.84948046474915,137.82386493222728
08,25,2025-02-01,121.94495280086865,136.14813995012364
08,25,2025-02-08,116.11148119317076,128.2134780592076
08,25,2025-02-15,100.01525790053853,111.0520032384435
08,25,2025-02-22,80.42279036358173,90.94314087955351
08,25,2025-03-01,62.90725395347899,72.69989332471566
08,25,2025-03-08,47.901168901119405,56.733510329241824
08,25,2025-03-15,34.93826291911528,42.32079929271676
08,25,2025-03-22,27.394219197330937,33.80036079101587
08,25,2025-03-29,21.87912537128049,27.251593454625777
08,25,2025-04-05,17.43826201938763,21.909604039958516
08,25,2025-04-12,14.573107075914399,18.069927945486082
08,25,2025-04-19,13.512564675717677,16.09379423436319
08,25,2025-04-26,14.079768226112762,16.45199742746367
08,50,2024-11-30,119.53117716274527,131.56657808332787
08,50,2024-12-07,123.62494955855674,135.43288105322412
08,50,2024-12-14,127.034482481865,139.24690325648672
08,50,2024-12-21,130.78457092962256,143.17284194248543
08,50,2024-12-28,135.36565335030437,147.59844063893385
08,50,2025-01-04,134.0613689105567,148.92561941423185
08,50,2025-01-11,121.79851804536975,139.2045194684043
08,50,2025-01-18,121.34977207423896,137.82386493222728
08,50,2025-02-01,125.1407734335157,136.14813995012364
08,50,2025-02-08,118.09887456859013,128.2134780592076
08,50,2025-02-15,101.81712213054557,111.0520032384435
08,50,2025-02-22,82.35799622668357,90.94314087955351
08,50,2025-03-01,65.01854642494811,72.69989332471566
08,50,2025-03-08,49.94379082494951,56.733510329241824
08,50,2025-03-15,36.373725896962966,42.32079929271676
08,50,2025-03-22,28.607209939600498,33.80036079101587
08,50,2025-03-29,22.65333418394538,27.251593454625777
08,50,2025-04-05,17.799819233191656,21.909604039958516
08,50,2025-04-12,14.589266688062628,18.069927945486082
08,50,2025-04-19,13.261545792640371,16.09379423436319
08,50,2025-04-26,13.738734915122937,16.45199742746367
08,75,2024-11-30,124.48568917741703,131.56657808332787
08,75,2024-12-07,128.77335413949993,135.43288105322412
08,75,2024-12-14,132.03374297564488,139.24690325648672
08,75,2024-12-21,136.7639296755184,143.17284194248543
08,75,2024-12-28,141.91491985554657,147.59844063893385
08,75,2025-01-04,141.6551956623297,148.92561941423185
08,75,2025-01-11,131.21418468972,139.2045194684043
08,75,2025-01-18,130.19337155163493,137.82386493222728
08,75,2025-02-01,129.85258106663102,136.14813995012364
08,75,2025-02-08,122.25935225879235,128.2134780592076
08,75,2025-02-15,105.64931371019462,111.0520032384435
08,75,2025-02-22,85.95961268360263,90.94314087955351
08,75,2025-03-01,68.14182086699441,72.69989332471566
08,75,2025-03-08,52.721660404125174,56.733510329241824
08,75,2025-03-15,38.80014555984769,42.32079929271676
08,75,2025-03-22,30.809845477933806,33.80036079101587
08,75,2025-03-29,24.648916350315613,27.251593454625777
08,75,2025-04-05,19.666125573976966,21.909604039958516
08,75,2025-04-12,16.14304871659587,18.069927945486082
08,75,2025-04-19,14.43191954335992,16.09379423436319
08,75,2025-04-26,14.815362898939505,16.45199742746367
26,5,2024-11-30,229.3396918513565,248.65143193965548
26,5,2024-12-07,221.01436600200975,255.65835328330624
26,5,2024-12-14,239.52797466756516,262.03540260753977
26,5,2024-12-21,234.3430678495305,268.3859749933532
26,5,2024-12-28,249.8757782432998,274.76548269415616
26,5,2025-01-04,224.53438132247925,282.9042600243824
26,5,2025-01-11,219.88779070512794,292.1859206373939
26,5,2025-01-18,231.8870246016445,301.1771542121208
26,5,2025-02-01,245.6601917341656,319.8634930789536
26,5,2025-02-08,256.4731269780465,315.56243952491815
26,5,2025-02-15,223.41119917788603,301.59382357486095
26,5,2025-02-22,212.48645552291597,278.6783499728916
26,5,2025-03-01,167.02952991245897,232.32417908363487
26,5,2025-03-08,132.67128046958425,183.37245008195333
26,5,2025-03-15,114.31706943983161,152.94529192063737
26,5,2025-03-22,107.16803100170368,133.8682163405934
26,5,2025-03-29,69.91228980594052,92.22884847950439
26,5,2025-04-05,48.472488904676524,63.843531959176936
26,5,2025-04-12,48.66395004271361,60.62879512407349
26,5,2025-04-19,44.84505841725573,53.367651288106465
26,5,2025-04-26,37.67408302628969,43.463217102448574
26,15,2024-11-30,232.09691945989474,248.65143193965548
26,15,2024-12-07,223.71536697070522,255.65835328330624
26,15,2024-12-14,229.8239967095508,262.03540260753977
26,15,2024-12-21,234.44783873689744,268.3859749933532
26,15,2024-12-28,243.88428599599047,274.76548269415616
26,15,2025-01-04,226.25961599913285,282.9042600243824
26,15,2025-01-11,225.99844173958,292.1859206373939
26,15,2025-01-18,233.75724488793526,301.1771542121208
26,15,2025-02-01,246.35588846753222,319.8634930789536
26,15,2025-02-08,247.11459187855868,315.56243952491815
26,15,2025-02-15,229.22314226708932,301.59382357486095
26,15,2025-02-22,214.47716331156028,278.6783499728916
26,15,2025-03-01,175.42124029011632,232.32417908363487
26,15,2025-03-08,138.4924038793034,183.37245008195333
26,15,2025-03-15,116.83647085482812,152.94529192063737
26,15,2025-03-22,105.49270443349462,133.8682163405934
26,15,2025-03-29,70.59983502919096,92.22884847950439
26,15,2025-04-05,49.042265037424364,63.843531959176936
26,15,2025-04-12,48.41847908833024,60.62879512407349
26,15,2025-04-19,44.14016965853187,53.367651288106465
26,15,2025-04-26,37.77965246220076,43.463217102448574
26,25,2024-11-30,224.36991496873839,248.65143193965548
26,25,2024-12-07,221.3379111669461,255.65835328330624
26,25,2024-12-14,229.6211605749948,262.03540260753977
26,25,2024-12-21,235.74605384446585,268.3859749933532
26,25,2024-12-28,246.12087073408657,274.76548269415616
26,25,2025-01-04,236.09254198276034,282.9042600243824
26,25,2025-01-11,236.83259090537942,292.1859206373939
26,25,2025-01-18,241.50811562971705,301.1771542121208
26,25,2025-02-01,253.1578409686662,319.8634930789536
26,25,2025-02-08,253.17136612590136,315.56243952491815
26,25,2025-02-15,239.05392018015093,301.59382357486095
26,25,2025-02-22,222.82009894578994,278.6783499728916
26,25,2025-03-01,181.72247848050188,232.32417908363487
26,25,2025-03-08,140.9661234815732,183.37245008195333
26,25,2025-03-15,118.23539212476632,152.94529192063737
26,25,2025-03-22,105.8500483109849,133.8682163405934
26,25,2025-03-29,70.37812251990965,92.22884847950439
26,25,2025-04-05,48.4569000971971,63.843531959176936
26,25,2025-04-12,47.75942735752693,60.62879512407349
26,25,2025-04-19,43.43328339948832,53.367651288106465
26,25,2025-04-26,37.571462478363415,43.463217102448574
26,50,2024-11-30,222.50330618021306,248.65143193965548
26,50,2024-12-07,225.44382477420368,255.65835328330624
26,50,2024-12-14,229.97871073365164,262.03540260753977
26,50,2024-12-21,233.9238553943904,268.3859749933532
26,50,2024-12-28,239.78630489051193,274.76548269415616
26,50,2025-01-04,238.78732134197915,282.9042600243824
26,50,2025-01-11,239.3271491582045,292.1859206373939
26,50,2025-01-18,243.9793725281197,301.1771542121208
26,50,2025-02-01,260.2871366128809,319.8634930789536
26,50,2025-02-08,262.28896425877934,315.56243952491815
26,50,2025-02-15,252.79718757185154,301.59382357486095
26,50,2025-02-22,235.62926869918195,278.6783499728916
26,50,2025-03-01,196.78082113556687,232.32417908363487
26,50,2025-03-08,154.90720093868725,183.37245008195333
26,50,2025-03-15,128.96698003070546,152.94529192063737
26,50,2025-03-22,114.05977826446001,133.8682163405934
26,50,2025-03-29,76.22308331551201,92.22884847950439
26,50,2025-04-05,51.61275963031884,63.843531959176936
26,50,2025-04-12,50.500975466780865,60.62879512407349
26,50,2025-04-19,45.835398382983016,53.367651288106465
26,50,2025-04-26,39.35139312733901,43.463217102448574
26,75,2024-11-30,230.08458729706572,248.65143193965548
26,75,2024-12-07,233.7019531760642,255.65835328330624
26,75,2024-12-14,240.7593551041281,262.03540260753977
26,75,2024-12-21,246.72416601366913,268.3859749933532
26,75,2024-12-28,253.00449512114497,274.76548269415616
26,75,2025-01-04,258.6896203291233,282.9042600243824
26,75,2025-01-11,265.2511341102761,292.1859206373939
26,75,2025-01-18,273.1241838611421,301.1771542121208
26,75,2025-02-01,290.25662856055493,319.8634930789536
26,75,2025-02-08,289.04892577343486,315.56243952491815
26,75,2025-02-15,276.09503117349783,301.59382357486095
26,75,2025-02-22,254.46868241383763,278.6783499728916
26,75,2025-03-01,211.44816619279194,232.32417908363487
26,75,2025-03-08,166.55667589002613,183.37245008195333
26,75,2025-03-15,138.62034669151808,152.94529192063737
26,75,2025-03-22,121.75420432622907,133.8682163405934
26,75,2025-03-29,82.70352924167541,92.22884847950439
26,75,2025-04-05,56.55679132487986,63.843531959176936
26,75,2025-04-12,54.18895386532945,60.62879512407349
26,75,2025-04-19,48.19441334289403,53.367651288106465
26,75,2025-04-26,39.9177966055096,43.463217102448574
33,5,2024-11-30,37.464166572554944,41.872373702013235
33,5,2024-12-07,36.87658572682592,43.362529881495064
33,5,2024-12-14,37.92099522828411,44.85700058248707
33,5,2024-12-21,40.21169511044203,46.3782920145701
33,5,2024-12-28,46.18867045769792,47.902073230075175
33,5,2025-01-04,46.44970986031108,49.75683186735551
33,5,2025-01-11,38.24677738270919,50.991546782044885
33,5,2025-01-18,38.41026620735339,52.747598869069066
33,5,2025-02-01,37.61445642621968,54.7101735963971
33,5,2025-02-08,35.98693554088858,53.11660777579221
33,5,2025-02-15,31.46369364790667,49.110064141324216
33,5,2025-02-22,29.342489893618392,43.508287408011064
33,5,2025-03-01,22.055601852586307,34.457806925490324
33,5,2025-03-08,14.077185005140173,23.91602231436245
33,5,2025-03-15,7.456478351653975,14.848437632325236
33,5,2025-03-22,5.197303838819332,10.837098952534049
33,5,2025-03-29,4.087806385782342,8.227757714038306
33,5,2025-04-05,3.705123786565237,6.778325721994603
33,5,2025-04-12,3.9131443340268737,6.957064742577165
33,5,2025-04-19,3.5542664871952945,5.808371680036419
33,5,2025-04-26,1.5106695364806062,2.8570754331618673
33,15,2024-11-30,37.91505685740806,41.872373702013235
33,15,2024-12-07,39.11173549094688,43.362529881495064
33,15,2024-12-14,39.291989662203235,44.85700058248707
33,15,2024-12-21,40.54403761413894,46.3782920145701
33,15,2024-12-28,42.559863227277916,47.902073230075175
33,15,2025-01-04,43.505105112745134,49.75683186735551
33,15,2025-01-11,41.83914435730928,50.991546782044885
33,15,2025-01-18,42.479942282896324,52.747598869069066
33,15,2025-02-01,41.80770213734944,54.7101735963971
33,15,2025-02-08,40.04388002043873,53.11660777579221
33,15,2025-02-15,35.92329846835148,49.110064141324216
33,15,2025-02-22,32.77512881006758,43.508287408011064
33,15,2025-03-01,25.110587922794597,34.457806925490324
33,15,2025-03-08,16.293940852621265,23.91602231436245
33,15,2025-03-15,9.026549830968243,14.848437632325236
33,15,2025-03-22,6.125857884093388,10.837098952534049
33,15,2025-03-29,4.515954764655692,8.227757714038306
33,15,2025-04-05,3.8722035519467193,6.778325721994603
33,15,2025-04-12,4.23770792356584,6.957064742577165
33,15,2025-04-19,3.739616271372006,5.808371680036419
33,15,2025-04-26,1.55212045007569,2.8570754331618673
33,25,2024-11-30,37.25447514206733,41.872373702013235
33,25,2024-12-07,38.553291477305585,43.362529881495064
33,25,2024-12-14,39.99518724382276,44.85700058248707
33,25,2024-12-21,41.42573166722941,46.3782920145701
33,25,2024-12-28,42.93704159718794,47.902073230075175
33,25,2025-01-04,44.03695509485888,49.75683186735551
33,25,2025-01-11,43.673360148771636,50.991546782044885
33,25,2025-01-18,44.11762558814846,52.747598869069066
33,25,2025-02-01,43.22829513058241,54.7101735963971
33,25,2025-02-08,42.30181658766747,53.11660777579221
33,25,2025-02-15,38.66478864120485,49.110064141324216
33,25,2025-02-22,33.96847470351176,43.508287408011064
33,25,2025-03-01,27.061976385488133,34.457806925490324
33,25,2025-03-08,17.60573421164968,23.91602231436245
33,25,2025-03-15,9.652471516173891,14.848437632325236
33,25,2025-03-22,6.626961685814592,10.837098952534049
33,25,2025-03-29,4.8887950937639095,8.227757714038306
33,25,2025-04-05,4.1359316865663365,6.778325721994603
33,25,2025-04-12,4.51579420145163,6.957064742577165
33,25,2025-04-19,3.9212756063640684,5.808371680036419
33,25,2025-04-26,1.6231543661292718,2.8570754331618673
33,50,2024-11-30,37.06604789666755,41.872373702013235
33,50,2024-12-07,38.23569832499543,43.362529881495064
33,50,2024-12-14,39.5096458102476,44.85700058248707
33,50,2024-12-21,40.840610471918566,46.3782920145701
33,50,2024-12-28,43.02256386359327,47.902073230075175
33,50,2025-01-04,44.313060577169374,49.75683186735551
33,50,2025-01-11,44.29890037173254,50.991546782044885
33,50,2025-01-18,45.06373543699067,52.747598869069066
33,50,2025-02-01,47.03331805008383,54.7101735963971
33,50,2025-02-08,46.16506961878462,53.11660777579221
33,50,2025-02-15,42.346163980965194,49.110064141324216
33,50,2025-02-22,37.23647053656932,43.508287408011064
33,50,2025-03-01,29.119645166249164,34.457806925490324
33,50,2025-03-08,19.439398913525785,23.91602231436245
33,50,2025-03-15,11.356502426065346,14.848437632325236
33,50,2025-03-22,7.993291774346473,10.837098952534049
33,50,2025-03-29,5.926224646343424,8.227757714038306
33,50,2025-04-05,4.890137607603011,6.778325721994603
33,50,2025-04-12,5.255679805220443,6.957064742577165
33,50,2025-04-19,4.464080640319811,5.808371680036419
33,50,2025-04-26,1.957956430542236,2.8570754331618673
33,75,2024-11-30,39.01374709985624,41.872373702013235
33,75,2024-12-07,40.258359486734285,43.362529881495064
33,75,2024-12-14,41.51691657623927,44.85700058248707
33,75,2024-12-21,42.96726245208795,46.3782920145701
33,75,2024-12-28,44.717834035806064,47.902073230075175
33,75,2025-01-04,46.57265009433936,49.75683186735551
33,75,2025-01-11,47.21239942399855,50.991546782044885
33,75,2025-01-18,48.66200866369883,52.747598869069066
33,75,2025-02-01,50.78189369711144,54.7101735963971
33,75,2025-02-08,49.41271947888378,53.11660777579221
33,75,2025-02-15,45.67273925354542,49.110064141324216
33,75,2025-02-22,40.39433000661728,43.508287408011064
33,75,2025-03-01,31.693166937805426,34.457806925490324
33,75,2025-03-08,21.686734595739296,23.91602231436245
33,75,2025-03-15,13.09251050106246,14.848437632325236
33,75,2025-03-22,9.399565359694474,10.837098952534049
33,75,2025-03-29,7.040908386177965,8.227757714038306
33,75,2025-04-05,5.814027022581257,6.778325721994603
33,75,2025-04-12,6.066748243858531,6.957064742577165
33,75,2025-04-19,5.107081115398354,5.808371680036419
33,75,2025-04-26,2.4189688544978134,2.8570754331618673
37,5,2024-11-30,338.9414003264237,371.97704278610183
37,5,2024-12-07,372.73519513668253,383.709597461687
37,5,2024-12-14,399.7188673098334,395.43239823105694
37,5,2024-12-21,371.20242933212364,408.3770513136414
37,5,2024-12-28,372.5970772054617,422.9608807671989
37,5,2025-01-04,335.1676489476384,439.32412988085053
37,5,2025-01-11,330.6058601330772,448.0552982995344
37,5,2025-01-18,352.2664587433046,460.72361381517925
37,5,2025-02-01,356.8649772522264,442.5348003569428
37,5,2025-02-08,308.87296295183575,388.42106344287635
37,5,2025-02-15,231.1288067563031,302.3919605421257
37,5,2025-02-22,198.41495447672852,240.92949565935217
37,5,2025-03-01,169.8399077031476,200.34059352749668
37,5,2025-03-08,140.1407718384803,164.93572710939588
37,5,2025-03-15,99.70012625735828,122.62367526171082
37,5,2025-03-22,61.874093763601245,82.23568457235156
37,5,2025-03-29,41.83859748427441,56.358378712731934
37,5,2025-04-05,27.15557764185227,36.47257269270678
37,5,2025-04-12,19.233651067220865,23.923735298472756
37,5,2025-04-19,16.254311979506706,19.295859929712567
37,5,2025-04-26,15.57695441141895,17.99152387159697
37,15,2024-11-30,337.9618878106379,371.97704278610183
37,15,2024-12-07,358.65464752170817,383.709597461687
37,15,2024-12-14,384.27768508583875,395.43239823105694
37,15,2024-12-21,378.75126219391984,408.3770513136414
37,15,2024-12-28,381.90145752806234,422.9608807671989
37,15,2025-01-04,358.9560746580454,439.32412988085053
37,15,2025-01-11,344.77212188425915,448.0552982995344
37,15,2025-01-18,365.70384922853725,460.72361381517925
37,15,2025-02-01,353.5543973533795,442.5348003569428
37,15,2025-02-08,307.6378800639666,388.42106344287635
37,15,2025-02-15,236.29919599389805,302.3919605421257
37,15,2025-02-22,196.58555226965944,240.92949565935217
37,15,2025-03-01,170.33779500728815,200.34059352749668
37,15,2025-03-08,139.42470026476045,164.93572710939588
37,15,2025-03-15,98.77145247764673,122.62367526171082
37,15,2025-03-22,63.000248859521214,82.23568457235156
37,15,2025-03-29,42.13654277196001,56.358378712731934
37,15,2025-04-05,27.201854054420096,36.47257269270678
37,15,2025-04-12,19.30609506112215,23.923735298472756
37,15,2025-04-19,16.455140837525693,19.295859929712567
37,15,2025-04-26,15.66066640367503,17.99152387159697
37,25,2024-11-30,338.59523731394387,371.97704278610183
37,25,2024-12-07,350.00159186462264,383.709597461687
37,25,2024-12-14,370.2978051938335,395.43239823105694
37,25,2024-12-21,371.9966695712403,408.3770513136414
37,25,2024-12-28,379.22962609758684,422.9608807671989
37,25,2025-01-04,370.10016829655126,439.32412988085053
37,25,2025-01-11,364.2119988231992,448.0552982995344
37,25,2025-01-18,374.80398249587824,460.72361381517925
37,25,2025-02-01,362.364830982492,442.5348003569428
37,25,2025-02-08,313.374168804914,388.42106344287635
37,25,2025-02-15,242.22191256510723,302.3919605421257
37,25,2025-02-22,197.5263248955133,240.92949565935217
37,25,2025-03-01,168.86907879033822,200.34059352749668
37,25,2025-03-08,139.0512060783067,164.93572710939588
37,25,2025-03-15,99.91741252610494,122.62367526171082
37,25,2025-03-22,63.79142420720156,82.23568457235156
37,25,2025-03-29,42.88138282167092,56.358378712731934
37,25,2025-04-05,27.62877303538375,36.47257269270678
37,25,2025-04-12,19.571247518772324,23.923735298472756
37,25,2025-04-19,16.567982532593575,19.295859929712567
37,25,2025-04-26,15.716342206161885,17.99152387159697
37,50,2024-11-30,344.91698740138287,371.97704278610183
37,50,2024-12-07,358.27883216620967,383.709597461687
37,50,2024-12-14,373.1027006008204,395.43239823105694
37,50,2024-12-21,381.897184887605,408.3770513136414
37,50,2024-12-28,390.76786325166984,422.9608807671989
37,50,2025-01-04,389.62480098292195,439.32412988085053
37,50,2025-01-11,388.1776557393618,448.0552982995344
37,50,2025-01-18,398.8205043496813,460.72361381517925
37,50,2025-02-01,383.23930278513797,442.5348003569428
37,50,2025-02-08,332.11252333385823,388.42106344287635
37,50,2025-02-15,257.03970698185316,302.3919605421257
37,50,2025-02-22,206.04761641779217,240.92949565935217
37,50,2025-03-01,173.90467722504053,200.34059352749668
37,50,2025-03-08,143.96654924987098,164.93572710939588
37,50,2025-03-15,105.27504900039891,122.62367526171082
37,50,2025-03-22,68.15374734667238,82.23568457235156
37,50,2025-03-29,45.58205142435367,56.358378712731934
37,50,2025-04-05,28.952794067032634,36.47257269270678
37,50,2025-04-12,19.60973809668254,23.923735298472756
37,50,2025-04-19,16.58708729018655,19.295859929712567
37,50,2025-04-26,15.742725159561449,17.99152387159697
37,75,2024-11-30,354.0086357276586,371.97704278610183
37,75,2024-12-07,364.8238620455937,383.709597461687
37,75,2024-12-14,377.1580725714444,395.43239823105694
37,75,2024-12-21,389.7846134675861,408.3770513136414
37,75,2024-12-28,405.7541665472945,422.9608807671989
37,75,2025-01-04,417.87469412686863,439.32412988085053
37,75,2025-01-11,421.0873417869471,448.0552982995344
37,75,2025-01-18,433.01266504248326,460.72361381517925
37,75,2025-02-01,414.43821809444296,442.5348003569428
37,75,2025-02-08,361.8285573910332,388.42106344287635
37,75,2025-02-15,280.6641484761004,302.3919605421257
37,75,2025-02-22,223.7250332877481,240.92949565935217
37,75,2025-03-01,186.77434461268808,200.34059352749668
37,75,2025-03-08,154.30860734421972,164.93572710939588
37,75,2025-03-15,113.87119999283622,122.62367526171082
37,75,2025-03-22,75.2038335610288,82.23568457235156
37,75,2025-03-29,50.85342320990205,56.358378712731934
37,75,2025-04-05,32.45407735006644,36.47257269270678
37,75,2025-04-12,21.200761586641832,23.923735298472756
37,75,2025-04-19,17.34480289363786,19.295859929712567
37,75,2025-04-26,16.34532411147415,17.99152387159697
31,5,2024-11-30,50.1145338375328,54.56618553723628
31,5,2024-12-07,51.78801035519688,56.260922894915645
31,5,2024-12-14,56.50402119826041,57.89629922313528
31,5,2024-12-21,60.75780680188309,59.64977540769657
31,5,2024-12-28,46.58138804776259,61.93748344996047
31,5,2025-01-04,45.28755010318214,63.77524379638991
31,5,2025-01-11,44.2436364731859,62.77092047835426
31,5,2025-01-18,44.71374534235953,63.331600142393846
31,5,2025-02-01,52.8630378168506,65.61633705158941
31,5,2025-02-08,42.64732981912246,58.53551967489552
31,5,2025-02-15,33.61127656214567,49.328018942982744
31,5,2025-02-22,25.168846456269044,38.54125453540987
31,5,2025-03-01,15.990219633908888,26.189708791251682
31,5,2025-03-08,10.94099853625885,18.12739761383154
31,5,2025-03-15,6.448725733715189,11.06155080078863
31,5,2025-03-22,4.813107704415587,8.164498758289634
31,5,2025-03-29,3.440309846779009,5.761916382397065
31,5,2025-04-05,2.548847429373559,4.155186477486077
31,5,2025-04-12,2.4970519418464527,4.16993736790185
31,5,2025-04-19,2.3886202580627978,3.690892040986317
31,5,2025-04-26,2.186633757792581,3.087176837677403
31,15,2024-11-30,50.71994320024394,54.56618553723628
31,15,2024-12-07,52.6239502414882,56.260922894915645
31,15,2024-12-14,56.6347549093462,57.89629922313528
31,15,2024-12-21,59.24309379912133,59.64977540769657
31,15,2024-12-28,51.77218888622381,61.93748344996047
31,15,2025-01-04,48.48897526004393,63.77524379638991
31,15,2025-01-11,45.88716322398833,62.77092047835426
31,15,2025-01-18,46.14984367057445,63.331600142393846
31,15,2025-02-01,49.39772853653625,65.61633705158941
31,15,2025-02-08,42.86681979776641,58.53551967489552
31,15,2025-02-15,36.03771375072868,49.328018942982744
31,15,2025-02-22,27.820531776613052,38.54125453540987
31,15,2025-03-01,17.98967031077146,26.189708791251682
31,15,2025-03-08,11.926267394477726,18.12739761383154
31,15,2025-03-15,6.851234028043022,11.06155080078863
31,15,2025-03-22,5.109024231177096,8.164498758289634
31,15,2025-03-29,3.6238243849714737,5.761916382397065
31,15,2025-04-05,2.70272462749927,4.155186477486077
31,15,2025-04-12,2.756609562764497,4.16993736790185
31,15,2025-04-19,2.616135624949782,3.690892040986317
31,15,2025-04-26,2.3195884367457262,3.087176837677403
31,25,2024-11-30,51.17417796181052,54.56618553723628
31,25,2024-12-07,53.30178615559094,56.260922894915645
31,25,2024-12-14,55.5380651309658,57.89629922313528
31,25,2024-12-21,58.40310375111826,59.64977540769657
31,25,2024-12-28,54.2239746415107,61.93748344996047
31,25,2025-01-04,51.38277386974926,63.77524379638991
31,25,2025-01-11,48.0874979555045,62.77092047835426
31,25,2025-01-18,47.64708127672786,63.331600142393846
31,25,2025-02-01,51.338238487920016,65.61633705158941
31,25,2025-02-08,44.74122296734924,58.53551967489552
31,25,2025-02-15,37.19852623256561,49.328018942982744
31,25,2025-02-22,28.392758261427385,38.54125453540987
31,25,2025-03-01,18.343785409931563,26.189708791251682
31,25,2025-03-08,12.444049627800407,18.12739761383154
31,25,2025-03-15,7.128579683199369,11.06155080078863
31,25,2025-03-22,5.332972735255593,8.164498758289634
31,25,2025-03-29,3.7979494805452934,5.761916382397065
31,25,2025-04-05,2.8184983859810964,4.155186477486077
31,25,2025-04-12,2.8700334633231477,4.16993736790185
31,25,2025-04-19,2.701063943215251,3.690892040986317
31,25,2025-04-26,2.384886594262507,3.087176837677403
31,50,2024-11-30,52.25909339540961,54.56618553723628
31,50,2024-12-07,54.10407227847839,56.260922894915645
31,50,2024-12-14,55.57414634558749,57.89629922313528
31,50,2024-12-21,57.88287719127139,59.64977540769657
31,50,2024-12-28,58.14751252804845,61.93748344996047
31,50,2025-01-04,56.23616734782142,63.77524379638991
31,50,2025-01-11,52.93006774983174,62.77092047835426
31,50,2025-01-18,53.1207192715185,63.331600142393846
31,50,2025-02-01,57.68142900425743,65.61633705158941
31,50,2025-02-08,50.54813356752009,58.53551967489552
31,50,2025-02-15,41.528451126626614,49.328018942982744
31,50,2025-02-22,31.622003480288082,38.54125453540987
31,50,2025-03-01,20.404816739614397,26.189708791251682
31,50,2025-03-08,13.67724369774046,18.12739761383154
31,50,2025-03-15,7.80351983062851,11.06155080078863
31,50,2025-03-22,5.796522990607533,8.164498758289634
31,50,2025-03-29,4.141498170235402,5.761916382397065
31,50,2025-04-05,3.0796224304821576,4.155186477486077
31,50,2025-04-12,3.116003248809985,4.16993736790185
31,50,2025-04-19,2.8888370088387614,3.690892040986317
31,50,2025-04-26,2.5278541792538682,3.087176837677403
31,75,2024-11-30,52.22978900139757,54.56618553723628
31,75,2024-12-07,54.03858881720305,56.260922894915645
31,75,2024-12-14,55.58915096958848,57.89629922313528
31,75,2024-12-21,57.929571415631514,59.64977540769657
31,75,2024-12-28,59.750305511495526,61.93748344996047
31,75,2025-01-04,60.60523682185644,63.77524379638991
31,75,2025-01-11,58.51711208041064,62.77092047835426
31,75,2025-01-18,58.74415946323387,63.331600142393846
31,75,2025-02-01,61.53578934464874,65.61633705158941
31,75,2025-02-08,54.65396715219537,58.53551967489552
31,75,2025-02-15,45.800062814658894,49.328018942982744
31,75,2025-02-22,35.34791174291468,38.54125453540987
31,75,2025-03-01,23.39985627476555,26.189708791251682
31,75,2025-03-08,15.899502997572252,18.12739761383154
31,75,2025-03-15,9.402038892091158,11.06155080078863
31,75,2025-03-22,6.963348699931742,8.164498758289634
31,75,2025-03-29,4.938760594128721,5.761916382397065
31,75,2025-04-05,3.6114691659417084,4.155186477486077
31,75,2025-04-12,3.6561992122064453,4.16993736790185
31,75,2025-04-19,3.2983275428178787,3.690892040986317
31,75,2025-04-26,2.8092232122986474,3.087176837677403
01,5,2024-11-30,110.37961771563607,132.40838038633368
01,5,2024-12-07,111.20694568675808,135.48937760716277
01,5,2024-12-14,112.5843051725527,138.56347677372372
01,5,2024-12-21,107.53831569779338,141.9022240159299
01,5,2024-12-28,104.0314366492087,144.0778976734669
01,5,2025-01-04,103.31676741727624,140.6235826040962
01,5,2025-01-11,105.44132412161596,135.50140312838485
01,5,2025-01-18,112.57206805714152,135.62133121618737
01,5,2025-02-01,125.91105854112189,126.9552526767537
01,5,2025-02-08,110.26269452974549,109.55698427664873
01,5,2025-02-15,92.39850832585962,91.15105460330379
01,5,2025-02-22,89.29579376383371,83.45398832264131
01,5,2025-03-01,89.75977606879324,80.58308582632887
01,5,2025-03-08,79.05933109296979,71.214757055862
01,5,2025-03-15,63.17702692052563,58.71966811194216
01,5,2025-03-22,46.5263428560636,44.958889065981914
01,5,2025-03-29,35.33923912425442,34.884549198093886
01,5,2025-04-05,21.349790342436684,22.19345890735557
01,5,2025-04-12,17.566613779991563,17.938880675031957
01,5,2025-04-19,16.069849921600092,16.38021738445747
01,5,2025-04-26,12.954371859368045,13.084742442603204
01,15,2024-11-30,129.78838055804982,132.40838038633368
01,15,2024-12-07,131.3265807055799,135.48937760716277
01,15,2024-12-14,130.98639468118137,138.56347677372372
01,15,2024-12-21,126.56451720237365,141.9022240159299
01,15,2024-12-28,119.07162771923217,144.0778976734669
01,15,2025-01-04,112.12039667481756,140.6235826040962
01,15,2025-01-11,107.46981657423551,135.50140312838485
01,15,2025-01-18,112.08525762924403,135.62133121618737
01,15,2025-02-01,120.93302278136217,126.9552526767537
01,15,2025-02-08,106.33115160311908,109.55698427664873
01,15,2025-02-15,88.90065814528224,91.15105460330379
01,15,2025-02-22,85.8369019439266,83.45398832264131
01,15,2025-03-01,86.47562579219145,80.58308582632887
01,15,2025-03-08,77.30742898984138,71.214757055862
01,15,2025-03-15,62.61791760774754,58.71966811194216
01,15,2025-03-22,46.00434437883306,44.958889065981914
01,15,2025-03-29,34.642460657515485,34.884549198093886
01,15,2025-04-05,20.86732451332647,22.19345890735557
01,15,2025-04-12,16.978467197275577,17.938880675031957
01,15,2025-04-19,15.718877493281404,16.38021738445747
01,15,2025-04-26,12.801801477456046,13.084742442603204
01,25,2024-11-30,123.99763287635409,132.40838038633368
01,25,2024-12-07,125.73687097639632,135.48937760716277
01,25,2024-12-14,126.35496400991917,138.56347677372372
01,25,2024-12-21,123.81051608538738,141.9022240159299
01,25,2024-12-28,120.4177464856218,144.0778976734669
01,25,2025-01-04,115.77155448424077,140.6235826040962
01,25,2025-01-11,113.06271192525473,135.50140312838485
01,25,2025-01-18,115.75220230388044,135.62133121618737
01,25,2025-02-01,119.42385768706959,126.9552526767537
01,25,2025-02-08,103.9962190025493,109.55698427664873
01,25,2025-02-15,87.4895348371296,91.15105460330379
01,25,2025-02-22,84.233575893478,83.45398832264131
01,25,2025-03-01,85.14618910348108,80.58308582632887
01,25,2025-03-08,76.18650012180157,71.214757055862
01,25,2025-03-15,61.958494017806174,58.71966811194216
01,25,2025-03-22,46.1497848193356,44.958889065981914
01,25,2025-03-29,34.88666173360027,34.884549198093886
01,25,2025-04-05,20.747989404588207,22.19345890735557
01,25,2025-04-12,16.815065618637604,17.938880675031957
01,25,2025-04-19,15.591719698949541,16.38021738445747
01,25,2025-04-26,12.609621865473981,13.084742442603204
01,50,2024-11-30,119.25045730030074,132.40838038633368
01,50,2024-12-07,122.59948974596699,135.48937760716277
01,50,2024-12-14,124.32029402121877,138.56347677372372
01,50,2024-12-21,123.96134317640613,141.9022240159299
01,50,2024-12-28,119.9927261396992,144.0778976734669
01,50,2025-01-04,113.86536018330614,140.6235826040962
01,50,2025-01-11,108.78701858479619,135.50140312838485
01,50,2025-01-18,109.70082987439251,135.62133121618737
01,50,2025-02-01,106.60538274834096,126.9552526767537
01,50,2025-02-08,92.17539071331515,109.55698427664873
01,50,2025-02-15,76.94349311749417,91.15105460330379
01,50,2025-02-22,72.49721763910726,83.45398832264131
01,50,2025-03-01,72.04494961291884,80.58308582632887
01,50,2025-03-08,64.39905947055567,71.214757055862
01,50,2025-03-15,53.01015064467596,58.71966811194216
01,50,2025-03-22,40.012485565109955,44.958889065981914
01,50,2025-03-29,30.69954976103358,34.884549198093886
01,50,2025-04-05,18.774449136174617,22.19345890735557
01,50,2025-04-12,15.321148756781099,17.938880675031957
01,50,2025-04-19,14.238707655933903,16.38021738445747
01,50,2025-04-26,11.51388089239316,13.084742442603204
01,75,2024-11-30,124.93251042802669,132.40838038633368
01,75,2024-12-07,128.76049554683698,135.48937760716277
01,75,2024-12-14,131.80772149504477,138.56347677372372
01,75,2024-12-21,133.82043715713525,141.9022240159299
01,75,2024-12-28,132.8602071486614,144.0778976734669
01,75,2025-01-04,127.45460053577375,140.6235826040962
01,75,2025-01-11,121.81404080423042,135.50140312838485
01,75,2025-01-18,122.29949906524735,135.62133121618737
01,75,2025-02-01,115.96591814885163,126.9552526767537
01,75,2025-02-08,99.86326030135213,109.55698427664873
01,75,2025-02-15,83.01552743220529,91.15105460330379
01,75,2025-02-22,76.60424071058422,83.45398832264131
01,75,2025-03-01,74.79935910529701,80.58308582632887
01,75,2025-03-08,66.2831252469655,71.214757055862
01,75,2025-03-15,54.62797255505855,58.71966811194216
01,75,2025-03-22,41.430027604854395,44.958889065981914
01,75,2025-03-29,31.89145250951096,34.884549198093886
01,75,2025-04-05,19.84048456653622,22.19345890735557
01,75,2025-04-12,16.116185804993926,17.938880675031957
01,75,2025-04-19,14.845971825111633,16.38021738445747
01,75,2025-04-26,11.925439626836631,13.084742442603204
18,5,2024-11-30,296.42511313309126,300.2538536203107
18,5,2024-12-07,316.5838484728381,308.881694626023
18,5,2024-12-14,327.4216347007853,317.1994348874526
18,5,2024-12-21,321.9069425457219,326.6832247849382
18,5,2024-12-28,339.63294862936266,338.32550996123246
18,5,2025-01-04,319.0320325949533,350.01798447330685
18,5,2025-01-11,325.4080691889503,356.6277870130841
18,5,2025-01-18,348.63262791975427,371.16197693831236
18,5,2025-02-01,394.2750744148736,393.9799395639515
18,5,2025-02-08,356.74901512972997,374.4754996688025
18,5,2025-02-15,287.9412814346668,321.60292741080156
18,5,2025-02-22,228.68047347542569,258.5717771486494
18,5,2025-03-01,169.23235407447987,189.32639828667817
18,5,2025-03-08,121.34545525697393,134.6986173155403
18,5,2025-03-15,81.69661231543003,89.64985911246612
18,5,2025-03-22,53.5686690197161,59.62576164508139
18,5,2025-03-29,33.53342143848134,37.728233340590556
18,5,2025-04-05,23.21648439498897,24.970045547780188
18,5,2025-04-12,19.156689329401313,20.081280954551673
18,5,2025-04-19,15.998881272423509,16.308084274578697
18,5,2025-04-26,15.196023005932553,15.033272052070604
18,15,2024-11-30,298.5178390221827,300.2538536203107
18,15,2024-12-07,312.33303438534233,308.881694626023
18,15,2024-12-14,321.57849677465845,317.1994348874526
18,15,2024-12-21,323.0701218402944,326.6832247849382
18,15,2024-12-28,333.2599707881096,338.32550996123246
18,15,2025-01-04,325.07446809516983,350.01798447330685
18,15,2025-01-11,326.9063423251131,356.6277870130841
18,15,2025-01-18,350.3665671096353,371.16197693831236
18,15,2025-02-01,382.98367620748655,393.9799395639515
18,15,2025-02-08,354.79288385140325,374.4754996688025
18,15,2025-02-15,295.45296369785484,321.60292741080156
18,15,2025-02-22,236.06839954415975,258.5717771486494
18,15,2025-03-01,173.9449197264839,189.32639828667817
18,15,2025-03-08,125.37102313168924,134.6986173155403
18,15,2025-03-15,84.07915269527459,89.64985911246612
18,15,2025-03-22,55.89059078832175,59.62576164508139
18,15,2025-03-29,35.320839196148434,37.728233340590556
18,15,2025-04-05,24.43276727871059,24.970045547780188
18,15,2025-04-12,20.01109435815471,20.081280954551673
18,15,2025-04-19,16.491634791641456,16.308084274578697
18,15,2025-04-26,15.33101649287217,15.033272052070604
18,25,2024-11-30,294.45247656589476,300.2538536203107
18,25,2024-12-07,305.6864137634215,308.881694626023
18,25,2024-12-14,315.5885651314726,317.1994348874526
18,25,2024-12-21,320.37255493134336,326.6832247849382
18,25,2024-12-28,332.2861348770031,338.32550996123246
18,25,2025-01-04,326.17873586243155,350.01798447330685
18,25,2025-01-11,327.0614355047183,356.6277870130841
18,25,2025-01-18,347.6632461413816,371.16197693831236
18,25,2025-02-01,382.12840220507826,393.9799395639515
18,25,2025-02-08,360.1413618975027,374.4754996688025
18,25,2025-02-15,300.2679092453514,321.60292741080156
18,25,2025-02-22,239.55045486420903,258.5717771486494
18,25,2025-03-01,174.16009596471605,189.32639828667817
18,25,2025-03-08,124.79387137490484,134.6986173155403
18,25,2025-03-15,83.60925053474536,89.64985911246612
18,25,2025-03-22,55.03188775562516,59.62576164508139
18,25,2025-03-29,34.68604104091108,37.728233340590556
18,25,2025-04-05,23.782058493033794,24.970045547780188
18,25,2025-04-12,19.608675356339976,20.081280954551673
18,25,2025-04-19,16.182877855103566,16.308084274578697
18,25,2025-04-26,15.089524499112947,15.033272052070604
18,50,2024-11-30,288.9621186165974,300.2538536203107
18,50,2024-12-07,297.4060048014561,308.881694626023
18,50,2024-12-14,305.36782782533487,317.1994348874526
18,50,2024-12-21,313.81791627855836,326.6832247849382
18,50,2024-12-28,326.5319378078668,338.32550996123246
18,50,2025-01-04,330.19869378911244,350.01798447330685
18,50,2025-01-11,333.1874282591327,356.6277870130841
18,50,2025-01-18,353.2684501662528,371.16197693831236
18,50,2025-02-01,388.80093365222126,393.9799395639515
18,50,2025-02-08,368.24274858193763,374.4754996688025
18,50,2025-02-15,309.0077963756395,321.60292741080156
18,50,2025-02-22,245.82055318776077,258.5717771486494
18,50,2025-03-01,179.06448021042297,189.32639828667817
18,50,2025-03-08,127.8062201881259,134.6986173155403
18,50,2025-03-15,84.43322750469625,89.64985911246612
18,50,2025-03-22,55.54205342132284,59.62576164508139
18,50,2025-03-29,34.67871347678282,37.728233340590556
18,50,2025-04-05,23.58327885922381,24.970045547780188
18,50,2025-04-12,19.440598317906254,20.081280954551673
18,50,2025-04-19,16.06240436331949,16.308084274578697
18,50,2025-04-26,14.902907865341582,15.033272052070604
18,75,2024-11-30,291.5186445868748,300.2538536203107
18,75,2024-12-07,300.00859842132274,308.881694626023
18,75,2024-12-14,309.08663972424023,317.1994348874526
18,75,2024-12-21,320.16590900718563,326.6832247849382
18,75,2024-12-28,335.3056825919991,338.32550996123246
18,75,2025-01-04,344.45842915132397,350.01798447330685
18,75,2025-01-11,349.5523080063639,356.6277870130841
18,75,2025-01-18,368.2624859022974,371.16197693831236
18,75,2025-02-01,400.6019329707206,393.9799395639515
18,75,2025-02-08,379.0160922192896,374.4754996688025
18,75,2025-02-15,318.5320089754777,321.60292741080156
18,75,2025-02-22,253.04670375139995,258.5717771486494
18,75,2025-03-01,184.06664451097504,189.32639828667817
18,75,2025-03-08,130.08093061201583,134.6986173155403
18,75,2025-03-15,86.0762768520916,89.64985911246612
18,75,2025-03-22,56.77766767103355,59.62576164508139
18,75,2025-03-29,35.67027462771589,37.728233340590556
18,75,2025-04-05,23.849398419797666,24.970045547780188
18,75,2025-04-12,19.55859902774627,20.081280954551673
18,75,2025-04-19,16.125490076092788,16.308084274578697
18,75,2025-04-26,14.911616235843347,15.033272052070604
40,5,2024-11-30,116.79610874022629,117.4002315773616
40,5,2024-12-07,116.48081969258683,120.98846837466881
40,5,2024-12-14,134.35943284353104,124.244189891133
40,5,2024-12-21,153.18252966612374,127.0809086256592
40,5,2024-12-28,161.64246320051188,130.1695484369132
40,5,2025-01-04,133.75977032975933,134.35981031774702
40,5,2025-01-11,111.84837876480046,136.4394210769177
40,5,2025-01-18,140.7172849826962,141.68588312787858
40,5,2025-02-01,121.22572332376578,133.3182467176243
40,5,2025-02-08,80.25644771140908,99.72330840112298
40,5,2025-02-15,50.85799154393436,64.0545481784425
40,5,2025-02-22,31.464646154180684,38.48561678094979
40,5,2025-03-01,22.40748199829729,25.65000591462384
40,5,2025-03-08,16.703610060475,18.159246846864228
40,5,2025-03-15,13.68201408263949,13.89363432549517
40,5,2025-03-22,10.467929603090854,11.01786949923723
40,5,2025-03-29,8.979326529914035,9.036510913187211
40,5,2025-04-05,6.94577566935678,7.113469132262031
40,5,2025-04-12,6.174655948312415,6.144784136240373
40,5,2025-04-19,6.379245514430021,5.830304384818127
40,5,2025-04-26,6.229682739001008,5.519841547587712
40,15,2024-11-30,120.70943698699539,117.4002315773616
40,15,2024-12-07,120.69871649709572,120.98846837466881
40,15,2024-12-14,130.03903085395072,124.244189891133
40,15,2024-12-21,150.04059780246723,127.0809086256592
40,15,2024-12-28,161.69837210835533,130.1695484369132
40,15,2025-01-04,139.78924201946532,134.35981031774702
40,15,2025-01-11,123.74058844814074,136.4394210769177
40,15,2025-01-18,137.5127093664704,141.68588312787858
40,15,2025-02-01,119.75880244330317,133.3182467176243
40,15,2025-02-08,83.05447671840109,99.72330840112298
40,15,2025-02-15,54.04680507386826,64.0545481784425
40,15,2025-02-22,32.38705460462982,38.48561678094979
40,15,2025-03-01,22.58728492960452,25.65000591462384
40,15,2025-03-08,16.969500050863417,18.159246846864228
40,15,2025-03-15,13.89133749011664,13.89363432549517
40,15,2025-03-22,10.457089379823056,11.01786949923723
40,15,2025-03-29,8.815953908341127,9.036510913187211
40,15,2025-04-05,6.906964703988129,7.113469132262031
40,15,2025-04-12,6.135317203560883,6.144784136240373
40,15,2025-04-19,6.3064667708143665,5.830304384818127
40,15,2025-04-26,6.159288311372904,5.519841547587712
40,25,2024-11-30,115.86282482512246,117.4002315773616
40,25,2024-12-07,117.17233454095752,120.98846837466881
40,25,2024-12-14,123.75379953325174,124.244189891133
40,25,2024-12-21,138.97203490566739,127.0809086256592
40,25,2024-12-28,155.49938938529232,130.1695484369132
40,25,2025-01-04,141.39800265951808,134.35981031774702
40,25,2025-01-11,129.93933424050792,136.4394210769177
40,25,2025-01-18,139.322981874152,141.68588312787858
40,25,2025-02-01,125.65521077568391,133.3182467176243
40,25,2025-02-08,86.22556552109752,99.72330840112298
40,25,2025-02-15,54.97338241431418,64.0545481784425
40,25,2025-02-22,32.91231469254587,38.48561678094979
40,25,2025-03-01,22.66354835949049,25.65000591462384
40,25,2025-03-08,16.80769763911395,18.159246846864228
40,25,2025-03-15,13.744016087573964,13.89363432549517
40,25,2025-03-22,10.703330848738345,11.01786949923723
40,25,2025-03-29,8.963535924480036,9.036510913187211
40,25,2025-04-05,7.049506255922273,7.113469132262031
40,25,2025-04-12,6.198779958280527,6.144784136240373
40,25,2025-04-19,6.234515316973166,5.830304384818127
40,25,2025-04-26,5.971721120381014,5.519841547587712
40,50,2024-11-30,116.86663189061957,117.4002315773616
40,50,2024-12-07,119.49186775658603,120.98846837466881
40,50,2024-12-14,125.13401611368835,124.244189891133
40,50,2024-12-21,133.90724739001956,127.0809086256592
40,50,2024-12-28,142.07881245808497,130.1695484369132
40,50,2025-01-04,139.43184801471213,134.35981031774702
40,50,2025-01-11,131.57409282144746,136.4394210769177
40,50,2025-01-18,145.1807865259999,141.68588312787858
40,50,2025-02-01,133.03750120187607,133.3182467176243
40,50,2025-02-08,92.50695012576179,99.72330840112298
40,50,2025-02-15,57.72580803602466,64.0545481784425
40,50,2025-02-22,33.717809232876476,38.48561678094979
40,50,2025-03-01,22.623146767400677,25.65000591462384
40,50,2025-03-08,16.669753417710538,18.159246846864228
40,50,2025-03-15,13.57605192842088,13.89363432549517
40,50,2025-03-22,10.911708845779813,11.01786949923723
40,50,2025-03-29,8.982822467864779,9.036510913187211
40,50,2025-04-05,7.259027756624154,7.113469132262031
40,50,2025-04-12,6.337732270075214,6.144784136240373
40,50,2025-04-19,6.167452945633801,5.830304384818127
40,50,2025-04-26,5.86367538307235,5.519841547587712
40,75,2024-11-30,114.99037408721172,117.4002315773616
40,75,2024-12-07,117.93845739992236,120.98846837466881
40,75,2024-12-14,121.30472891442358,124.244189891133
40,75,2024-12-21,126.16984784595427,127.0809086256592
40,75,2024-12-28,132.1396376488883,130.1695484369132
40,75,2025-01-04,136.6528730575776,134.35981031774702
40,75,2025-01-11,135.15461440810046,136.4394210769177
40,75,2025-01-18,143.46616643520167,141.68588312787858
40,75,2025-02-01,134.85005447030798,133.3182467176243
40,75,2025-02-08,97.70411879370144,99.72330840112298
40,75,2025-02-15,61.42812013537782,64.0545481784425
40,75,2025-02-22,35.72751561192728,38.48561678094979
40,75,2025-03-01,23.728911042803567,25.65000591462384
40,75,2025-03-08,17.165004905278007,18.159246846864228
40,75,2025-03-15,13.753014733611277,13.89363432549517
40,75,2025-03-22,11.200775105422982,11.01786949923723
40,75,2025-03-29,9.247291905619463,9.036510913187211
40,75,2025-04-05,7.438517720834753,7.113469132262031
40,75,2025-04-12,6.423602908970793,6.144784136240373
40,75,2025-04-19,6.114246811697964,5.830304384818127
40,75,2025-04-26,5.775608209469875,5.519841547587712
22,5,2024-11-30,133.48663631958976,142.9895317815142
22,5,2024-12-07,131.2333721273511,147.48104490293056
22,5,2024-12-14,129.59376366974578,151.9252605148336
22,5,2024-12-21,128.53204364187656,156.26687363886145
22,5,2024-12-28,130.96581529693592,159.6917145923675
22,5,2025-01-04,129.9646984767034,158.29780673009262
22,5,2025-01-11,125.63587026070996,150.37557710453007
22,5,2025-01-18,142.59991413664966,150.88326974216815
22,5,2025-02-01,155.4416522093151,143.896381805555
22,5,2025-02-08,135.60918056350235,128.71843449958163
22,5,2025-02-15,125.29470368620282,118.68851934535473
22,5,2025-02-22,122.08985389969963,113.40629358811742
22,5,2025-03-01,117.24706377727064,109.63452422173309
22,5,2025-03-08,105.19460577986044,99.99912028317891
22,5,2025-03-15,79.63372830783754,80.68609835281886
22,5,2025-03-22,59.54156898849351,62.44848202406671
22,5,2025-03-29,45.41571627428149,49.797873770992645
22,5,2025-04-05,33.708268306638104,38.517066811084966
22,5,2025-04-12,27.8369881656023,31.405989923551687
22,5,2025-04-19,26.118115905316518,29.174419679429672
22,5,2025-04-26,24.46189324738993,26.80204375124877
22,15,2024-11-30,130.73129128267732,142.9895317815142
22,15,2024-12-07,132.25539194475326,147.48104490293056
22,15,2024-12-14,135.16192349300204,151.9252605148336
22,15,2024-12-21,137.4296313761604,156.26687363886145
22,15,2024-12-28,143.31286045546335,159.6917145923675
22,15,2025-01-04,144.13020122331224,158.29780673009262
22,15,2025-01-11,139.32538877175648,150.37557710453007
22,15,2025-01-18,144.26734373162327,150.88326974216815
22,15,2025-02-01,149.0292521094636,143.896381805555
22,15,2025-02-08,131.0691372484988,128.71843449958163
22,15,2025-02-15,121.81521544048678,118.68851934535473
22,15,2025-02-22,118.7538953705095,113.40629358811742
22,15,2025-03-01,112.75672918540504,109.63452422173309
22,15,2025-03-08,100.81621232664995,99.99912028317891
22,15,2025-03-15,79.26303802997977,80.68609835281886
22,15,2025-03-22,58.99095004137227,62.44848202406671
22,15,2025-03-29,45.76657663335349,49.797873770992645
22,15,2025-04-05,34.91050287591455,38.517066811084966
22,15,2025-04-12,28.195572048757043,31.405989923551687
22,15,2025-04-19,26.22987473256821,29.174419679429672
22,15,2025-04-26,24.31268164425598,26.80204375124877
22,25,2024-11-30,131.92046015080547,142.9895317815142
22,25,2024-12-07,133.17801727993688,147.48104490293056
22,25,2024-12-14,136.63207877105853,151.9252605148336
22,25,2024-12-21,139.35292273422735,156.26687363886145
22,25,2024-12-28,144.81842918639813,159.6917145923675
22,25,2025-01-04,146.09419885110432,158.29780673009262
22,25,2025-01-11,142.18740607409399,150.37557710453007
22,25,2025-01-18,145.26558313862841,150.88326974216815
22,25,2025-02-01,144.1270052337313,143.896381805555
22,25,2025-02-08,127.47425862606045,128.71843449958163
22,25,2025-02-15,117.90965601476546,118.68851934535473
22,25,2025-02-22,115.14088692048841,113.40629358811742
22,25,2025-03-01,110.16292111815876,109.63452422173309
22,25,2025-03-08,99.75451857583552,99.99912028317891
22,25,2025-03-15,79.11880092307027,80.68609835281886
22,25,2025-03-22,59.8046698115799,62.44848202406671
22,25,2025-03-29,46.563747972234886,49.797873770992645
22,25,2025-04-05,35.39921171644134,38.517066811084966
22,25,2025-04-12,28.45663659996135,31.405989923551687
22,25,2025-04-19,26.611101914632073,29.174419679429672
22,25,2025-04-26,24.705382474205493,26.80204375124877
22,50,2024-11-30,132.7792702280425,142.9895317815142
22,50,2024-12-07,135.01931526306555,147.48104490293056
22,50,2024-12-14,138.2688926911469,151.9252605148336
22,50,2024-12-21,141.95732254637628,156.26687363886145
22,50,2024-12-28,145.99745487789878,159.6917145923675
22,50,2025-01-04,146.72200484864888,158.29780673009262
22,50,2025-01-11,140.82786133609144,150.37557710453007
22,50,2025-01-18,142.84865713358636,150.88326974216815
22,50,2025-02-01,139.00717828728187,143.896381805555
22,50,2025-02-08,123.56872320092329,128.71843449958163
22,50,2025-02-15,113.19572061958439,118.68851934535473
22,50,2025-02-22,109.57209872044268,113.40629358811742
22,50,2025-03-01,105.19412451969727,109.63452422173309
22,50,2025-03-08,95.71170973040006,99.99912028317891
22,50,2025-03-15,75.73750824752683,80.68609835281886
22,50,2025-03-22,57.62952809252696,62.44848202406671
22,50,2025-03-29,45.02131555277543,49.797873770992645
22,50,2025-04-05,34.576484816806115,38.517066811084966
22,50,2025-04-12,28.067585630547423,31.405989923551687
22,50,2025-04-19,26.33461775041218,29.174419679429672
22,50,2025-04-26,24.448244908232464,26.80204375124877
22,75,2024-11-30,137.74007842094434,142.9895317815142
22,75,2024-12-07,141.45814972688888,147.48104490293056
22,75,2024-12-14,145.14270675227976,151.9252605148336
22,75,2024-12-21,148.82067620816034,156.26687363886145
22,75,2024-12-28,151.42113677100247,159.6917145923675
22,75,2025-01-04,149.28967735126784,158.29780673009262
22,75,2025-01-11,143.05476401890772,150.37557710453007
22,75,2025-01-18,145.17674033893906,150.88326974216815
22,75,2025-02-01,139.2739719679134,143.896381805555
22,75,2025-02-08,123.76368499958083,128.71843449958163
22,75,2025-02-15,113.88605679866639,118.68851934535473
22,75,2025-02-22,108.59644033703421,113.40629358811742
22,75,2025-03-01,104.62397835872059,109.63452422173309
22,75,2025-03-08,95.2471811014969,99.99912028317891
22,75,2025-03-15,76.40806914499153,80.68609835281886
22,75,2025-03-22,58.66923502312909,62.44848202406671
22,75,2025-03-29,46.69235603421257,49.797873770992645
22,75,2025-04-05,35.97251955238462,38.517066811084966
22,75,2025-04-12,29.252225667042982,31.405989923551687
22,75,2025-04-19,27.32322453592842,29.174419679429672
22,75,2025-04-26,25.242323651112443,26.80204375124877
12,5,2024-11-30,570.0402172359268,659.6277027227151
12,5,2024-12-07,609.9089194212876,675.144810897231
12,5,2024-12-14,613.3834680042095,689.1457780491085
12,5,2024-12-21,582.5917175671544,703.1273966474292
12,5,2024-12-28,571.4107622434785,719.9019033874697
12,5,2025-01-04,555.0724961153602,734.0022438180326
12,5,2025-01-11,509.7643000427538,719.4134588027055
12,5,2025-01-18,507.74600337407105,712.2524289057844
12,5,2025-02-01,474.0567399807764,629.9163447792426
12,5,2025-02-08,398.6910082671296,529.1796553796984
12,5,2025-02-15,323.3459869836893,423.5005422182591
12,5,2025-02-22,276.9139912949891,354.1126757293871
12,5,2025-03-01,254.30897749979476,297.9494337017445
12,5,2025-03-08,227.09073525540788,257.00718419229725
12,5,2025-03-15,209.82336035537674,225.89996675701929
12,5,2025-03-22,185.81262516741344,195.39248294081466
12,5,2025-03-29,159.19795235302868,162.20946227412915
12,5,2025-04-05,135.44924060244824,137.0699396926787
12,5,2025-04-12,112.65802111557441,111.51165095998178
12,5,2025-04-19,105.26636204805368,101.01757420177002
12,5,2025-04-26,92.99889886466408,88.34158990730911
12,15,2024-11-30,529.5347386176511,659.6277027227151
12,15,2024-12-07,526.7447280452419,675.144810897231
12,15,2024-12-14,546.4178798624874,689.1457780491085
12,15,2024-12-21,557.9545834401093,703.1273966474292
12,15,2024-12-28,564.7568851412585,719.9019033874697
12,15,2025-01-04,559.3726670830198,734.0022438180326
12,15,2025-01-11,547.8636908934761,719.4134588027055
12,15,2025-01-18,546.0136130809751,712.2524289057844
12,15,2025-02-01,482.18611689594076,629.9163447792426
12,15,2025-02-08,400.37919995827536,529.1796553796984
12,15,2025-02-15,316.20657920148903,423.5005422182591
12,15,2025-02-22,268.3322805039563,354.1126757293871
12,15,2025-03-01,237.86400694383923,297.9494337017445
12,15,2025-03-08,207.07578475163004,257.00718419229725
12,15,2025-03-15,188.31725692784886,225.89996675701929
12,15,2025-03-22,169.41231854368658,195.39248294081466
12,15,2025-03-29,143.79821351452827,162.20946227412915
12,15,2025-04-05,124.62853380275469,137.0699396926787
12,15,2025-04-12,103.60161277365548,111.51165095998178
12,15,2025-04-19,97.08798800922051,101.01757420177002
12,15,2025-04-26,86.01621596269611,88.34158990730911
12,25,2024-11-30,539.3327193576433,659.6277027227151
12,25,2024-12-07,541.6285581491315,675.144810897231
12,25,2024-12-14,557.9963271132973,689.1457780491085
12,25,2024-12-21,573.4974885027857,703.1273966474292
12,25,2024-12-28,584.344961800327,719.9019033874697
12,25,2025-01-04,581.7762769558302,734.0022438180326
12,25,2025-01-11,563.9293135246932,719.4134588027055
12,25,2025-01-18,567.9111547607827,712.2524289057844
12,25,2025-02-01,498.14953188260915,629.9163447792426
12,25,2025-02-08,410.17651450184934,529.1796553796984
12,25,2025-02-15,321.373165737275,423.5005422182591
12,25,2025-02-22,270.8834998437938,354.1126757293871
12,25,2025-03-01,236.41039249530672,297.9494337017445
12,25,2025-03-08,205.52117301133342,257.00718419229725
12,25,2025-03-15,184.7655494302771,225.89996675701929
12,25,2025-03-22,164.14304648861972,195.39248294081466
12,25,2025-03-29,137.9253109754508,162.20946227412915
12,25,2025-04-05,118.62458465775981,137.0699396926787
12,25,2025-04-12,97.97728776166721,111.51165095998178
12,25,2025-04-19,90.98174310589233,101.01757420177002
12,25,2025-04-26,80.67639677103956,88.34158990730911
12,50,2024-11-30,592.0321422046746,659.6277027227151
12,50,2024-12-07,605.036824001664,675.144810897231
12,50,2024-12-14,617.3377718148868,689.1457780491085
12,50,2024-12-21,631.0929792086905,703.1273966474292
12,50,2024-12-28,647.7721681728667,719.9019033874697
12,50,2025-01-04,651.9713336109548,734.0022438180326
12,50,2025-01-11,627.521108654057,719.4134588027055
12,50,2025-01-18,616.3655329372135,712.2524289057844
12,50,2025-02-01,537.0062353948468,629.9163447792426
12,50,2025-02-08,443.9919634720555,529.1796553796984
12,50,2025-02-15,350.91897197203184,423.5005422182591
12,50,2025-02-22,296.5960202280207,354.1126757293871
12,50,2025-03-01,252.2194989057695,297.9494337017445
12,50,2025-03-08,219.1153659387304,257.00718419229725
12,50,2025-03-15,195.04140210493438,225.89996675701929
12,50,2025-03-22,169.82437077460227,195.39248294081466
12,50,2025-03-29,142.54808669847327,162.20946227412915
12,50,2025-04-05,121.30104683430909,137.0699396926787
12,50,2025-04-12,99.82841771306674,111.51165095998178
12,50,2025-04-19,91.70541450858491,101.01757420177002
12,50,2025-04-26,81.23434355573619,88.34158990730911
12,75,2024-11-30,627.7880630332655,659.6277027227151
12,75,2024-12-07,641.2232200724707,675.144810897231
12,75,2024-12-14,658.1252297619261,689.1457780491085
12,75,2024-12-21,675.4519461524735,703.1273966474292
12,75,2024-12-28,692.3898911030743,719.9019033874697
12,75,2025-01-04,703.1555875093046,734.0022438180326
12,75,2025-01-11,684.0160487559097,719.4134588027055
12,75,2025-01-18,676.4146553213013,712.2524289057844
12,75,2025-02-01,595.0008923283191,629.9163447792426
12,75,2025-02-08,497.1707000302643,529.1796553796984
12,75,2025-02-15,396.3398747456147,423.5005422182591
12,75,2025-02-22,331.1735879019467,354.1126757293871
12,75,2025-03-01,281.0243679220879,297.9494337017445
12,75,2025-03-08,243.57114797528806,257.00718419229725
12,75,2025-03-15,215.1438977464485,225.89996675701929
12,75,2025-03-22,186.39560322933772,195.39248294081466
12,75,2025-03-29,154.67298172821543,162.20946227412915
12,75,2025-04-05,130.85561814972743,137.0699396926787
12,75,2025-04-12,106.2734832205471,111.51165095998178
12,75,2025-04-19,96.9381572499863,101.01757420177002
12,75,2025-04-26,84.99319266991702,88.34158990730911
11,5,2024-11-30,50.92395908530283,48.720934402959976
11,5,2024-12-07,51.16379070937282,50.62175084103378
11,5,2024-12-14,53.69426220812378,52.57042756069495
11,5,2024-12-21,56.103583907755436,54.67829326001136
11,5,2024-12-28,58.107469197527756,57.15253491424124
11,5,2025-01-04,58.08755914012292,59.728315553188054
11,5,2025-01-11,57.276902789334784,60.543214876936084
11,5,2025-01-18,57.74014816787756,63.429918508599876
11,5,2025-02-01,54.18500770140791,60.02845134687858
11,5,2025-02-08,48.594596347981145,53.42404295108007
11,5,2025-02-15,38.143385963528495,40.66471002742178
11,5,2025-02-22,39.4064749863965,39.73221435762102
11,5,2025-03-01,39.64998808379262,39.14804878104225
11,5,2025-03-08,33.539627001308695,33.78927064275781
11,5,2025-03-15,27.1203757327452,27.76885302950487
11,5,2025-03-22,21.399288469079757,22.111865226897503
11,5,2025-03-29,15.789098976673188,16.69285171090792
11,5,2025-04-05,6.799150289500116,7.664461653297574
11,5,2025-04-12,3.3101471249447534,3.9581203799953864
11,5,2025-04-19,3.220259478308146,3.747489827743088
11,5,2025-04-26,3.0573531579407605,3.500091011530013
11,15,2024-11-30,49.926159337159035,48.720934402959976
11,15,2024-12-07,51.88341352101895,50.62175084103378
11,15,2024-12-14,53.33350232894922,52.57042756069495
11,15,2024-12-21,54.819665960916986,54.67829326001136
11,15,2024-12-28,56.93095629888874,57.15253491424124
11,15,2025-01-04,55.96267432840014,59.728315553188054
11,15,2025-01-11,55.99568527759188,60.543214876936084
11,15,2025-01-18,57.555591378265035,63.429918508599876
11,15,2025-02-01,55.03366585457075,60.02845134687858
11,15,2025-02-08,49.55356384107127,53.42404295108007
11,15,2025-02-15,38.9263539212752,40.66471002742178
11,15,2025-02-22,36.139672223663446,39.73221435762102
11,15,2025-03-01,36.069995021300414,39.14804878104225
11,15,2025-03-08,30.97041306017506,33.78927064275781
11,15,2025-03-15,25.153226719723826,27.76885302950487
11,15,2025-03-22,20.20978326022928,22.111865226897503
11,15,2025-03-29,15.575652330257222,16.69285171090792
11,15,2025-04-05,6.9387188634203385,7.664461653297574
11,15,2025-04-12,3.5244665006027547,3.9581203799953864
11,15,2025-04-19,3.338456738337309,3.747489827743088
11,15,2025-04-26,3.175793795727071,3.500091011530013
11,25,2024-11-30,49.964870161504194,48.720934402959976
11,25,2024-12-07,51.700274369018445,50.62175084103378
11,25,2024-12-14,51.70906417164036,52.57042756069495
11,25,2024-12-21,53.260706110224156,54.67829326001136
11,25,2024-12-28,55.296517328968406,57.15253491424124
11,25,2025-01-04,55.78408687925335,59.728315553188054
11,25,2025-01-11,55.658138223965395,60.543214876936084
11,25,2025-01-18,58.165036027598795,63.429918508599876
11,25,2025-02-01,55.23025118204355,60.02845134687858
11,25,2025-02-08,49.02695161056404,53.42404295108007
11,25,2025-02-15,37.36177504139663,40.66471002742178
11,25,2025-02-22,35.40635030331643,39.73221435762102
11,25,2025-03-01,35.33053252553701,39.14804878104225
11,25,2025-03-08,31.396252620498714,33.78927064275781
11,25,2025-03-15,25.774978700181173,27.76885302950487
11,25,2025-03-22,20.59410706056455,22.111865226897503
11,25,2025-03-29,15.821235070016236,16.69285171090792
11,25,2025-04-05,7.153676166255808,7.664461653297574
11,25,2025-04-12,3.6238845593475024,3.9581203799953864
11,25,2025-04-19,3.4393221166188135,3.747489827743088
11,25,2025-04-26,3.2672498808603443,3.500091011530013
11,50,2024-11-30,48.123804668807026,48.720934402959976
11,50,2024-12-07,49.00778892626673,50.62175084103378
11,50,2024-12-14,49.712567450791894,52.57042756069495
11,50,2024-12-21,51.1190486195738,54.67829326001136
11,50,2024-12-28,53.5819573442404,57.15253491424124
11,50,2025-01-04,55.622334560414515,59.728315553188054
11,50,2025-01-11,55.693400310775985,60.543214876936084
11,50,2025-01-18,58.70194742263749,63.429918508599876
11,50,2025-02-01,55.758321455563426,60.02845134687858
11,50,2025-02-08,49.48176096779211,53.42404295108007
11,50,2025-02-15,37.816930358347676,40.66471002742178
11,50,2025-02-22,37.10629318429591,39.73221435762102
11,50,2025-03-01,36.88029624750921,39.14804878104225
11,50,2025-03-08,31.978772223187278,33.78927064275781
11,50,2025-03-15,26.269058522492696,27.76885302950487
11,50,2025-03-22,21.055051844759817,22.111865226897503
11,50,2025-03-29,15.99844928372825,16.69285171090792
11,50,2025-04-05,7.146722689758907,7.664461653297574
11,50,2025-04-12,3.569085132904864,3.9581203799953864
11,50,2025-04-19,3.393053555966518,3.747489827743088
11,50,2025-04-26,3.2079834011343795,3.500091011530013
11,75,2024-11-30,47.54133111329452,48.720934402959976
11,75,2024-12-07,48.81040493163425,50.62175084103378
11,75,2024-12-14,50.85559710368168,52.57042756069495
11,75,2024-12-21,53.084311325435785,54.67829326001136
11,75,2024-12-28,55.60760735852201,57.15253491424124
11,75,2025-01-04,58.23657557188311,59.728315553188054
11,75,2025-01-11,58.88869684678961,60.543214876936084
11,75,2025-01-18,61.82451150534455,63.429918508599876
11,75,2025-02-01,58.393808992468315,60.02845134687858
11,75,2025-02-08,51.83079743012043,53.42404295108007
11,75,2025-02-15,39.3518221833614,40.66471002742178
11,75,2025-02-22,38.502091726971344,39.73221435762102
11,75,2025-03-01,38.09047655996938,39.14804878104225
11,75,2025-03-08,32.886532242628874,33.78927064275781
11,75,2025-03-15,26.91251808746373,27.76885302950487
11,75,2025-03-22,21.59629429643357,22.111865226897503
11,75,2025-03-29,16.346029625461806,16.69285171090792
11,75,2025-04-05,7.399700323093062,7.664461653297574
11,75,2025-04-12,3.7441919043436007,3.9581203799953864
11,75,2025-04-19,3.544849531412401,3.747489827743088
11,75,2025-04-26,3.337756781553624,3.500091011530013
34,5,2024-11-30,348.8141183144329,387.9511286015677
34,5,2024-12-07,344.0730406626472,396.7768518880868
34,5,2024-12-14,344.63906518182586,404.8943180884747
34,5,2024-12-21,343.15490707350847,412.79297582319225
34,5,2024-12-28,350.3692753551755,423.5911690978957
34,5,2025-01-04,365.084204869205,439.629338862008
34,5,2025-01-11,373.72978992965244,441.0696340402646
34,5,2025-01-18,418.543286020233,448.171508079228
34,5,2025-02-01,454.26898358883284,428.6250323930115
34,5,2025-02-08,408.06909812219027,384.80034435511845
34,5,2025-02-15,336.00559562381324,317.57725304512866
34,5,2025-02-22,263.84685726466756,258.5845442721672
34,5,2025-03-01,213.44617991138063,206.89086113262124
34,5,2025-03-08,165.41729281348017,162.22133154047359
34,5,2025-03-15,137.02954649955615,134.39193208241963
34,5,2025-03-22,116.88194163863743,113.66002678391395
34,5,2025-03-29,102.32492587095716,98.48548964519979
34,5,2025-04-05,82.62739304768749,83.87017562409781
34,5,2025-04-12,60.54896408162348,65.30738468839833
34,5,2025-04-19,48.87046055768403,54.442922141868756
34,5,2025-04-26,32.634952616150166,38.7359400724967
34,15,2024-11-30,343.3919230954171,387.9511286015677
34,15,2024-12-07,348.4851770480669,396.7768518880868
34,15,2024-12-14,352.196352799746,404.8943180884747
34,15,2024-12-21,362.1312614298466,412.79297582319225
34,15,2024-12-28,370.2825087902661,423.5911690978957
34,15,2025-01-04,381.62452903977584,439.629338862008
34,15,2025-01-11,393.98503914764376,441.0696340402646
34,15,2025-01-18,410.40063341896666,448.171508079228
34,15,2025-02-01,416.42200069042457,428.6250323930115
34,15,2025-02-08,386.3923707645817,384.80034435511845
34,15,2025-02-15,318.09436734994114,317.57725304512866
34,15,2025-02-22,259.7873497949179,258.5845442721672
34,15,2025-03-01,210.00680662195109,206.89086113262124
34,15,2025-03-08,163.4916889452963,162.22133154047359
34,15,2025-03-15,132.3914527841658,134.39193208241963
34,15,2025-03-22,109.49104161588028,113.66002678391395
34,15,2025-03-29,99.60272906276028,98.48548964519979
34,15,2025-04-05,78.71490327951021,83.87017562409781
34,15,2025-04-12,58.59385029183229,65.30738468839833
34,15,2025-04-19,47.72067695906918,54.442922141868756
34,15,2025-04-26,31.53056002231658,38.7359400724967
34,25,2024-11-30,341.38668087505584,387.9511286015677
34,25,2024-12-07,351.57145373246107,396.7768518880868
34,25,2024-12-14,363.8520188608145,404.8943180884747
34,25,2024-12-21,371.1467491003153,412.79297582319225
34,25,2024-12-28,378.8481458675674,423.5911690978957
34,25,2025-01-04,388.60025224932946,439.629338862008
34,25,2025-01-11,400.95122998486175,441.0696340402646
34,25,2025-01-18,409.3019220971269,448.171508079228
34,25,2025-02-01,412.0946901270426,428.6250323930115
34,25,2025-02-08,372.10589249696983,384.80034435511845
34,25,2025-02-15,309.9203641622916,317.57725304512866
34,25,2025-02-22,255.33149718473322,258.5845442721672
34,25,2025-03-01,202.74624730975265,206.89086113262124
34,25,2025-03-08,154.61990172185358,162.22133154047359
34,25,2025-03-15,127.5107035029832,134.39193208241963
34,25,2025-03-22,107.43850690765281,113.66002678391395
34,25,2025-03-29,96.3404306303516,98.48548964519979
34,25,2025-04-05,78.95862600737183,83.87017562409781
34,25,2025-04-12,58.72851576275577,65.30738468839833
34,25,2025-04-19,47.905369242828066,54.442922141868756
34,25,2025-04-26,31.655226928655942,38.7359400724967
34,50,2024-11-30,350.8435750489488,387.9511286015677
34,50,2024-12-07,359.54799433747405,396.7768518880868
34,50,2024-12-14,366.4357586785951,404.8943180884747
34,50,2024-12-21,373.13286089209726,412.79297582319225
34,50,2024-12-28,385.83811339252014,423.5911690978957
34,50,2025-01-04,403.0891459881393,439.629338862008
34,50,2025-01-11,408.80666830434046,441.0696340402646
34,50,2025-01-18,423.4706008067092,448.171508079228
34,50,2025-02-01,414.74369008264193,428.6250323930115
34,50,2025-02-08,372.176667085923,384.80034435511845
34,50,2025-02-15,304.3168948930707,317.57725304512866
34,50,2025-02-22,247.23509884241892,258.5845442721672
34,50,2025-03-01,196.5415735123433,206.89086113262124
34,50,2025-03-08,153.52118168985794,162.22133154047359
34,50,2025-03-15,126.6588090119867,134.39193208241963
34,50,2025-03-22,106.8296516120728,113.66002678391395
34,50,2025-03-29,93.81695014272015,98.48548964519979
34,50,2025-04-05,78.09943531441398,83.87017562409781
34,50,2025-04-12,59.12394204691179,65.30738468839833
34,50,2025-04-19,48.68845627484287,54.442922141868756
34,50,2025-04-26,32.82236395021927,38.7359400724967
34,75,2024-11-30,361.8208209575469,387.9511286015677
34,75,2024-12-07,372.79906680129227,396.7768518880868
34,75,2024-12-14,383.9188297817561,404.8943180884747
34,75,2024-12-21,393.53170796596044,412.79297582319225
34,75,2024-12-28,406.7725356714956,423.5911690978957
34,75,2025-01-04,421.20214041769435,439.629338862008
34,75,2025-01-11,421.37787607591764,441.0696340402646
34,75,2025-01-18,428.60916893560136,448.171508079228
34,75,2025-02-01,415.2525808485125,428.6250323930115
34,75,2025-02-08,374.2342532879275,384.80034435511845
34,75,2025-02-15,306.1379561371602,317.57725304512866
34,75,2025-02-22,246.98162426383269,258.5845442721672
34,75,2025-03-01,196.31032054905955,206.89086113262124
34,75,2025-03-08,151.89771518743115,162.22133154047359
34,75,2025-03-15,125.11954744064764,134.39193208241963
34,75,2025-03-22,105.55064728862874,113.66002678391395
34,75,2025-03-29,91.74886205789356,98.48548964519979
34,75,2025-04-05,77.74656975862031,83.87017562409781
34,75,2025-04-12,59.96039217139116,65.30738468839833
34,75,2025-04-19,49.991795276009846,54.442922141868756
34,75,2025-04-26,35.17365369972222,38.7359400724967
54,5,2024-11-30,110.39330228688723,109.85701388776648
54,5,2024-12-07,114.28357167693044,113.97605918457155
54,5,2024-12-14,118.28716263325086,118.37337432037332
54,5,2024-12-21,122.09222717605658,122.94424163169963
54,5,2024-12-28,125.51493364119128,127.6733541533176
54,5,2025-01-04,130.2064085542958,133.0651969620809
54,5,2025-01-11,135.6824812535098,138.12445159126494
54,5,2025-01-18,141.6891739506376,144.85610972993908
54,5,2025-02-01,156.6033034322793,161.17367258979235
54,5,2025-02-08,162.77121550163068,167.01442043171681
54,5,2025-02-15,159.5201344695137,162.64159400125513
54,5,2025-02-22,143.3321612528462,145.25617965819802
54,5,2025-03-01,120.23474843546698,120.77574598795937
54,5,2025-03-08,99.49855581587816,98.50082778704547
54,5,2025-03-15,74.64613330419665,73.052512649025
54,5,2025-03-22,52.99270185003975,51.79466245831137
54,5,2025-03-29,31.578982220638252,31.321448973728465
54,5,2025-04-05,18.586122810335205,18.6210474807638
54,5,2025-04-12,10.221456707104243,10.641303789734344
54,5,2025-04-19,7.295403520488191,7.682298778479137
54,5,2025-04-26,5.8867616206491,6.1508247360534885
54,15,2024-11-30,111.16753512373816,109.85701388776648
54,15,2024-12-07,115.11624632375812,113.97605918457155
54,15,2024-12-14,119.25315403212562,118.37337432037332
54,15,2024-12-21,123.31205292723158,122.94424163169963
54,15,2024-12-28,127.10894322730505,127.6733541533176
54,15,2025-01-04,132.0479210847773,133.0651969620809
54,15,2025-01-11,137.55298317282427,138.12445159126494
54,15,2025-01-18,143.74680435424654,144.85610972993908
54,15,2025-02-01,159.28930527584134,161.17367258979235
54,15,2025-02-08,165.49926416924666,167.01442043171681
54,15,2025-02-15,161.72077537188395,162.64159400125513
54,15,2025-02-22,144.88041663363938,145.25617965819802
54,15,2025-03-01,121.62817291768938,120.77574598795937
54,15,2025-03-08,100.45850733236249,98.50082778704547
54,15,2025-03-15,75.08192158752783,73.052512649025
54,15,2025-03-22,53.1553437510653,51.79466245831137
54,15,2025-03-29,31.770241821119413,31.321448973728465
54,15,2025-04-05,18.79060584450264,18.6210474807638
54,15,2025-04-12,10.529446532831924,10.641303789734344
54,15,2025-04-19,7.565676064442464,7.682298778479137
54,15,2025-04-26,6.042613146760186,6.1508247360534885
54,25,2024-11-30,112.26254220929704,109.85701388776648
54,25,2024-12-07,116.51653239899287,113.97605918457155
54,25,2024-12-14,121.05971566416164,118.37337432037332
54,25,2024-12-21,125.7707180570184,122.94424163169963
54,25,2024-12-28,130.59988201664206,127.6733541533176
54,25,2025-01-04,136.16743030754026,133.0651969620809
54,25,2025-01-11,141.4496986859206,138.12445159126494
54,25,2025-01-18,148.19661334308097,144.85610972993908
54,25,2025-02-01,164.75862047017102,161.17367258979235
54,25,2025-02-08,170.64254539716282,167.01442043171681
54,25,2025-02-15,166.07082328144597,162.64159400125513
54,25,2025-02-22,148.01468463293372,145.25617965819802
54,25,2025-03-01,123.13251404325426,120.77574598795937
54,25,2025-03-08,100.6227017537671,98.50082778704547
54,25,2025-03-15,74.6350564196877,73.052512649025
54,25,2025-03-22,52.69545276862102,51.79466245831137
54,25,2025-03-29,31.411128410361503,31.321448973728465
54,25,2025-04-05,18.45117133042311,18.6210474807638
54,25,2025-04-12,10.412223298125841,10.641303789734344
54,25,2025-04-19,7.549842342773011,7.682298778479137
54,25,2025-04-26,6.0825426078614555,6.1508247360534885
54,50,2024-11-30,111.4650661419257,109.85701388776648
54,50,2024-12-07,115.61841245030806,113.97605918457155
54,50,2024-12-14,120.03873606796739,118.37337432037332
54,50,2024-12-21,124.59419619516616,122.94424163169963
54,50,2024-12-28,129.22617991012734,127.6733541533176
54,50,2025-01-04,134.6159159081584,133.0651969620809
54,50,2025-01-11,139.8238634349741,138.12445159126494
54,50,2025-01-18,146.46952423043112,144.85610972993908
54,50,2025-02-01,162.79288330655146,161.17367258979235
54,50,2025-02-08,168.6508984217949,167.01442043171681
54,50,2025-02-15,164.23920699988287,162.64159400125513
54,50,2025-02-22,146.64641695929947,145.25617965819802
54,50,2025-03-01,122.20177822211652,120.77574598795937
54,50,2025-03-08,99.94189763648745,98.50082778704547
54,50,2025-03-15,74.2706055352036,73.052512649025
54,50,2025-03-22,52.50645221565808,51.79466245831137
54,50,2025-03-29,31.39267589957623,31.321448973728465
54,50,2025-04-05,18.520867589882776,18.6210474807638
54,50,2025-04-12,10.479944634476652,10.641303789734344
54,50,2025-04-19,7.591944433412951,7.682298778479137
54,50,2025-04-26,6.091239576297944,6.1508247360534885
54,75,2024-11-30,110.78384513892337,109.85701388776648
54,75,2024-12-07,114.92839176325695,113.97605918457155
54,75,2024-12-14,119.35317006363623,118.37337432037332
54,75,2024-12-21,123.94320854113084,122.94424163169963
54,75,2024-12-28,128.65441357596129,127.6733541533176
54,75,2025-01-04,134.0530341849809,133.0651969620809
54,75,2025-01-11,139.15372570642646,138.12445159126494
54,75,2025-01-18,145.8697013394902,144.85610972993908
54,75,2025-02-01,162.25748603754124,161.17367258979235
54,75,2025-02-08,168.0046725592178,167.01442043171681
54,75,2025-02-15,163.50225902596537,162.64159400125513
54,75,2025-02-22,145.95410969557645,145.25617965819802
54,75,2025-03-01,121.44082439006809,120.77574598795937
54,75,2025-03-08,99.11665491301021,98.50082778704547
54,75,2025-03-15,73.5401400310733,73.052512649025
54,75,2025-03-22,52.13729320452858,51.79466245831137
54,75,2025-03-29,31.351075176818128,31.321448973728465
54,75,2025-04-05,18.548337323354463,18.6210474807638
54,75,2025-04-12,10.532117981462829,10.641303789734344
54,75,2025-04-19,7.598420991189426,7.682298778479137
54,75,2025-04-26,6.087862672146758,6.1508247360534885
41,5,2024-11-30,100.99255331449787,107.4886633268695
41,5,2024-12-07,99.28041978382856,110.48213089607744
41,5,2024-12-14,112.02095948726611,113.57592734920941
41,5,2024-12-21,120.85684497908855,116.84676751849136
41,5,2024-12-28,114.92886214098301,117.77918746311362
41,5,2025-01-04,102.06765051442586,113.15893525084522
41,5,2025-01-11,103.05186844257888,108.0216168755484
41,5,2025-01-18,107.00564034334221,108.99531364973065
41,5,2025-02-01,135.15762068294006,113.59149206611573
41,5,2025-02-08,115.73724732896788,105.30129262772213
41,5,2025-02-15,94.7263582234686,90.18706720825855
41,5,2025-02-22,74.89412123807242,75.1491005335515
41,5,2025-03-01,53.15938110105905,56.432359608036485
41,5,2025-03-08,44.26340039491777,45.436040138511174
41,5,2025-03-15,36.13291013590761,39.75562098049627
41,5,2025-03-22,29.891617040994106,32.863045539615314
41,5,2025-03-29,26.459369271648498,28.657164646574092
41,5,2025-04-05,23.09454403080122,25.221068851114104
41,5,2025-04-12,17.76987117827633,20.520711019524022
41,5,2025-04-19,16.99690026772227,19.240384385833153
41,5,2025-04-26,16.557955578428984,18.183830910032693
41,15,2024-11-30,97.26129047087413,107.4886633268695
41,15,2024-12-07,101.80720617370076,110.48213089607744
41,15,2024-12-14,102.35338327108464,113.57592734920941
41,15,2024-12-21,106.00467185605555,116.84676751849136
41,15,2024-12-28,108.63410154740646,117.77918746311362
41,15,2025-01-04,103.81489555816871,113.15893525084522
41,15,2025-01-11,102.15224649907324,108.0216168755484
41,15,2025-01-18,106.99132778387718,108.99531364973065
41,15,2025-02-01,122.12162194130292,113.59149206611573
41,15,2025-02-08,106.50568931602874,105.30129262772213
41,15,2025-02-15,90.42843123444767,90.18706720825855
41,15,2025-02-22,75.22612746060058,75.1491005335515
41,15,2025-03-01,54.13544745190477,56.432359608036485
41,15,2025-03-08,45.358688546942545,45.436040138511174
41,15,2025-03-15,38.07869773726488,39.75562098049627
41,15,2025-03-22,31.879542752366657,32.863045539615314
41,15,2025-03-29,28.05717120724897,28.657164646574092
41,15,2025-04-05,24.877729455756604,25.221068851114104
41,15,2025-04-12,19.71558352452488,20.520711019524022
41,15,2025-04-19,18.853554680935655,19.240384385833153
41,15,2025-04-26,18.12409158765598,18.183830910032693
41,25,2024-11-30,97.38243480417722,107.4886633268695
41,25,2024-12-07,100.97266380541132,110.48213089607744
41,25,2024-12-14,102.49285909171246,113.57592734920941
41,25,2024-12-21,105.31168040874539,116.84676751849136
41,25,2024-12-28,104.96204616426428,117.77918746311362
41,25,2025-01-04,103.65023805842218,113.15893525084522
41,25,2025-01-11,103.51744518292635,108.0216168755484
41,25,2025-01-18,105.70536850752791,108.99531364973065
41,25,2025-02-01,112.30146189344018,113.59149206611573
41,25,2025-02-08,100.74096304994829,105.30129262772213
41,25,2025-02-15,84.44187758981046,90.18706720825855
41,25,2025-02-22,69.66668391125374,75.1491005335515
41,25,2025-03-01,50.77730801487892,56.432359608036485
41,25,2025-03-08,42.755364517992284,45.436040138511174
41,25,2025-03-15,36.24124556116895,39.75562098049627
41,25,2025-03-22,29.990114535918327,32.863045539615314
41,25,2025-03-29,26.565202621478846,28.657164646574092
41,25,2025-04-05,23.711784046757998,25.221068851114104
41,25,2025-04-12,19.28977191659357,20.520711019524022
41,25,2025-04-19,18.45162976771015,19.240384385833153
41,25,2025-04-26,17.618997708309,18.183830910032693
41,50,2024-11-30,98.46443565369374,107.4886633268695
41,50,2024-12-07,102.12139836454644,110.48213089607744
41,50,2024-12-14,102.6046811597608,113.57592734920941
41,50,2024-12-21,104.61701526545873,116.84676751849136
41,50,2024-12-28,102.63956272212656,117.77918746311362
41,50,2025-01-04,97.69888809891661,113.15893525084522
41,50,2025-01-11,95.97442281334425,108.0216168755484
41,50,2025-01-18,98.57488397869997,108.99531364973065
41,50,2025-02-01,106.50835634512207,113.59149206611573
41,50,2025-02-08,97.70816825768507,105.30129262772213
41,50,2025-02-15,81.50145118916645,90.18706720825855
41,50,2025-02-22,66.73741240252167,75.1491005335515
41,50,2025-03-01,48.88822120537951,56.432359608036485
41,50,2025-03-08,39.7854030002292,45.436040138511174
41,50,2025-03-15,34.09503901891698,39.75562098049627
41,50,2025-03-22,28.688635244079524,32.863045539615314
41,50,2025-03-29,25.31663872714758,28.657164646574092
41,50,2025-04-05,22.46225439873362,25.221068851114104
41,50,2025-04-12,18.26330792680028,20.520711019524022
41,50,2025-04-19,17.39659656195288,19.240384385833153
41,50,2025-04-26,16.5979868945862,18.183830910032693
41,75,2024-11-30,101.29928335808681,107.4886633268695
41,75,2024-12-07,104.44901319952692,110.48213089607744
41,75,2024-12-14,107.53111230496177,113.57592734920941
41,75,2024-12-21,110.228082047409,116.84676751849136
41,75,2024-12-28,109.6197404572464,117.77918746311362
41,75,2025-01-04,104.1306364918643,113.15893525084522
41,75,2025-01-11,99.42039587354417,108.0216168755484
41,75,2025-01-18,101.3049122366249,108.99531364973065
41,75,2025-02-01,107.7190675668122,113.59149206611573
41,75,2025-02-08,100.00643421325375,105.30129262772213
41,75,2025-02-15,84.98890519667461,90.18706720825855
41,75,2025-02-22,70.16557173004024,75.1491005335515
41,75,2025-03-01,52.00548470042239,56.432359608036485
41,75,2025-03-08,41.596036168790405,45.436040138511174
41,75,2025-03-15,36.29339230225061,39.75562098049627
41,75,2025-03-22,30.171850124119686,32.863045539615314
41,75,2025-03-29,26.558850977302473,28.657164646574092
41,75,2025-04-05,23.861200917309958,25.221068851114104
41,75,2025-04-12,19.453976438256767,20.520711019524022
41,75,2025-04-19,18.39687317749548,19.240384385833153
41,75,2025-04-26,17.48853431879666,18.183830910032693
46,5,2024-11-30,24.309530390631707,22.99735438647695
46,5,2024-12-07,22.59504966331998,23.732167583589263
46,5,2024-12-14,28.958607401496508,24.330398571601627
46,5,2024-12-21,23.393098135105387,25.05249874010506
46,5,2024-12-28,25.786917596520627,25.824810857117235
46,5,2025-01-04,22.30086080530951,26.785466269348593
46,5,2025-01-11,21.90743920302583,27.780872379786484
46,5,2025-01-18,22.660862705740758,28.85379650413566
46,5,2025-02-01,22.495447740206572,30.11853605136317
46,5,2025-02-08,18.84164151018675,27.60403725298614
46,5,2025-02-15,12.375856627509329,20.13123884498115
46,5,2025-02-22,7.497805640118046,12.885367429100523
46,5,2025-03-01,5.832022804009907,9.288465369098382
46,5,2025-03-08,3.9338812764877797,6.024995387885786
46,5,2025-03-15,2.9982473999025903,4.272889440440859
46,5,2025-03-22,2.4063367183903734,3.539975884769245
46,5,2025-03-29,2.056637529511216,3.122059717728489
46,5,2025-04-05,2.054480166167214,2.93304112995576
46,5,2025-04-12,2.291430885569373,3.0654264145540018
46,5,2025-04-19,2.6755161164412176,3.30385234020855
46,5,2025-04-26,2.1202316881488548,2.710522533004723
46,15,2024-11-30,23.693533283488254,22.99735438647695
46,15,2024-12-07,23.617586838816955,23.732167583589263
46,15,2024-12-14,27.766096823561696,24.330398571601627
46,15,2024-12-21,26.141656049288997,25.05249874010506
46,15,2024-12-28,26.630262835910443,25.824810857117235
46,15,2025-01-04,24.29772280162696,26.785466269348593
46,15,2025-01-11,22.880538901416564,27.780872379786484
46,15,2025-01-18,23.33054348661383,28.85379650413566
46,15,2025-02-01,24.097261809588108,30.11853605136317
46,15,2025-02-08,21.39247322514925,27.60403725298614
46,15,2025-02-15,14.080413019372743,20.13123884498115
46,15,2025-02-22,8.247950645913498,12.885367429100523
46,15,2025-03-01,6.140974024019088,9.288465369098382
46,15,2025-03-08,4.211714614042481,6.024995387885786
46,15,2025-03-15,3.178549156689555,4.272889440440859
46,15,2025-03-22,2.5759021004561222,3.539975884769245
46,15,2025-03-29,2.23005660946224,3.122059717728489
46,15,2025-04-05,2.1889675618865083,2.93304112995576
46,15,2025-04-12,2.432371002181095,3.0654264145540018
46,15,2025-04-19,2.7922924664970394,3.30385234020855
46,15,2025-04-26,2.2557562622697604,2.710522533004723
46,25,2024-11-30,22.731270653750748,22.99735438647695
46,25,2024-12-07,24.155447930943215,23.732167583589263
46,25,2024-12-14,26.56237853388855,24.330398571601627
46,25,2024-12-21,26.685983476840203,25.05249874010506
46,25,2024-12-28,26.687288740994227,25.824810857117235
46,25,2025-01-04,24.629306603247663,26.785466269348593
46,25,2025-01-11,23.76076301457531,27.780872379786484
46,25,2025-01-18,24.496734733621924,28.85379650413566
46,25,2025-02-01,25.995277948288482,30.11853605136317
46,25,2025-02-08,22.96457524121691,27.60403725298614
46,25,2025-02-15,15.493704020947618,20.13123884498115
46,25,2025-02-22,9.062210639807324,12.885367429100523
46,25,2025-03-01,6.59747743063714,9.288465369098382
46,25,2025-03-08,4.3490915095483365,6.024995387885786
46,25,2025-03-15,3.2293469131649335,4.272889440440859
46,25,2025-03-22,2.647676639463465,3.539975884769245
46,25,2025-03-29,2.309823405864042,3.122059717728489
46,25,2025-04-05,2.2657934818160492,2.93304112995576
46,25,2025-04-12,2.486088029959335,3.0654264145540018
46,25,2025-04-19,2.87050316783345,3.30385234020855
46,25,2025-04-26,2.310278227040911,2.710522533004723
46,50,2024-11-30,21.369774160248973,22.99735438647695
46,50,2024-12-07,22.837379173913227,23.732167583589263
46,50,2024-12-14,23.288034460467035,24.330398571601627
46,50,2024-12-21,24.40931503323744,25.05249874010506
46,50,2024-12-28,25.820764883709153,25.824810857117235
46,50,2025-01-04,26.843221275000683,26.785466269348593
46,50,2025-01-11,27.000780425781816,27.780872379786484
46,50,2025-01-18,27.928219011534875,28.85379650413566
46,50,2025-02-01,29.062865233025175,30.11853605136317
46,50,2025-02-08,25.992970151358097,27.60403725298614
46,50,2025-02-15,17.816891889164683,20.13123884498115
46,50,2025-02-22,10.57894979107277,12.885367429100523
46,50,2025-03-01,7.489791343114495,9.288465369098382
46,50,2025-03-08,4.731567889692673,6.024995387885786
46,50,2025-03-15,3.3747715597877805,4.272889440440859
46,50,2025-03-22,2.781844908625071,3.539975884769245
46,50,2025-03-29,2.4681488315328,3.122059717728489
46,50,2025-04-05,2.4167746835956283,2.93304112995576
46,50,2025-04-12,2.6505344495180396,3.0654264145540018
46,50,2025-04-19,3.0029497838148047,3.30385234020855
46,50,2025-04-26,2.4363603585451576,2.710522533004723
46,75,2024-11-30,21.813615029956846,22.99735438647695
46,75,2024-12-07,22.657476731332448,23.732167583589263
46,75,2024-12-14,23.43479267491718,24.330398571601627
46,75,2024-12-21,24.4112908248169,25.05249874010506
46,75,2024-12-28,25.505651131608282,25.824810857117235
46,75,2025-01-04,26.608914385913963,26.785466269348593
46,75,2025-01-11,27.713913779812763,27.780872379786484
46,75,2025-01-18,28.990875358017234,28.85379650413566
46,75,2025-02-01,30.421082642462046,30.11853605136317
46,75,2025-02-08,27.50263288678339,27.60403725298614
46,75,2025-02-15,19.193380915999246,20.13123884498115
46,75,2025-02-22,11.677360914181623,12.885367429100523
46,75,2025-03-01,8.256800712017903,9.288465369098382
46,75,2025-03-08,5.199464292573261,6.024995387885786
46,75,2025-03-15,3.667176227437468,4.272889440440859
46,75,2025-03-22,3.05383363406589,3.539975884769245
46,75,2025-03-29,2.72493300070527,3.122059717728489
46,75,2025-04-05,2.626165455197467,2.93304112995576
46,75,2025-04-12,2.811299896756107,3.0654264145540018
46,75,2025-04-19,3.0957219076988256,3.30385234020855
46,75,2025-04-26,2.5247403745510604,2.710522533004723
05,5,2024-11-30,79.49747401887254,88.37045705758882
05,5,2024-12-07,83.70191504408436,90.89655121795441
05,5,2024-12-14,86.9901759784401,93.58189700357745
05,5,2024-12-21,91.54468468201813,95.93608941843146
05,5,2024-12-28,98.99039337643276,98.06769142784427
05,5,2025-01-04,97.09407017703596,101.23291345669072
05,5,2025-01-11,93.4789358628472,104.69215799344782
05,5,2025-01-18,105.36188413873762,108.7794117538701
05,5,2025-02-01,102.28964452442956,111.57076927301593
05,5,2025-02-08,89.30765205918965,104.10787409809399
05,5,2025-02-15,64.3499487584614,80.69441147611944
05,5,2025-02-22,51.16724540404569,66.94257631664296
05,5,2025-03-01,50.435788116357294,59.85676192729304
05,5,2025-03-08,35.97629483742161,49.347671989455506
05,5,2025-03-15,25.39640266335016,35.59350774615791
05,5,2025-03-22,19.062590267811373,26.109997158545834
05,5,2025-03-29,14.07667379641203,18.667949276179034
05,5,2025-04-05,10.666213430079491,13.326219786470954
05,5,2025-04-12,8.248899412770202,9.802070295232786
05,5,2025-04-19,8.275784261929575,9.600227530507249
05,5,2025-04-26,8.097655855223667,9.043810459672413
05,15,2024-11-30,81.75697690902653,88.37045705758882
05,15,2024-12-07,86.72772537967614,90.89655121795441
05,15,2024-12-14,93.79594303167475,93.58189700357745
05,15,2024-12-21,97.38194096819598,95.93608941843146
05,15,2024-12-28,102.07847808969456,98.06769142784427
05,15,2025-01-04,100.7432552226153,101.23291345669072
05,15,2025-01-11,100.34488029946401,104.69215799344782
05,15,2025-01-18,104.90499464563939,108.7794117538701
05,15,2025-02-01,106.20592561947448,111.57076927301593
05,15,2025-02-08,96.37170435830822,104.10787409809399
05,15,2025-02-15,69.22120051337282,80.69441147611944
05,15,2025-02-22,55.46564254939626,66.94257631664296
05,15,2025-03-01,53.6510292301907,59.85676192729304
05,15,2025-03-08,39.82485684599649,49.347671989455506
05,15,2025-03-15,28.296677305484,35.59350774615791
05,15,2025-03-22,21.113526389981097,26.109997158545834
05,15,2025-03-29,15.498344867965358,18.667949276179034
05,15,2025-04-05,11.526605120420452,13.326219786470954
05,15,2025-04-12,8.797802750566504,9.802070295232786
05,15,2025-04-19,8.777757740201318,9.600227530507249
05,15,2025-04-26,8.554620747946707,9.043810459672413
05,25,2024-11-30,82.88506464139208,88.37045705758882
05,25,2024-12-07,88.06211185563414,90.89655121795441
05,25,2024-12-14,92.5687211370652,93.58189700357745
05,25,2024-12-21,95.77382923286767,95.93608941843146
05,25,2024-12-28,100.60502134395277,98.06769142784427
05,25,2025-01-04,101.68743764525776,101.23291345669072
05,25,2025-01-11,102.4335576585328,104.69215799344782
05,25,2025-01-18,106.16408830017306,108.7794117538701
05,25,2025-02-01,108.72968154680756,111.57076927301593
05,25,2025-02-08,98.93403574801712,104.10787409809399
05,25,2025-02-15,71.40921264429132,80.69441147611944
05,25,2025-02-22,57.305789850021206,66.94257631664296
05,25,2025-03-01,53.385814618268554,59.85676192729304
05,25,2025-03-08,40.96491608626739,49.347671989455506
05,25,2025-03-15,29.327633804305155,35.59350774615791
05,25,2025-03-22,21.71523262764057,26.109997158545834
05,25,2025-03-29,16.02956344417853,18.667949276179034
05,25,2025-04-05,11.936457840424216,13.326219786470954
05,25,2025-04-12,9.070921899187107,9.802070295232786
05,25,2025-04-19,9.072781528020101,9.600227530507249
05,25,2025-04-26,8.714233087598046,9.043810459672413
05,50,2024-11-30,81.47809859756998,88.37045705758882
05,50,2024-12-07,84.10949218260744,90.89655121795441
05,50,2024-12-14,87.72623777232853,93.58189700357745
05,50,2024-12-21,91.88213711252247,95.93608941843146
05,50,2024-12-28,96.02458116832629,98.06769142784427
05,50,2025-01-04,100.3864495296377,101.23291345669072
05,50,2025-01-11,102.19818115970006,104.69215799344782
05,50,2025-01-18,108.37801697327762,108.7794117538701
05,50,2025-02-01,111.14586085166573,111.57076927301593
05,50,2025-02-08,102.04225232260333,104.10787409809399
05,50,2025-02-15,75.54793342584097,80.69441147611944
05,50,2025-02-22,60.75819223832958,66.94257631664296
05,50,2025-03-01,54.617896885585594,59.85676192729304
05,50,2025-03-08,43.50758165489235,49.347671989455506
05,50,2025-03-15,30.989443633792735,35.59350774615791
05,50,2025-03-22,22.775896377758972,26.109997158545834
05,50,2025-03-29,16.738074605917543,18.667949276179034
05,50,2025-04-05,12.552167552898217,13.326219786470954
05,50,2025-04-12,9.578585843763271,9.802070295232786
05,50,2025-04-19,9.462095618708736,9.600227530507249
05,50,2025-04-26,8.984976886615325,9.043810459672413
05,75,2024-11-30,83.79928452175534,88.37045705758882
05,75,2024-12-07,86.15920939606445,90.89655121795441
05,75,2024-12-14,89.17141654501617,93.58189700357745
05,75,2024-12-21,92.36173518515271,95.93608941843146
05,75,2024-12-28,95.86956310321862,98.06769142784427
05,75,2025-01-04,100.05221841522356,101.23291345669072
05,75,2025-01-11,103.41046206807125,104.69215799344782
05,75,2025-01-18,108.66023463151836,108.7794117538701
05,75,2025-02-01,112.68134006029156,111.57076927301593
05,75,2025-02-08,104.58262224631137,104.10787409809399
05,75,2025-02-15,79.05425001030211,80.69441147611944
05,75,2025-02-22,64.46944929482879,66.94257631664296
05,75,2025-03-01,57.58052476925563,59.85676192729304
05,75,2025-03-08,46.962935639501595,49.347671989455506
05,75,2025-03-15,33.65951660894481,35.59350774615791
05,75,2025-03-22,24.75921036367306,26.109997158545834
05,75,2025-03-29,17.988047986731942,18.667949276179034
05,75,2025-04-05,13.238455097664035,13.326219786470954
05,75,2025-04-12,9.996320238692217,9.802070295232786
05,75,2025-04-19,9.828502502859816,9.600227530507249
05,75,2025-04-26,9.287973419659835,9.043810459672413
19,5,2024-11-30,75.64353631521669,81.36008709702273
19,5,2024-12-07,85.7748429777609,83.46550291825662
19,5,2024-12-14,84.03869604231505,85.61133304484285
19,5,2024-12-21,79.27508241247628,87.78621142402234
19,5,2024-12-28,79.83005070457695,90.2166528815336
19,5,2025-01-04,70.80717799537236,93.58081704604373
19,5,2025-01-11,67.1636219090954,96.96367997385317
19,5,2025-01-18,68.0348137698201,98.79825127446018
19,5,2025-02-01,78.21470982440592,103.12517915314096
19,5,2025-02-08,71.50559448135962,96.2970295037263
19,5,2025-02-15,51.38708737086651,78.9986917606107
19,5,2025-02-22,40.86883626942095,63.653696479650904
19,5,2025-03-01,33.08609840888573,50.208567612780335
19,5,2025-03-08,23.14508463077114,35.77744485836355
19,5,2025-03-15,13.944525631707403,22.86546624776417
19,5,2025-03-22,7.305624050767314,12.983712212195714
19,5,2025-03-29,4.662564327790535,8.161642168790705
19,5,2025-04-05,3.9732834502521848,6.099197502185222
19,5,2025-04-12,2.953358210866371,3.6213989395213937
19,5,2025-04-19,2.7867715569088243,3.0113500889789226
19,5,2025-04-26,2.6608622968498197,3.126925493832318
19,15,2024-11-30,69.49326335711481,81.36008709702273
19,15,2024-12-07,79.81211816610943,83.46550291825662
19,15,2024-12-14,80.85336838870073,85.61133304484285
19,15,2024-12-21,84.92585427857674,87.78621142402234
19,15,2024-12-28,86.93380783312253,90.2166528815336
19,15,2025-01-04,82.26020193376777,93.58081704604373
19,15,2025-01-11,75.76428197999739,96.96367997385317
19,15,2025-01-18,74.56367294926906,98.79825127446018
19,15,2025-02-01,79.14355159718193,103.12517915314096
19,15,2025-02-08,74.61927246758492,96.2970295037263
19,15,2025-02-15,59.11936011221749,78.9986917606107
19,15,2025-02-22,48.07821888790705,63.653696479650904
19,15,2025-03-01,38.7113407967621,50.208567612780335
19,15,2025-03-08,26.850540796921464,35.77744485836355
19,15,2025-03-15,16.366736980683434,22.86546624776417
19,15,2025-03-22,8.474888511493056,12.983712212195714
19,15,2025-03-29,5.27249532721141,8.161642168790705
19,15,2025-04-05,4.295781559950541,6.099197502185222
19,15,2025-04-12,2.875672374499784,3.6213989395213937
19,15,2025-04-19,2.721508027666195,3.0113500889789226
19,15,2025-04-26,2.692499107382551,3.126925493832318
19,25,2024-11-30,71.77347464929976,81.36008709702273
19,25,2024-12-07,79.5171803892879,83.46550291825662
19,25,2024-12-14,82.11987686976897,85.61133304484285
19,25,2024-12-21,85.39057074850575,87.78621142402234
19,25,2024-12-28,88.53335722591743,90.2166528815336
19,25,2025-01-04,86.69100734608149,93.58081704604373
19,25,2025-01-11,81.32893031702488,96.96367997385317
19,25,2025-01-18,78.8813841053244,98.79825127446018
19,25,2025-02-01,84.24071641105162,103.12517915314096
19,25,2025-02-08,78.36887079417279,96.2970295037263
19,25,2025-02-15,62.80530607661631,78.9986917606107
19,25,2025-02-22,50.489214891683694,63.653696479650904
19,25,2025-03-01,39.92770150445745,50.208567612780335
19,25,2025-03-08,28.04602127860447,35.77744485836355
19,25,2025-03-15,17.095547494322446,22.86546624776417
19,25,2025-03-22,8.87984798351602,12.983712212195714
19,25,2025-03-29,5.459836968596432,8.161642168790705
19,25,2025-04-05,4.387383592327106,6.099197502185222
19,25,2025-04-12,2.8282177068294523,3.6213989395213937
19,25,2025-04-19,2.6746345296929075,3.0113500889789226
19,25,2025-04-26,2.6525134519296616,3.126925493832318
19,50,2024-11-30,72.06410426369534,81.36008709702273
19,50,2024-12-07,74.1763563261292,83.46550291825662
19,50,2024-12-14,77.13238594366474,85.61133304484285
19,50,2024-12-21,80.03143901700479,87.78621142402234
19,50,2024-12-28,83.5174151693713,90.2166528815336
19,50,2025-01-04,86.34638424522431,93.58081704604373
19,50,2025-01-11,87.09506844442008,96.96367997385317
19,50,2025-01-18,86.56051887029555,98.79825127446018
19,50,2025-02-01,91.41406250527807,103.12517915314096
19,50,2025-02-08,85.16178218608985,96.2970295037263
19,50,2025-02-15,69.00353836919511,78.9986917606107
19,50,2025-02-22,55.19881844575891,63.653696479650904
19,50,2025-03-01,43.48015997674253,50.208567612780335
19,50,2025-03-08,30.4840127464214,35.77744485836355
19,50,2025-03-15,18.701220944009687,22.86546624776417
19,50,2025-03-22,9.918457360943274,12.983712212195714
19,50,2025-03-29,6.082884921348658,8.161642168790705
19,50,2025-04-05,4.708482391526412,6.099197502185222
19,50,2025-04-12,2.8787721396156027,3.6213989395213937
19,50,2025-04-19,2.635208438492436,3.0113500889789226
19,50,2025-04-26,2.7026693797505925,3.126925493832318
19,75,2024-11-30,74.20506386554716,81.36008709702273
19,75,2024-12-07,76.29532078461138,83.46550291825662
19,75,2024-12-14,78.74531851762308,85.61133304484285
19,75,2024-12-21,81.2255039722484,87.78621142402234
19,75,2024-12-28,84.37481511572157,90.2166528815336
19,75,2025-01-04,87.69469822381897,93.58081704604373
19,75,2025-01-11,90.6402615073961,96.96367997385317
19,75,2025-01-18,92.06828680701858,98.79825127446018
19,75,2025-02-01,96.52179394204565,103.12517915314096
19,75,2025-02-08,90.15737885986661,96.2970295037263
19,75,2025-02-15,73.20069661379526,78.9986917606107
19,75,2025-02-22,58.87095194501845,63.653696479650904
19,75,2025-03-01,46.40271310966134,50.208567612780335
19,75,2025-03-08,32.67899015847323,35.77744485836355
19,75,2025-03-15,20.520080381235662,22.86546624776417
19,75,2025-03-22,11.259322244656408,12.983712212195714
19,75,2025-03-29,6.9715393027252945,8.161642168790705
19,75,2025-04-05,5.27038041773687,6.099197502185222
19,75,2025-04-12,3.1461835665833013,3.6213989395213937
19,75,2025-04-19,2.727814987842818,3.0113500889789226
19,75,2025-04-26,2.8483701442118696,3.126925493832318
21,5,2024-11-30,174.0325241295811,192.8029678820582
21,5,2024-12-07,182.33540602348026,199.10952591814427
21,5,2024-12-14,191.7291682977291,205.55835603020097
21,5,2024-12-21,209.45128386239608,211.7819045189408
21,5,2024-12-28,210.19582776851124,219.22791109862155
21,5,2025-01-04,196.8373671329424,224.69087353358952
21,5,2025-01-11,200.53037847529313,225.9076866202385
21,5,2025-01-18,241.64542452361133,233.35912615527653
21,5,2025-02-01,281.99589160769915,251.99877127047054
21,5,2025-02-08,275.0167372537138,249.9648674072487
21,5,2025-02-15,188.68032956035609,219.54233092650426
21,5,2025-02-22,138.4635667556447,179.58262001627028
21,5,2025-03-01,118.04590786529893,153.0773577203223
21,5,2025-03-08,94.75037135901339,124.14594612878334
21,5,2025-03-15,69.92871379513774,96.23787021511671
21,5,2025-03-22,49.83078840116714,71.56406459201456
21,5,2025-03-29,34.32759793901598,50.40225214736403
21,5,2025-04-05,21.673077681653353,32.27412814503706
21,5,2025-04-12,13.870242433498769,18.78710791058456
21,5,2025-04-19,10.6303485037432,13.086357120102116
21,5,2025-04-26,8.915200768308226,10.250125948357214
21,15,2024-11-30,177.50503302199186,192.8029678820582
21,15,2024-12-07,183.0683763890161,199.10952591814427
21,15,2024-12-14,190.05589342065358,205.55835603020097
21,15,2024-12-21,200.0298261697975,211.7819045189408
21,15,2024-12-28,206.96700278001794,219.22791109862155
21,15,2025-01-04,205.64088404348934,224.69087353358952
21,15,2025-01-11,204.37311188686922,225.9076866202385
21,15,2025-01-18,216.35800445314814,233.35912615527653
21,15,2025-02-01,247.3933027082741,251.99877127047054
21,15,2025-02-08,244.70817712395188,249.9648674072487
21,15,2025-02-15,199.9523786473951,219.54233092650426
21,15,2025-02-22,150.4893880318187,179.58262001627028
21,15,2025-03-01,124.94558725133626,153.0773577203223
21,15,2025-03-08,99.70642019309811,124.14594612878334
21,15,2025-03-15,74.75976250563728,96.23787021511671
21,15,2025-03-22,53.362915775824305,71.56406459201456
21,15,2025-03-29,36.974583157520094,50.40225214736403
21,15,2025-04-05,22.979836961950546,32.27412814503706
21,15,2025-04-12,14.212495463113127,18.78710791058456
21,15,2025-04-19,10.842404806788553,13.086357120102116
21,15,2025-04-26,9.013594717222581,10.250125948357214
21,25,2024-11-30,177.36429256807347,192.8029678820582
21,25,2024-12-07,182.34662039654015,199.10952591814427
21,25,2024-12-14,189.53515136204112,205.55835603020097
21,25,2024-12-21,197.00208888079547,211.7819045189408
21,25,2024-12-28,204.62689477051248,219.22791109862155
21,25,2025-01-04,203.9880647132379,224.69087353358952
21,25,2025-01-11,202.56074500188703,225.9076866202385
21,25,2025-01-18,208.3376221517758,233.35912615527653
21,25,2025-02-01,234.12027101585937,251.99877127047054
21,25,2025-02-08,236.19782710850674,249.9648674072487
21,25,2025-02-15,201.1485637699507,219.54233092650426
21,25,2025-02-22,159.50407075531965,179.58262001627028
21,25,2025-03-01,131.81068221475326,153.0773577203223
21,25,2025-03-08,104.50364728138454,124.14594612878334
21,25,2025-03-15,79.49009667270744,96.23787021511671
21,25,2025-03-22,57.83094302289371,71.56406459201456
21,25,2025-03-29,39.74028053007499,50.40225214736403
21,25,2025-04-05,24.562081911177604,32.27412814503706
21,25,2025-04-12,14.83841186787614,18.78710791058456
21,25,2025-04-19,11.09310084192017,13.086357120102116
21,25,2025-04-26,9.076013280814358,10.250125948357214
21,50,2024-11-30,173.27837425217731,192.8029678820582
21,50,2024-12-07,180.3566775274485,199.10952591814427
21,50,2024-12-14,187.04600848804526,205.55835603020097
21,50,2024-12-21,196.28162474124264,211.7819045189408
21,50,2024-12-28,203.1037873703212,219.22791109862155
21,50,2025-01-04,200.21628189670398,224.69087353358952
21,50,2025-01-11,197.1253529928723,225.9076866202385
21,50,2025-01-18,207.62636628243433,233.35912615527653
21,50,2025-02-01,237.5827681514178,251.99877127047054
21,50,2025-02-08,236.93599948502464,249.9648674072487
21,50,2025-02-15,203.58384916083176,219.54233092650426
21,50,2025-02-22,161.9034435402948,179.58262001627028
21,50,2025-03-01,135.55456136849722,153.0773577203223
21,50,2025-03-08,108.66976295921778,124.14594612878334
21,50,2025-03-15,83.70831910223954,96.23787021511671
21,50,2025-03-22,61.209080545724355,71.56406459201456
21,50,2025-03-29,42.6246143076593,50.40225214736403
21,50,2025-04-05,26.938635606485576,32.27412814503706
21,50,2025-04-12,16.253526243258367,18.78710791058456
21,50,2025-04-19,12.064165817157715,13.086357120102116
21,50,2025-04-26,9.734220989261702,10.250125948357214
21,75,2024-11-30,184.1436228735049,192.8029678820582
21,75,2024-12-07,190.35208903091754,199.10952591814427
21,75,2024-12-14,197.3912424276183,205.55835603020097
21,75,2024-12-21,205.18280249741824,211.7819045189408
21,75,2024-12-28,214.1737254032636,219.22791109862155
21,75,2025-01-04,214.97170234007078,224.69087353358952
21,75,2025-01-11,212.64820130041383,225.9076866202385
21,75,2025-01-18,222.31704343908666,233.35912615527653
21,75,2025-02-01,245.6787537289087,251.99877127047054
21,75,2025-02-08,244.18559933463897,249.9648674072487
21,75,2025-02-15,211.19156269840587,219.54233092650426
21,75,2025-02-22,170.89944199315693,179.58262001627028
21,75,2025-03-01,144.68745328833558,153.0773577203223
21,75,2025-03-08,116.8196548603786,124.14594612878334
21,75,2025-03-15,90.3573694368028,96.23787021511671
21,75,2025-03-22,66.78040199648116,71.56406459201456
21,75,2025-03-29,46.80570661418228,50.40225214736403
21,75,2025-04-05,29.849141406193816,32.27412814503706
21,75,2025-04-12,17.588694531267027,18.78710791058456
21,75,2025-04-19,12.69882011514253,13.086357120102116
21,75,2025-04-26,10.13329297393194,10.250125948357214
04,5,2024-11-30,271.7776647571025,310.62768195681906
04,5,2024-12-07,271.339883542603,316.9523085981543
04,5,2024-12-14,269.8979133346054,318.84645324611694
04,5,2024-12-21,279.2166022964972,320.9227262216006
04,5,2024-12-28,347.00976900884524,308.2930949964167
04,5,2025-01-04,241.44966346977156,265.6648741754013
04,5,2025-01-11,185.76657482830888,195.23272554090815
04,5,2025-01-18,177.3428748082839,171.4427377314155
04,5,2025-02-01,142.20765629786283,146.76899066322736
04,5,2025-02-08,145.26926151968095,136.93359997210604
04,5,2025-02-15,134.1116544453926,123.44775125836259
04,5,2025-02-22,115.707877751851,111.54477313982596
04,5,2025-03-01,100.81530227239122,98.19925377382994
04,5,2025-03-08,80.11383486011171,78.55313018056216
04,5,2025-03-15,65.95150696058323,64.64492699080813
04,5,2025-03-22,55.281633590212685,53.88013503677174
04,5,2025-03-29,41.62183092355064,41.22526046095111
04,5,2025-04-05,30.546843421335268,30.591452407716854
04,5,2025-04-12,29.68341107100951,29.20225529936819
04,5,2025-04-19,31.084076976336064,30.363535369424856
04,5,2025-04-26,30.214319602678508,29.353584354053936
04,15,2024-11-30,275.2702650611618,310.62768195681906
04,15,2024-12-07,274.0863913633832,316.9523085981543
04,15,2024-12-14,272.5066056982522,318.84645324611694
04,15,2024-12-21,273.8209810076274,320.9227262216006
04,15,2024-12-28,311.74412568834566,308.2930949964167
04,15,2025-01-04,239.1990703078861,265.6648741754013
04,15,2025-01-11,186.60563855876015,195.23272554090815
04,15,2025-01-18,170.5542097412983,171.4427377314155
04,15,2025-02-01,139.14896363000915,146.76899066322736
04,15,2025-02-08,145.72674239158772,136.93359997210604
04,15,2025-02-15,134.38307230957602,123.44775125836259
04,15,2025-02-22,116.79346003907504,111.54477313982596
04,15,2025-03-01,102.4587734626734,98.19925377382994
04,15,2025-03-08,80.8452687662579,78.55313018056216
04,15,2025-03-15,65.88485580163606,64.64492699080813
04,15,2025-03-22,54.448839305924615,53.88013503677174
04,15,2025-03-29,40.66832178281572,41.22526046095111
04,15,2025-04-05,29.33585613613094,30.591452407716854
04,15,2025-04-12,28.42505644965874,29.20225529936819
04,15,2025-04-19,29.84814818015785,30.363535369424856
04,15,2025-04-26,29.113164354019716,29.353584354053936
04,25,2024-11-30,274.9798181685682,310.62768195681906
04,25,2024-12-07,275.5546525730767,316.9523085981543
04,25,2024-12-14,273.3203461287605,318.84645324611694
04,25,2024-12-21,273.4831706306437,320.9227262216006
04,25,2024-12-28,308.21086907132684,308.2930949964167
04,25,2025-01-04,238.8322722082796,265.6648741754013
04,25,2025-01-11,185.21886039889546,195.23272554090815
04,25,2025-01-18,170.06393391432968,171.4427377314155
04,25,2025-02-01,140.12937420915418,146.76899066322736
04,25,2025-02-08,144.17771669489568,136.93359997210604
04,25,2025-02-15,132.6187474316823,123.44775125836259
04,25,2025-02-22,117.73653118821818,111.54477313982596
04,25,2025-03-01,103.58530710031366,98.19925377382994
04,25,2025-03-08,82.71639170020397,78.55313018056216
04,25,2025-03-15,67.06913303207011,64.64492699080813
04,25,2025-03-22,55.13301571818579,53.88013503677174
04,25,2025-03-29,41.05479563168819,41.22526046095111
04,25,2025-04-05,29.2534726412066,30.591452407716854
04,25,2025-04-12,28.172257723172216,29.20225529936819
04,25,2025-04-19,29.74518257577154,30.363535369424856
04,25,2025-04-26,29.135398714223975,29.353584354053936
04,50,2024-11-30,285.4974215226416,310.62768195681906
04,50,2024-12-07,284.76338136171853,316.9523085981543
04,50,2024-12-14,281.40129060320663,318.84645324611694
04,50,2024-12-21,280.59075078208497,320.9227262216006
04,50,2024-12-28,300.7833259246501,308.2930949964167
04,50,2025-01-04,241.69567139189928,265.6648741754013
04,50,2025-01-11,184.1521283628556,195.23272554090815
04,50,2025-01-18,167.05601724374156,171.4427377314155
04,50,2025-02-01,143.1374756807061,146.76899066322736
04,50,2025-02-08,141.06295521457125,136.93359997210604
04,50,2025-02-15,130.72619952628494,123.44775125836259
04,50,2025-02-22,116.54055038324908,111.54477313982596
04,50,2025-03-01,102.06057457390591,98.19925377382994
04,50,2025-03-08,80.95791626356184,78.55313018056216
04,50,2025-03-15,65.98665986003797,64.64492699080813
04,50,2025-03-22,54.47228232488742,53.88013503677174
04,50,2025-03-29,40.6852596847279,41.22526046095111
04,50,2025-04-05,29.28047210567982,30.591452407716854
04,50,2025-04-12,28.17043906623819,29.20225529936819
04,50,2025-04-19,29.79769699665179,30.363535369424856
04,50,2025-04-26,29.063808679170997,29.353584354053936
04,75,2024-11-30,298.00544191638267,310.62768195681906
04,75,2024-12-07,301.02496675063725,316.9523085981543
04,75,2024-12-14,301.48218935633247,318.84645324611694
04,75,2024-12-21,303.67690057164407,320.9227262216006
04,75,2024-12-28,309.8832311436083,308.2930949964167
04,75,2025-01-04,255.98050499537774,265.6648741754013
04,75,2025-01-11,190.03284760561675,195.23272554090815
04,75,2025-01-18,169.82841892820107,171.4427377314155
04,75,2025-02-01,149.6722628208419,146.76899066322736
04,75,2025-02-08,139.00352523106088,136.93359997210604
04,75,2025-02-15,128.0857797052345,123.44775125836259
04,75,2025-02-22,115.67193880975897,111.54477313982596
04,75,2025-03-01,102.29040440251676,98.19925377382994
04,75,2025-03-08,81.98772186965272,78.55313018056216
04,75,2025-03-15,67.10429707438472,64.64492699080813
04,75,2025-03-22,55.43542673387163,53.88013503677174
04,75,2025-03-29,41.810558154292636,41.22526046095111
04,75,2025-04-05,30.330641952502503,30.591452407716854
04,75,2025-04-12,29.089669505439154,29.20225529936819
04,75,2025-04-19,30.720894194918028,30.363535369424856
04,75,2025-04-26,29.874801033054464,29.353584354053936
24,5,2024-11-30,129.7795566650382,172.14683303304318
24,5,2024-12-07,135.73242787599295,176.54223639938635
24,5,2024-12-14,143.27868912139533,180.88366561374374
24,5,2024-12-21,144.42793520619875,185.68192094214922
24,5,2024-12-28,149.99753500205938,191.38118768607913
24,5,2025-01-04,159.20318460893748,198.15467934366404
24,5,2025-01-11,147.5215741325872,203.12291973548358
24,5,2025-01-18,148.32267456949262,210.15444248125192
24,5,2025-02-01,162.9099342393101,216.2407374203417
24,5,2025-02-08,156.14112168021984,205.62152715856323
24,5,2025-02-15,126.55564849824253,173.09522324351485
24,5,2025-02-22,89.58555578455662,130.1721776894252
24,5,2025-03-01,68.12653334827809,100.04570336290138
24,5,2025-03-08,54.127105858854065,78.34451331435935
24,5,2025-03-15,45.51526127660655,64.65580299357197
24,5,2025-03-22,37.80866938560949,53.45544682015014
24,5,2025-03-29,32.7922766489601,45.32598256248818
24,5,2025-04-05,30.979551768058684,41.21259952459728
24,5,2025-04-12,24.649949917903754,33.28738299075263
24,5,2025-04-19,19.016342672282885,26.56181070302058
24,5,2025-04-26,17.029391487696877,23.514738692340643
24,15,2024-11-30,144.31944229472307,172.14683303304318
24,15,2024-12-07,154.06269850202037,176.54223639938635
24,15,2024-12-14,166.75900113477903,180.88366561374374
24,15,2024-12-21,170.32414180614757,185.68192094214922
24,15,2024-12-28,176.39750671384937,191.38118768607913
24,15,2025-01-04,182.05908687133837,198.15467934366404
24,15,2025-01-11,165.36690599757782,203.12291973548358
24,15,2025-01-18,167.5115060413688,210.15444248125192
24,15,2025-02-01,170.41183471831303,216.2407374203417
24,15,2025-02-08,158.3067581383971,205.62152715856323
24,15,2025-02-15,128.8692624590612,173.09522324351485
24,15,2025-02-22,95.18823232666283,130.1721776894252
24,15,2025-03-01,71.86032446951894,100.04570336290138
24,15,2025-03-08,57.049930543126166,78.34451331435935
24,15,2025-03-15,48.17657196782821,64.65580299357197
24,15,2025-03-22,40.217140969950364,53.45544682015014
24,15,2025-03-29,34.21929573331959,45.32598256248818
24,15,2025-04-05,32.03711913598266,41.21259952459728
24,15,2025-04-12,25.337084048505464,33.28738299075263
24,15,2025-04-19,19.722163400211794,26.56181070302058
24,15,2025-04-26,17.48596708368091,23.514738692340643
24,25,2024-11-30,149.19568586683346,172.14683303304318
24,25,2024-12-07,156.11788098810334,176.54223639938635
24,25,2024-12-14,163.4944979448165,180.88366561374374
24,25,2024-12-21,168.8642974798382,185.68192094214922
24,25,2024-12-28,176.40487667577037,191.38118768607913
24,25,2025-01-04,184.54012859024337,198.15467934366404
24,25,2025-01-11,175.88266921986855,203.12291973548358
24,25,2025-01-18,178.11361467410188,210.15444248125192
24,25,2025-02-01,181.22474919640013,216.2407374203417
24,25,2025-02-08,172.40075251574905,205.62152715856323
24,25,2025-02-15,143.20380017946596,173.09522324351485
24,25,2025-02-22,104.89926200379587,130.1721776894252
24,25,2025-03-01,80.30953841189418,100.04570336290138
24,25,2025-03-08,62.55619507181695,78.34451331435935
24,25,2025-03-15,51.343112731251445,64.65580299357197
24,25,2025-03-22,42.58616139834121,53.45544682015014
24,25,2025-03-29,36.00399821842671,45.32598256248818
24,25,2025-04-05,33.483832716671046,41.21259952459728
24,25,2025-04-12,26.563347570526798,33.28738299075263
24,25,2025-04-19,20.723311811240126,26.56181070302058
24,25,2025-04-26,18.28244796966865,23.514738692340643
24,50,2024-11-30,147.57470776552083,172.14683303304318
24,50,2024-12-07,152.45307408928065,176.54223639938635
24,50,2024-12-14,158.25279847806775,180.88366561374374
24,50,2024-12-21,164.21147167216176,185.68192094214922
24,50,2024-12-28,170.83243856060082,191.38118768607913
24,50,2025-01-04,177.89391129138207,198.15467934366404
24,50,2025-01-11,174.69150013758758,203.12291973548358
24,50,2025-01-18,179.06577406000727,210.15444248125192
24,50,2025-02-01,187.36544709108034,216.2407374203417
24,50,2025-02-08,179.05519283865638,205.62152715856323
24,50,2025-02-15,150.9355318446124,173.09522324351485
24,50,2025-02-22,112.82838348290429,130.1721776894252
24,50,2025-03-01,86.32179963894372,100.04570336290138
24,50,2025-03-08,67.70895868704392,78.34451331435935
24,50,2025-03-15,55.706793304260444,64.65580299357197
24,50,2025-03-22,45.88704169137892,53.45544682015014
24,50,2025-03-29,38.78894371654254,45.32598256248818
24,50,2025-04-05,35.65503450170651,41.21259952459728
24,50,2025-04-12,28.46040520797497,33.28738299075263
24,50,2025-04-19,22.30170674624107,26.56181070302058
24,50,2025-04-26,19.61236991527636,23.514738692340643
24,75,2024-11-30,157.4129070962043,172.14683303304318
24,75,2024-12-07,162.2733781105911,176.54223639938635
24,75,2024-12-14,167.51538517109626,180.88366561374374
24,75,2024-12-21,173.41218464410994,185.68192094214922
24,75,2024-12-28,179.69643464949837,191.38118768607913
24,75,2025-01-04,187.0748868448279,198.15467934366404
24,75,2025-01-11,189.26290553669824,203.12291973548358
24,75,2025-01-18,195.49675180178343,210.15444248125192
24,75,2025-02-01,201.02582432131302,216.2407374203417
24,75,2025-02-08,191.83307459806318,205.62152715856323
24,75,2025-02-15,161.7188422028617,173.09522324351485
24,75,2025-02-22,121.14714332082276,130.1721776894252
24,75,2025-03-01,93.09439167873693,100.04570336290138
24,75,2025-03-08,72.73865080366011,78.34451331435935
24,75,2025-03-15,59.98275769549925,64.65580299357197
24,75,2025-03-22,49.50004608431677,53.45544682015014
24,75,2025-03-29,41.935930994443986,45.32598256248818
24,75,2025-04-05,38.34296041170363,41.21259952459728
24,75,2025-04-12,30.919151161130806,33.28738299075263
24,75,2025-04-19,24.547706715149577,26.56181070302058
24,75,2025-04-26,21.65361345484331,23.514738692340643
23,5,2024-11-30,32.2272544505176,38.189439609635386
23,5,2024-12-07,34.40273970683265,39.23065894662349
23,5,2024-12-14,35.718668095487004,40.19491899191424
23,5,2024-12-21,39.654944995423236,40.96453141932401
23,5,2024-12-28,41.81270907231401,41.81136838880182
23,5,2025-01-04,41.413991388939586,43.074525169422095
23,5,2025-01-11,32.30710026245517,44.32996006277508
23,5,2025-01-18,32.72946279676929,45.78402665218054
23,5,2025-02-01,37.55948153934129,49.44097762913516
23,5,2025-02-08,38.50512134200521,50.39247749564822
23,5,2025-02-15,37.51175560004352,48.92841704415671
23,5,2025-02-22,31.477385431525555,43.23122371476015
23,5,2025-03-01,25.28348501839485,35.887022751866354
23,5,2025-03-08,21.426684606717274,29.881314937176594
23,5,2025-03-15,14.73467107831432,21.829998304962636
23,5,2025-03-22,12.126825812988171,18.180630227226892
23,5,2025-03-29,10.536789515082665,15.378165640332147
23,5,2025-04-05,9.333254279110392,13.339995833728906
23,5,2025-04-12,7.040511118149165,10.234763134931914
23,5,2025-04-19,4.47333565460005,7.171289601571952
23,5,2025-04-26,3.3660500847665213,5.5987599392139735
23,15,2024-11-30,31.642533652300266,38.189439609635386
23,15,2024-12-07,34.13138826909679,39.23065894662349
23,15,2024-12-14,35.39410287481293,40.19491899191424
23,15,2024-12-21,37.43586750318169,40.96453141932401
23,15,2024-12-28,39.62429586944033,41.81136838880182
23,15,2025-01-04,40.010906427861954,43.074525169422095
23,15,2025-01-11,36.47597006563039,44.32996006277508
23,15,2025-01-18,36.901688006956405,45.78402665218054
23,15,2025-02-01,41.42721059595629,49.44097762913516
23,15,2025-02-08,42.63139221394244,50.39247749564822
23,15,2025-02-15,42.579700748887696,48.92841704415671
23,15,2025-02-22,36.59456539557428,43.23122371476015
23,15,2025-03-01,29.90181163979538,35.887022751866354
23,15,2025-03-08,25.027728717167843,29.881314937176594
23,15,2025-03-15,17.737931507490156,21.829998304962636
23,15,2025-03-22,14.486222784575174,18.180630227226892
23,15,2025-03-29,12.257491587648369,15.378165640332147
23,15,2025-04-05,10.701168008984503,13.339995833728906
23,15,2025-04-12,7.970881490740935,10.234763134931914
23,15,2025-04-19,5.200472389378992,7.171289601571952
23,15,2025-04-26,3.8779818766674685,5.5987599392139735
23,25,2024-11-30,31.80367619198583,38.189439609635386
23,25,2024-12-07,33.58680244750391,39.23065894662349
23,25,2024-12-14,34.81116582203855,40.19491899191424
23,25,2024-12-21,36.016894733361895,40.96453141932401
23,25,2024-12-28,38.40361089844429,41.81136838880182
23,25,2025-01-04,40.572195512408555,43.074525169422095
23,25,2025-01-11,37.883566880732275,44.32996006277508
23,25,2025-01-18,37.973826222515804,45.78402665218054
23,25,2025-02-01,43.873023333857134,49.44097762913516
23,25,2025-02-08,45.702463327736645,50.39247749564822
23,25,2025-02-15,44.852513861151145,48.92841704415671
23,25,2025-02-22,38.77978582209526,43.23122371476015
23,25,2025-03-01,31.883416998251914,35.887022751866354
23,25,2025-03-08,26.572814992138138,29.881314937176594
23,25,2025-03-15,18.820897734604294,21.829998304962636
23,25,2025-03-22,15.44054454011569,18.180630227226892
23,25,2025-03-29,12.979579404511094,15.378165640332147
23,25,2025-04-05,11.29489395522722,13.339995833728906
23,25,2025-04-12,8.467236416854758,10.234763134931914
23,25,2025-04-19,5.579636183925957,7.171289601571952
23,25,2025-04-26,4.193611447621758,5.5987599392139735
23,50,2024-11-30,34.1381528738548,38.189439609635386
23,50,2024-12-07,35.412002683949595,39.23065894662349
23,50,2024-12-14,36.73867039030861,40.19491899191424
23,50,2024-12-21,37.981550451392806,40.96453141932401
23,50,2024-12-28,39.6871959952075,41.81136838880182
23,50,2025-01-04,41.46528812819322,43.074525169422095
23,50,2025-01-11,41.19831028019351,44.32996006277508
23,50,2025-01-18,41.614139671365436,45.78402665218054
23,50,2025-02-01,46.34280655166829,49.44097762913516
23,50,2025-02-08,47.98967946356454,50.39247749564822
23,50,2025-02-15,47.0843674472396,48.92841704415671
23,50,2025-02-22,41.4320931111073,43.23122371476015
23,50,2025-03-01,34.37733927267057,35.887022751866354
23,50,2025-03-08,28.806544483274124,29.881314937176594
23,50,2025-03-15,20.42512985339308,21.829998304962636
23,50,2025-03-22,16.79464540593722,18.180630227226892
23,50,2025-03-29,14.041250542457293,15.378165640332147
23,50,2025-04-05,12.204863122574476,13.339995833728906
23,50,2025-04-12,9.236418599998444,10.234763134931914
23,50,2025-04-19,6.2853424839473035,7.171289601571952
23,50,2025-04-26,4.8339199787254845,5.5987599392139735
23,75,2024-11-30,36.23310074088307,38.189439609635386
23,75,2024-12-07,37.41903975265038,39.23065894662349
23,75,2024-12-14,38.60676922974122,40.19491899191424
23,75,2024-12-21,39.63232822764211,40.96453141932401
23,75,2024-12-28,40.781435756041795,41.81136838880182
23,75,2025-01-04,42.232029433323746,43.074525169422095
23,75,2025-01-11,43.17678561162171,44.32996006277508
23,75,2025-01-18,44.28913085834133,45.78402665218054
23,75,2025-02-01,48.33798068791129,49.44097762913516
23,75,2025-02-08,49.56839214291128,50.39247749564822
23,75,2025-02-15,48.38866718897105,48.92841704415671
23,75,2025-02-22,42.44822645505951,43.23122371476015
23,75,2025-03-01,34.9867245136833,35.887022751866354
23,75,2025-03-08,29.142628853600286,29.881314937176594
23,75,2025-03-15,20.953037796265143,21.829998304962636
23,75,2025-03-22,17.373584579306044,18.180630227226892
23,75,2025-03-29,14.702939241470558,15.378165640332147
23,75,2025-04-05,12.811786047108999,13.339995833728906
23,75,2025-04-12,9.773618954915708,10.234763134931914
23,75,2025-04-19,6.765413514142613,7.171289601571952
23,75,2025-04-26,5.251555447387499,5.5987599392139735
38,5,2024-11-30,14.234567416281948,17.71141755850295
38,5,2024-12-07,14.805676243399319,18.060762552767343
38,5,2024-12-14,15.197686012946576,18.369465270435157
38,5,2024-12-21,18.778139682223888,18.688492019944917
38,5,2024-12-28,15.04795670113357,19.02494366519387
38,5,2025-01-04,14.702650444614294,19.644950888175273
38,5,2025-01-11,12.466773010725504,19.983238049695693
38,5,2025-01-18,13.922734131485075,20.6795378317037
38,5,2025-02-01,12.262726940857267,19.83259093621989
38,5,2025-02-08,10.664979655444586,17.69478045501392
38,5,2025-02-15,7.5633318076259926,13.61708109945238
38,5,2025-02-22,6.790840373255674,11.3855512602769
38,5,2025-03-01,6.3775007440418925,9.9863035586757
38,5,2025-03-08,6.45557322536103,9.118140578735636
38,5,2025-03-15,6.666009050385746,8.925353180819682
38,5,2025-03-22,5.981577921086889,7.926964657430021
38,5,2025-03-29,6.03635457972182,7.541820549349637
38,5,2025-04-05,5.164576140887267,6.491865458124229
38,5,2025-04-12,5.3918642842605,6.522425441761171
38,5,2025-04-19,5.817278617132277,6.759745921087618
38,5,2025-04-26,5.106489225417162,6.063364483727104
38,15,2024-11-30,14.016527899285045,17.71141755850295
38,15,2024-12-07,15.243742600228387,18.060762552767343
38,15,2024-12-14,16.02617515047035,18.369465270435157
38,15,2024-12-21,17.474621754406066,18.688492019944917
38,15,2024-12-28,16.980678738673753,19.02494366519387
38,15,2025-01-04,15.88320563595645,19.644950888175273
38,15,2025-01-11,14.122977317696794,19.983238049695693
38,15,2025-01-18,15.341281378042934,20.6795378317037
38,15,2025-02-01,13.952269966854917,19.83259093621989
38,15,2025-02-08,12.50047579278611,17.69478045501392
38,15,2025-02-15,8.94573290099038,13.61708109945238
38,15,2025-02-22,7.72186851948731,11.3855512602769
38,15,2025-03-01,7.1125245953244045,9.9863035586757
38,15,2025-03-08,6.872869510566364,9.118140578735636
38,15,2025-03-15,7.0558914269322734,8.925353180819682
38,15,2025-03-22,6.365762463879298,7.926964657430021
38,15,2025-03-29,6.186642153621786,7.541820549349637
38,15,2025-04-05,5.283618256437379,6.491865458124229
38,15,2025-04-12,5.499604740728391,6.522425441761171
38,15,2025-04-19,5.899318941509019,6.759745921087618
38,15,2025-04-26,5.241829275492469,6.063364483727104
38,25,2024-11-30,14.674573207432168,17.71141755850295
38,25,2024-12-07,15.41569624807073,18.060762552767343
38,25,2024-12-14,16.418322802734256,18.369465270435157
38,25,2024-12-21,17.03035561357595,18.688492019944917
38,25,2024-12-28,17.574046462976664,19.02494366519387
38,25,2025-01-04,17.070980826200984,19.644950888175273
38,25,2025-01-11,15.369325469415147,19.983238049695693
38,25,2025-01-18,16.18234880836289,20.6795378317037
38,25,2025-02-01,15.03475248411868,19.83259093621989
38,25,2025-02-08,13.246587394846815,17.69478045501392
38,25,2025-02-15,9.53206686759109,13.61708109945238
38,25,2025-02-22,7.9992635821702995,11.3855512602769
38,25,2025-03-01,7.177741532571521,9.9863035586757
38,25,2025-03-08,6.944586818417576,9.118140578735636
38,25,2025-03-15,7.094594419609317,8.925353180819682
38,25,2025-03-22,6.460337028173294,7.926964657430021
38,25,2025-03-29,6.336834710485644,7.541820549349637
38,25,2025-04-05,5.46312663145489,6.491865458124229
38,25,2025-04-12,5.691714329097037,6.522425441761171
38,25,2025-04-19,6.109554790097164,6.759745921087618
38,25,2025-04-26,5.5205798783904925,6.063364483727104
38,50,2024-11-30,15.206470564263435,17.71141755850295
38,50,2024-12-07,15.138056313429523,18.060762552767343
38,50,2024-12-14,15.466761239218576,18.369465270435157
38,50,2024-12-21,16.012209391233228,18.688492019944917
38,50,2024-12-28,16.775628710741817,19.02494366519387
38,50,2025-01-04,17.63571396735283,19.644950888175273
38,50,2025-01-11,17.36153542705983,19.983238049695693
38,50,2025-01-18,18.10572229276199,20.6795378317037
38,50,2025-02-01,17.084565851664408,19.83259093621989
38,50,2025-02-08,15.058412765207875,17.69478045501392
38,50,2025-02-15,10.8329162193438,13.61708109945238
38,50,2025-02-22,8.873999571443333,11.3855512602769
38,50,2025-03-01,7.820207829991199,9.9863035586757
38,50,2025-03-08,7.272479365118492,9.118140578735636
38,50,2025-03-15,7.260739315682949,8.925353180819682
38,50,2025-03-22,6.473083929876156,7.926964657430021
38,50,2025-03-29,6.2942629377898855,7.541820549349637
38,50,2025-04-05,5.462752170251697,6.491865458124229
38,50,2025-04-12,5.607595331897738,6.522425441761171
38,50,2025-04-19,5.955738606643711,6.759745921087618
38,50,2025-04-26,5.370623321933162,6.063364483727104
38,75,2024-11-30,16.25992903032298,17.71141755850295
38,75,2024-12-07,16.390750599918327,18.060762552767343
38,75,2024-12-14,16.826122385187954,18.369465270435157
38,75,2024-12-21,17.277419487474468,18.688492019944917
38,75,2024-12-28,17.758401974444077,19.02494366519387
38,75,2025-01-04,18.533068848847225,19.644950888175273
38,75,2025-01-11,18.736916290893845,19.983238049695693
38,75,2025-01-18,19.472992147779316,20.6795378317037
38,75,2025-02-01,18.366269393482376,19.83259093621989
38,75,2025-02-08,16.269738319643814,17.69478045501392
38,75,2025-02-15,12.19046402610293,13.61708109945238
38,75,2025-02-22,10.101972055613778,11.3855512602769
38,75,2025-03-01,8.88037070539781,9.9863035586757
38,75,2025-03-08,8.192810332598555,9.118140578735636
38,75,2025-03-15,8.091840457642014,8.925353180819682
38,75,2025-03-22,7.209031107776488,7.926964657430021
38,75,2025-03-29,6.934346404446392,7.541820549349637
38,75,2025-04-05,5.99063833882298,6.491865458124229
38,75,2025-04-12,6.091392381630751,6.522425441761171
38,75,2025-04-19,6.3841835853438615,6.759745921087618
38,75,2025-04-26,5.741720034119138,6.063364483727104
27,5,2024-11-30,148.59682851738174,157.82544239409106
27,5,2024-12-07,152.3510130413129,162.29599005524824
27,5,2024-12-14,156.296238230715,167.05514642737703
27,5,2024-12-21,160.913738408976,172.5708011140212
27,5,2024-12-28,166.6536784441944,179.26318884344394
27,5,2025-01-04,166.7472386030328,179.17496054711083
27,5,2025-01-11,149.4743164202859,160.06248820212596
27,5,2025-01-18,132.47443064798847,141.71700580088438
27,5,2025-02-01,89.43453176094413,94.64591150954845
27,5,2025-02-08,68.52759232665956,69.53825592639488
27,5,2025-02-15,54.212340192848366,51.829057350420904
27,5,2025-02-22,44.84564521737946,41.49330796247006
27,5,2025-03-01,37.261220760486665,33.893128521414184
27,5,2025-03-08,31.363720100439927,28.41516288554721
27,5,2025-03-15,27.09311659876137,24.96509882778843
27,5,2025-03-22,23.454551651412764,21.950436895125886
27,5,2025-03-29,17.077999433346218,15.374293791710821
27,5,2025-04-05,14.787207579138126,13.618207319103695
27,5,2025-04-12,13.354010762158254,12.644791231032867
27,5,2025-04-19,11.682578995220185,11.220711622459504
27,5,2025-04-26,10.65744364614808,10.485934080927404
27,15,2024-11-30,152.60769986188245,157.82544239409106
27,15,2024-12-07,156.57422907615899,162.29599005524824
27,15,2024-12-14,160.85364967187627,167.05514642737703
27,15,2024-12-21,165.8372374217549,172.5708011140212
27,15,2024-12-28,171.97581086554638,179.26318884344394
27,15,2025-01-04,172.21532989087262,179.17496054711083
27,15,2025-01-11,154.40674748383876,160.06248820212596
27,15,2025-01-18,136.96410014152426,141.71700580088438
27,15,2025-02-01,92.73478311681272,94.64591150954845
27,15,2025-02-08,70.58188808567232,69.53825592639488
27,15,2025-02-15,55.409926023092176,51.829057350420904
27,15,2025-02-22,45.57887368690082,41.49330796247006
27,15,2025-03-01,37.710657305353166,33.893128521414184
27,15,2025-03-08,31.68088113004255,28.41516288554721
27,15,2025-03-15,27.3546093996124,24.96509882778843
27,15,2025-03-22,23.642186203902433,21.950436895125886
27,15,2025-03-29,17.10932284359546,15.374293791710821
27,15,2025-04-05,14.923526337000624,13.618207319103695
27,15,2025-04-12,13.558761009283643,12.644791231032867
27,15,2025-04-19,11.882332280541172,11.220711622459504
27,15,2025-04-26,10.92157715821425,10.485934080927404
27,25,2024-11-30,162.00151573484624,157.82544239409106
27,25,2024-12-07,166.87075460574357,162.29599005524824
27,25,2024-12-14,172.1059799425508,167.05514642737703
27,25,2024-12-21,178.07839745621047,172.5708011140212
27,25,2024-12-28,185.0722625249229,179.26318884344394
27,25,2025-01-04,184.71168417908422,179.17496054711083
27,25,2025-01-11,165.3794747535607,160.06248820212596
27,25,2025-01-18,146.47687755239653,141.71700580088438
27,25,2025-02-01,97.663341108217,94.64591150954845
27,25,2025-02-08,72.25730014197815,69.53825592639488
27,25,2025-02-15,54.18313272054161,51.829057350420904
27,25,2025-02-22,43.45241948591959,41.49330796247006
27,25,2025-03-01,35.320696579333124,33.893128521414184
27,25,2025-03-08,29.55484448364701,28.41516288554721
27,25,2025-03-15,25.828623098095257,24.96509882778843
27,25,2025-03-22,22.57149518660906,21.950436895125886
27,25,2025-03-29,15.909515331441199,15.374293791710821
27,25,2025-04-05,14.02580032079565,13.618207319103695
27,25,2025-04-12,12.952290535765897,12.644791231032867
27,25,2025-04-19,11.429992533932284,11.220711622459504
27,25,2025-04-26,10.620829687055808,10.485934080927404
27,50,2024-11-30,159.2588450792458,157.82544239409106
27,50,2024-12-07,163.82925331956997,162.29599005524824
27,50,2024-12-14,168.74758559661362,167.05514642737703
27,50,2024-12-21,174.41663691194609,172.5708011140212
27,50,2024-12-28,181.22491388264697,179.26318884344394
27,50,2025-01-04,180.98146352704185,179.17496054711083
27,50,2025-01-11,161.89608143200581,160.06248820212596
27,50,2025-01-18,143.49132869248155,141.71700580088438
27,50,2025-02-01,96.18542079434887,94.64591150954845
27,50,2025-02-08,71.34296533405477,69.53825592639488
27,50,2025-02-15,53.784838378539604,51.829057350420904
27,50,2025-02-22,43.29151265439942,41.49330796247006
27,50,2025-03-01,35.33521793217036,33.893128521414184
27,50,2025-03-08,29.50604543766991,28.41516288554721
27,50,2025-03-15,25.737098747767966,24.96509882778843
27,50,2025-03-22,22.48311320054824,21.950436895125886
27,50,2025-03-29,15.839762090983582,15.374293791710821
27,50,2025-04-05,13.945700382325853,13.618207319103695
27,50,2025-04-12,12.873550353190478,12.644791231032867
27,50,2025-04-19,11.388189914048661,11.220711622459504
27,50,2025-04-26,10.603478787015487,10.485934080927404
27,75,2024-11-30,159.25846381657666,157.82544239409106
27,75,2024-12-07,163.83504145785707,162.29599005524824
27,75,2024-12-14,168.72967228463588,167.05514642737703
27,75,2024-12-21,174.38568804902957,172.5708011140212
27,75,2024-12-28,181.20065452302347,179.26318884344394
27,75,2025-01-04,181.01953801878892,179.17496054711083
27,75,2025-01-11,161.81135385704388,160.06248820212596
27,75,2025-01-18,143.30246200421374,141.71700580088438
27,75,2025-02-01,95.87748078664697,94.64591150954845
27,75,2025-02-08,70.63301605766695,69.53825592639488
27,75,2025-02-15,52.74938395749992,51.829057350420904
27,75,2025-02-22,42.21218755791472,41.49330796247006
27,75,2025-03-01,34.359031976131845,33.893128521414184
27,75,2025-03-08,28.70607008704852,28.41516288554721
27,75,2025-03-15,25.13257042260104,24.96509882778843
27,75,2025-03-22,22.048061331919573,21.950436895125886
27,75,2025-03-29,15.44439564678104,15.374293791710821
27,75,2025-04-05,13.667919660313606,13.618207319103695
27,75,2025-04-12,12.660545788868518,12.644791231032867
27,75,2025-04-19,11.231976869875817,11.220711622459504
27,75,2025-04-26,10.48030131725347,10.485934080927404
45,5,2024-11-30,188.37269638897183,176.7036846800066
45,5,2024-12-07,194.73011252801598,182.09149191732806
45,5,2024-12-14,181.77011213259226,187.51742208652868
45,5,2024-12-21,184.83119397768724,193.19208264997252
45,5,2024-12-28,164.18470861087263,199.66862366471568
45,5,2025-01-04,152.8843590904339,206.54419844965764
45,5,2025-01-11,150.09129540269373,209.07028723954193
45,5,2025-01-18,156.6674481884814,214.0723397840735
45,5,2025-02-01,154.65756382235924,200.55312417069155
45,5,2025-02-08,109.3782606235733,158.9963342752929
45,5,2025-02-15,72.93246302709589,111.14275987092283
45,5,2025-02-22,64.2455763332876,90.67995272062718
45,5,2025-03-01,62.121353724883214,78.96273795797892
45,5,2025-03-08,50.08614089746915,63.215234772828936
45,5,2025-03-15,33.87753158674197,43.67862070230639
45,5,2025-03-22,24.272505088537343,31.385538871654404
45,5,2025-03-29,18.357066764014796,22.65904683617363
45,5,2025-04-05,12.825789051250686,15.669862559465008
45,5,2025-04-12,9.761429700768403,11.91986935246387
45,5,2025-04-19,9.151668776926664,10.868318855621117
45,5,2025-04-26,8.522202609693887,9.900626727814936
45,15,2024-11-30,175.06149078780285,176.7036846800066
45,15,2024-12-07,178.0110859773646,182.09149191732806
45,15,2024-12-14,184.48013505501865,187.51742208652868
45,15,2024-12-21,186.39190766018368,193.19208264997252
45,15,2024-12-28,180.74279352683425,199.66862366471568
45,15,2025-01-04,174.86287932634244,206.54419844965764
45,15,2025-01-11,169.25586651965835,209.07028723954193
45,15,2025-01-18,169.8479405673736,214.0723397840735
45,15,2025-02-01,161.16544063928364,200.55312417069155
45,15,2025-02-08,121.8362578246712,158.9963342752929
45,15,2025-02-15,79.6458108032585,111.14275987092283
45,15,2025-02-22,67.15392517477062,90.67995272062718
45,15,2025-03-01,63.00951987526729,78.96273795797892
45,15,2025-03-08,52.373048715348204,63.215234772828936
45,15,2025-03-15,34.48374677696199,43.67862070230639
45,15,2025-03-22,24.56298573475655,31.385538871654404
45,15,2025-03-29,18.248905914918094,22.65904683617363
45,15,2025-04-05,12.863840687407935,15.669862559465008
45,15,2025-04-12,9.929964786339376,11.91986935246387
45,15,2025-04-19,9.238339555572933,10.868318855621117
45,15,2025-04-26,8.523913066818572,9.900626727814936
45,25,2024-11-30,164.69024904034887,176.7036846800066
45,25,2024-12-07,171.01461425098884,182.09149191732806
45,25,2024-12-14,177.55057650393388,187.51742208652868
45,25,2024-12-21,181.55806709685604,193.19208264997252
45,25,2024-12-28,179.64648594931813,199.66862366471568
45,25,2025-01-04,177.37047422259513,206.54419844965764
45,25,2025-01-11,174.01332786810082,209.07028723954193
45,25,2025-01-18,177.43713996928432,214.0723397840735
45,25,2025-02-01,162.79743007173278,200.55312417069155
45,25,2025-02-08,124.18760861860011,158.9963342752929
45,25,2025-02-15,83.50156393711562,111.14275987092283
45,25,2025-02-22,69.55056981033891,90.67995272062718
45,25,2025-03-01,64.47111197982656,78.96273795797892
45,25,2025-03-08,53.13473877016416,63.215234772828936
45,25,2025-03-15,35.681216058530126,43.67862070230639
45,25,2025-03-22,25.521164599684116,31.385538871654404
45,25,2025-03-29,18.75258806940244,22.65904683617363
45,25,2025-04-05,13.212351663387784,15.669862559465008
45,25,2025-04-12,10.180341092207671,11.91986935246387
45,25,2025-04-19,9.405127092349538,10.868318855621117
45,25,2025-04-26,8.625148117625706,9.900626727814936
45,50,2024-11-30,163.62774458547634,176.7036846800066
45,50,2024-12-07,169.72993070253935,182.09149191732806
45,50,2024-12-14,177.38531404070227,187.51742208652868
45,50,2024-12-21,184.78465135994193,193.19208264997252
45,50,2024-12-28,187.2920024463222,199.66862366471568
45,50,2025-01-04,188.13033425677185,206.54419844965764
45,50,2025-01-11,185.27779801434906,209.07028723954193
45,50,2025-01-18,189.4203549012798,214.0723397840735
45,50,2025-02-01,172.42567488344642,200.55312417069155
45,50,2025-02-08,130.8689229672855,158.9963342752929
45,50,2025-02-15,87.88543599735391,111.14275987092283
45,50,2025-02-22,73.1716960617333,90.67995272062718
45,50,2025-03-01,66.03123070478432,78.96273795797892
45,50,2025-03-08,54.092141798679656,63.215234772828936
45,50,2025-03-15,37.00508997153378,43.67862070230639
45,50,2025-03-22,26.60926699099466,31.385538871654404
45,50,2025-03-29,19.539874120631072,22.65904683617363
45,50,2025-04-05,13.84111177051561,15.669862559465008
45,50,2025-04-12,10.698357196800357,11.91986935246387
45,50,2025-04-19,9.82948677957982,10.868318855621117
45,50,2025-04-26,8.975398566478761,9.900626727814936
45,75,2024-11-30,170.33828379392764,176.7036846800066
45,75,2024-12-07,177.3059403466704,182.09149191732806
45,75,2024-12-14,183.67612722181775,187.51742208652868
45,75,2024-12-21,191.2430481313746,193.19208264997252
45,75,2024-12-28,197.7221996890366,199.66862366471568
45,75,2025-01-04,202.59334704150442,206.54419844965764
45,75,2025-01-11,201.53153307986645,209.07028723954193
45,75,2025-01-18,206.62734681399388,214.0723397840735
45,75,2025-02-01,192.8182543058565,200.55312417069155
45,75,2025-02-08,149.24497069071177,158.9963342752929
45,75,2025-02-15,102.19766833294237,111.14275987092283
45,75,2025-02-22,83.79690208744843,90.67995272062718
45,75,2025-03-01,74.1454458404343,78.96273795797892
45,75,2025-03-08,59.70933334989417,63.215234772828936
45,75,2025-03-15,40.94797960906038,43.67862070230639
45,75,2025-03-22,29.386796607725238,31.385538871654404
45,75,2025-03-29,21.384713666530853,22.65904683617363
45,75,2025-04-05,14.977033294725569,15.669862559465008
45,75,2025-04-12,11.523787725902928,11.91986935246387
45,75,2025-04-19,10.566623330239208,10.868318855621117
45,75,2025-04-26,9.636205661754829,9.900626727814936
15,5,2024-11-30,22.68610877485954,24.241513673428294
15,5,2024-12-07,21.939713267131282,24.517986281946456
15,5,2024-12-14,21.662224913837253,24.745033178773415
15,5,2024-12-21,22.194599471969774,25.01002168154321
15,5,2024-12-28,20.790111508204795,25.335059652798055
15,5,2025-01-04,20.82098752249708,25.79674986691777
15,5,2025-01-11,19.26458226973642,24.949179024689588
15,5,2025-01-18,18.47754391768781,24.12567774579481
15,5,2025-02-01,17.66272097558155,23.313623265471595
15,5,2025-02-08,17.290196779029365,23.265497744255484
15,5,2025-02-15,16.673095993236544,22.413887264752415
15,5,2025-02-22,16.334402634681478,21.493133186233845
15,5,2025-03-01,15.265749478143835,19.771747468012933
15,5,2025-03-08,15.000111034894408,18.74128627207527
15,5,2025-03-15,14.2033681168351,17.477640430746117
15,5,2025-03-22,13.548111444475913,16.23271439441732
15,5,2025-03-29,13.8633716296863,15.767886932028448
15,5,2025-04-05,14.797027625179197,16.21959614826016
15,5,2025-04-12,13.860650708633807,15.013950386156065
15,5,2025-04-19,15.799151923589315,16.315304287716486
15,5,2025-04-26,18.6204983062986,18.408132544692172
15,15,2024-11-30,21.25688871955753,24.241513673428294
15,15,2024-12-07,22.123504515784767,24.517986281946456
15,15,2024-12-14,22.49281383512636,24.745033178773415
15,15,2024-12-21,22.149429871833593,25.01002168154321
15,15,2024-12-28,21.779673253347188,25.335059652798055
15,15,2025-01-04,21.37439791218979,25.79674986691777
15,15,2025-01-11,19.90097325837037,24.949179024689588
15,15,2025-01-18,18.88080535557051,24.12567774579481
15,15,2025-02-01,18.308269375492717,23.313623265471595
15,15,2025-02-08,18.036683459311952,23.265497744255484
15,15,2025-02-15,17.646101625167862,22.413887264752415
15,15,2025-02-22,17.37759926229993,21.493133186233845
15,15,2025-03-01,16.264345379128375,19.771747468012933
15,15,2025-03-08,15.820186492060202,18.74128627207527
15,15,2025-03-15,14.91570054100077,17.477640430746117
15,15,2025-03-22,14.15598022326566,16.23271439441732
15,15,2025-03-29,14.305919052783494,15.767886932028448
15,15,2025-04-05,15.134832279120488,16.21959614826016
15,15,2025-04-12,14.062959922872384,15.013950386156065
15,15,2025-04-19,15.876202823897827,16.315304287716486
15,15,2025-04-26,18.59681935830428,18.408132544692172
15,25,2024-11-30,21.148098168355762,24.241513673428294
15,25,2024-12-07,21.807795523962646,24.517986281946456
15,25,2024-12-14,22.327535750188026,24.745033178773415
15,25,2024-12-21,22.1538768383989,25.01002168154321
15,25,2024-12-28,21.889887364317577,25.335059652798055
15,25,2025-01-04,21.874638835821834,25.79674986691777
15,25,2025-01-11,20.666369138247177,24.949179024689588
15,25,2025-01-18,19.478413505112876,24.12567774579481
15,25,2025-02-01,18.443926847551023,23.313623265471595
15,25,2025-02-08,18.45399361063875,23.265497744255484
15,25,2025-02-15,18.113320571574636,22.413887264752415
15,25,2025-02-22,17.95354614329298,21.493133186233845
15,25,2025-03-01,16.991425554083147,19.771747468012933
15,25,2025-03-08,16.4902173341385,18.74128627207527
15,25,2025-03-15,15.430112892579178,17.477640430746117
15,25,2025-03-22,14.578826913270644,16.23271439441732
15,25,2025-03-29,14.540480140465666,15.767886932028448
15,25,2025-04-05,15.253767028652248,16.21959614826016
15,25,2025-04-12,14.195778537134949,15.013950386156065
15,25,2025-04-19,15.985726451993363,16.315304287716486
15,25,2025-04-26,18.59272434467359,18.408132544692172
15,50,2024-11-30,21.66129635161695,24.241513673428294
15,50,2024-12-07,22.255833314257053,24.517986281946456
15,50,2024-12-14,22.904897652998052,24.745033178773415
15,50,2024-12-21,23.201851022652633,25.01002168154321
15,50,2024-12-28,23.559529246539462,25.335059652798055
15,50,2025-01-04,23.89633884988319,25.79674986691777
15,50,2025-01-11,22.632432346670583,24.949179024689588
15,50,2025-01-18,21.504863595117662,24.12567774579481
15,50,2025-02-01,20.39820225416091,23.313623265471595
15,50,2025-02-08,20.44859406196495,23.265497744255484
15,50,2025-02-15,19.909243593274173,22.413887264752415
15,50,2025-02-22,19.293415288392968,21.493133186233845
15,50,2025-03-01,17.969816889153655,19.771747468012933
15,50,2025-03-08,17.29218416908414,18.74128627207527
15,50,2025-03-15,16.171702504231025,17.477640430746117
15,50,2025-03-22,15.174122800208016,16.23271439441732
15,50,2025-03-29,14.9701512852931,15.767886932028448
15,50,2025-04-05,15.596120942260516,16.21959614826016
15,50,2025-04-12,14.50722672449504,15.013950386156065
15,50,2025-04-19,16.161465155712296,16.315304287716486
15,50,2025-04-26,18.67395295762806,18.408132544692172
15,75,2024-11-30,22.379012927026707,24.241513673428294
15,75,2024-12-07,22.891469620136014,24.517986281946456
15,75,2024-12-14,23.322504171944132,24.745033178773415
15,75,2024-12-21,23.876215523075086,25.01002168154321
15,75,2024-12-28,24.331848721142634,25.335059652798055
15,75,2025-01-04,24.770058956171198,25.79674986691777
15,75,2025-01-11,23.75172438884647,24.949179024689588
15,75,2025-01-18,22.852021652106448,24.12567774579481
15,75,2025-02-01,21.617239287446658,23.313623265471595
15,75,2025-02-08,21.553120037955402,23.265497744255484
15,75,2025-02-15,20.838356481849495,22.413887264752415
15,75,2025-02-22,20.138470040806183,21.493133186233845
15,75,2025-03-01,18.591973220748788,19.771747468012933
15,75,2025-03-08,17.635334484216212,18.74128627207527
15,75,2025-03-15,16.44368096752593,17.477640430746117
15,75,2025-03-22,15.34851592710605,16.23271439441732
15,75,2025-03-29,15.013795768121183,15.767886932028448
15,75,2025-04-05,15.568791328608928,16.21959614826016
15,75,2025-04-12,14.476394716789443,15.013950386156065
15,75,2025-04-19,15.891749147505903,16.315304287716486
15,75,2025-04-26,18.112198196975,18.408132544692172
25,5,2024-11-30,270.4575073769798,292.18764930912226
25,5,2024-12-07,275.4551697942935,298.97795654582586
25,5,2024-12-14,279.85103206746,305.82673647500843
25,5,2024-12-21,284.60747866026446,313.4429461788363
25,5,2024-12-28,289.9852885759863,321.44911962088065
25,5,2025-01-04,299.6640047376871,333.4459360860769
25,5,2025-01-11,307.39188714088107,345.3500053983735
25,5,2025-01-18,314.2673611897879,356.1704735520254
25,5,2025-02-01,311.0450232094908,356.58502389806534
25,5,2025-02-08,291.3271766861281,333.61344293859304
25,5,2025-02-15,251.49351740529588,286.9394392199527
25,5,2025-02-22,210.40793297009802,237.76076315594472
25,5,2025-03-01,166.29860188679214,183.8734852095426
25,5,2025-03-08,122.09102266250966,131.2538756030416
25,5,2025-03-15,86.95177764222842,91.06832698461295
25,5,2025-03-22,69.4185417429333,71.33057344206603
25,5,2025-03-29,55.2612019614751,56.347546524712136
25,5,2025-04-05,45.19108804368561,45.215898632036094
25,5,2025-04-12,40.71472765757557,40.21149707080911
25,5,2025-04-19,35.905058914560094,34.857724048900565
25,5,2025-04-26,33.09180754011686,32.0756707662688
25,15,2024-11-30,268.8292870921491,292.18764930912226
25,15,2024-12-07,274.4225009112536,298.97795654582586
25,15,2024-12-14,279.4874713642016,305.82673647500843
25,15,2024-12-21,285.1160813785911,313.4429461788363
25,15,2024-12-28,290.9055263130957,321.44911962088065
25,15,2025-01-04,300.6348258706423,333.4459360860769
25,15,2025-01-11,308.34987633908486,345.3500053983735
25,15,2025-01-18,315.1711647689538,356.1704735520254
25,15,2025-02-01,311.83323688377465,356.58502389806534
25,15,2025-02-08,292.6689369012826,333.61344293859304
25,15,2025-02-15,253.2948282903718,286.9394392199527
25,15,2025-02-22,212.01926785398862,237.76076315594472
25,15,2025-03-01,167.18260710387798,183.8734852095426
25,15,2025-03-08,122.15964566399,131.2538756030416
25,15,2025-03-15,86.24280153604192,91.06832698461295
25,15,2025-03-22,68.27555974196981,71.33057344206603
25,15,2025-03-29,54.10273505272328,56.347546524712136
25,15,2025-04-05,44.11690603834544,45.215898632036094
25,15,2025-04-12,39.63649509498701,40.21149707080911
25,15,2025-04-19,34.836167242990236,34.857724048900565
25,15,2025-04-26,32.14692338524869,32.0756707662688
25,25,2024-11-30,284.1755349683367,292.18764930912226
25,25,2024-12-07,291.30408154280536,298.97795654582586
25,25,2024-12-14,298.50765623352606,305.82673647500843
25,25,2024-12-21,306.4885154918014,313.4429461788363
25,25,2024-12-28,314.9407314754044,321.44911962088065
25,25,2025-01-04,327.2080605768725,333.4459360860769
25,25,2025-01-11,337.1647325973966,345.3500053983735
25,25,2025-01-18,345.6733863571246,356.1704735520254
25,25,2025-02-01,343.0741751657727,356.58502389806534
25,25,2025-02-08,321.3282590249838,333.61344293859304
25,25,2025-02-15,277.26965833968876,286.9394392199527
25,25,2025-02-22,229.66275374967216,237.76076315594472
25,25,2025-03-01,178.42234401654133,183.8734852095426
25,25,2025-03-08,127.84175036703846,131.2538756030416
25,25,2025-03-15,88.82442725122286,91.06832698461295
25,25,2025-03-22,69.24698814726575,71.33057344206603
25,25,2025-03-29,54.441713716062196,56.347546524712136
25,25,2025-04-05,43.73387911365946,45.215898632036094
25,25,2025-04-12,38.92558275111476,40.21149707080911
25,25,2025-04-19,34.00718646135999,34.857724048900565
25,25,2025-04-26,31.39694400779378,32.0756707662688
25,50,2024-11-30,284.02310117049154,292.18764930912226
25,50,2024-12-07,290.81671716257216,298.97795654582586
25,50,2024-12-14,297.5227618987966,305.82673647500843
25,50,2024-12-21,304.8799473218007,313.4429461788363
25,50,2024-12-28,312.72053120940694,321.44911962088065
25,50,2025-01-04,324.46091504977375,333.4459360860769
25,50,2025-01-11,334.68000097967564,345.3500053983735
25,50,2025-01-18,343.4777824187335,356.1704735520254
25,50,2025-02-01,341.6772545286131,356.58502389806534
25,50,2025-02-08,320.0312320090175,333.61344293859304
25,50,2025-02-15,276.3117903402308,286.9394392199527
25,50,2025-02-22,229.58283013533008,237.76076315594472
25,50,2025-03-01,178.73837443852787,183.8734852095426
25,50,2025-03-08,128.16359825819833,131.2538756030416
25,50,2025-03-15,89.1949309777331,91.06832698461295
25,50,2025-03-22,69.8649255231461,71.33057344206603
25,50,2025-03-29,55.11501365394218,56.347546524712136
25,50,2025-04-05,44.34077516276785,45.215898632036094
25,50,2025-04-12,39.53321196447957,40.21149707080911
25,50,2025-04-19,34.51986583382064,34.857724048900565
25,50,2025-04-26,31.858840137296,32.0756707662688
25,75,2024-11-30,289.62836549709175,292.18764930912226
25,75,2024-12-07,296.50826956504244,298.97795654582586
25,75,2024-12-14,303.4453020217693,305.82673647500843
25,75,2024-12-21,311.2005559734955,313.4429461788363
25,75,2024-12-28,319.50378571713634,321.44911962088065
25,75,2025-01-04,331.6761769850589,333.4459360860769
25,75,2025-01-11,342.9074078239087,345.3500053983735
25,75,2025-01-18,352.8671017581654,356.1704735520254
25,75,2025-02-01,352.1723861984837,356.58502389806534
25,75,2025-02-08,329.4883870383815,333.61344293859304
25,75,2025-02-15,284.20996304689896,286.9394392199527
25,75,2025-02-22,235.58815973043457,237.76076315594472
25,75,2025-03-01,182.59342150775382,183.8734852095426
25,75,2025-03-08,130.4377170459039,131.2538756030416
25,75,2025-03-15,90.68536869513831,91.06832698461295
25,75,2025-03-22,70.9088603740058,71.33057344206603
25,75,2025-03-29,55.92098601790505,56.347546524712136
25,75,2025-04-05,44.811392479887424,45.215898632036094
25,75,2025-04-12,39.89852791449951,40.21149707080911
25,75,2025-04-19,34.64135858659734,34.857724048900565
25,75,2025-04-26,31.895255067352053,32.0756707662688
32,5,2024-11-30,34.4937801587832,44.45142565445078
32,5,2024-12-07,32.305121032944825,45.31405596984819
32,5,2024-12-14,32.35974515731379,45.887807107286854
32,5,2024-12-21,36.79451379497585,46.12744698331021
32,5,2024-12-28,33.55999547945665,45.842520103954634
32,5,2025-01-04,32.25816142957945,44.545596644508585
32,5,2025-01-11,27.121768719640794,38.23217911058943
32,5,2025-01-18,26.580963271695328,35.51039567266834
32,5,2025-02-01,29.258221253617084,33.098586057913074
32,5,2025-02-08,28.730364102131883,31.454192494308067
32,5,2025-02-15,24.08559115182624,26.55940818199511
32,5,2025-02-22,22.115764902003264,24.330990106881334
32,5,2025-03-01,21.421161397683147,22.769361929693765
32,5,2025-03-08,20.99490369274487,21.685414809220262
32,5,2025-03-15,21.349929121544022,21.17456946270395
32,5,2025-03-22,19.92890149254549,19.515070129516403
32,5,2025-03-29,17.4646592010401,17.281322510090167
32,5,2025-04-05,14.951087250092897,14.79736848400126
32,5,2025-04-12,14.921922954651297,14.832927459022399
32,5,2025-04-19,13.193956698071986,13.049419491973806
32,5,2025-04-26,10.335276280478732,10.224396034537344
32,15,2024-11-30,35.74110667440416,44.45142565445078
32,15,2024-12-07,34.96800595677639,45.31405596984819
32,15,2024-12-14,34.940879708573235,45.887807107286854
32,15,2024-12-21,36.41167143826482,46.12744698331021
32,15,2024-12-28,36.10630661479159,45.842520103954634
32,15,2025-01-04,35.26698581799054,44.545596644508585
32,15,2025-01-11,29.88362409918794,38.23217911058943
32,15,2025-01-18,28.832714104387698,35.51039567266834
32,15,2025-02-01,30.074377733105102,33.098586057913074
32,15,2025-02-08,29.37507301533453,31.454192494308067
32,15,2025-02-15,25.013862251087,26.55940818199511
32,15,2025-02-22,24.017574890491463,24.330990106881334
32,15,2025-03-01,23.364616837839982,22.769361929693765
32,15,2025-03-08,23.134119062728175,21.685414809220262
32,15,2025-03-15,23.439805605045294,21.17456946270395
32,15,2025-03-22,21.824835340256914,19.515070129516403
32,15,2025-03-29,19.209134444810545,17.281322510090167
32,15,2025-04-05,16.439162532330162,14.79736848400126
32,15,2025-04-12,16.63167235047937,14.832927459022399
32,15,2025-04-19,14.58199863955911,13.049419491973806
32,15,2025-04-26,11.185327115982172,10.224396034537344
32,25,2024-11-30,35.68272686905158,44.45142565445078
32,25,2024-12-07,35.83318734560336,45.31405596984819
32,25,2024-12-14,35.778488003993566,45.887807107286854
32,25,2024-12-21,36.7706221509991,46.12744698331021
32,25,2024-12-28,36.31952130250656,45.842520103954634
32,25,2025-01-04,35.99464581713061,44.545596644508585
32,25,2025-01-11,31.05137339812821,38.23217911058943
32,25,2025-01-18,29.66340195670045,35.51039567266834
32,25,2025-02-01,30.001497721000707,33.098586057913074
32,25,2025-02-08,29.488576444201314,31.454192494308067
32,25,2025-02-15,25.124748396381587,26.55940818199511
32,25,2025-02-22,24.070502605894124,24.330990106881334
32,25,2025-03-01,23.53497338224686,22.769361929693765
32,25,2025-03-08,23.63704703852745,21.685414809220262
32,25,2025-03-15,24.159904824594026,21.17456946270395
32,25,2025-03-22,22.304985586246946,19.515070129516403
32,25,2025-03-29,19.631704784994657,17.281322510090167
32,25,2025-04-05,16.82042995256853,14.79736848400126
32,25,2025-04-12,16.845220356081708,14.832927459022399
32,25,2025-04-19,14.682188893568126,13.049419491973806
32,25,2025-04-26,11.278648183096749,10.224396034537344
32,50,2024-11-30,38.39466136421625,44.45142565445078
32,50,2024-12-07,38.929404471307606,45.31405596984819
32,50,2024-12-14,39.32487303096341,45.887807107286854
32,50,2024-12-21,39.71359231568112,46.12744698331021
32,50,2024-12-28,38.49029664045932,45.842520103954634
32,50,2025-01-04,37.07079344582692,44.545596644508585
32,50,2025-01-11,31.289857260795223,38.23217911058943
32,50,2025-01-18,29.864023292912517,35.51039567266834
32,50,2025-02-01,29.40407944286691,33.098586057913074
32,50,2025-02-08,28.142010167768678,31.454192494308067
32,50,2025-02-15,24.01091425093927,26.55940818199511
32,50,2025-02-22,22.640410177831313,24.330990106881334
32,50,2025-03-01,21.90159418280483,22.769361929693765
32,50,2025-03-08,21.700966765612982,21.685414809220262
32,50,2025-03-15,22.186144210812657,21.17456946270395
32,50,2025-03-22,20.635500557542546,19.515070129516403
32,50,2025-03-29,18.49607034820613,17.281322510090167
32,50,2025-04-05,15.897258178596298,14.79736848400126
32,50,2025-04-12,16.151116596455864,14.832927459022399
32,50,2025-04-19,14.164376641581216,13.049419491973806
32,50,2025-04-26,10.939778976184439,10.224396034537344
32,75,2024-11-30,40.68677728371817,44.45142565445078
32,75,2024-12-07,41.38166343223719,45.31405596984819
32,75,2024-12-14,42.05739715733664,45.887807107286854
32,75,2024-12-21,42.60677171805154,46.12744698331021
32,75,2024-12-28,42.04850841857397,45.842520103954634
32,75,2025-01-04,40.395335781795296,44.545596644508585
32,75,2025-01-11,33.89714960737074,38.23217911058943
32,75,2025-01-18,31.59702704497733,35.51039567266834
32,75,2025-02-01,30.34004167701903,33.098586057913074
32,75,2025-02-08,28.98666172116617,31.454192494308067
32,75,2025-02-15,24.422101220516456,26.55940818199511
32,75,2025-02-22,22.494167724844406,24.330990106881334
32,75,2025-03-01,21.446286622274737,22.769361929693765
32,75,2025-03-08,20.95932794709608,21.685414809220262
32,75,2025-03-15,21.08082758252727,21.17456946270395
32,75,2025-03-22,19.636471815587917,19.515070129516403
32,75,2025-03-29,17.583212193391642,17.281322510090167
32,75,2025-04-05,15.17023524669255,14.79736848400126
32,75,2025-04-12,15.372970461492828,14.832927459022399
32,75,2025-04-19,13.590999952085047,13.049419491973806
32,75,2025-04-26,10.546171425403498,10.224396034537344
55,5,2024-11-30,162.40857027938276,165.58151259105944
55,5,2024-12-07,187.23565934317506,170.39983969962142
55,5,2024-12-14,184.1044285209495,175.16298634169704
55,5,2024-12-21,172.10121651981441,180.15585638614294
55,5,2024-12-28,167.99425687691124,185.48780600009096
55,5,2025-01-04,157.47592576195967,192.25735634694794
55,5,2025-01-11,155.22651493775882,198.54924688385012
55,5,2025-01-18,163.0678809958896,205.33660747329225
55,5,2025-02-01,157.26873901170623,201.22453837810914
55,5,2025-02-08,136.62098856689963,182.23228832915314
55,5,2025-02-15,112.42028067129212,152.62321958238854
55,5,2025-02-22,90.13567654988081,120.70813096523844
55,5,2025-03-01,67.54761053606379,91.45584558380203
55,5,2025-03-08,42.61569107544728,59.3675429953813
55,5,2025-03-15,28.409286054241875,40.16682724980984
55,5,2025-03-22,19.384759197850762,27.854058671376954
55,5,2025-03-29,15.030850603406455,21.61024432374087
55,5,2025-04-05,11.533850665823254,16.29801118571472
55,5,2025-04-12,10.542648144094574,14.281794856634862
55,5,2025-04-19,9.221028806208786,11.529450407526483
55,5,2025-04-26,9.079891941317353,10.937447606411517
55,15,2024-11-30,163.68081282717264,165.58151259105944
55,15,2024-12-07,170.64407997494698,170.39983969962142
55,15,2024-12-14,173.65005171366258,175.16298634169704
55,15,2024-12-21,174.9746658299768,180.15585638614294
55,15,2024-12-28,175.09122143909653,185.48780600009096
55,15,2025-01-04,168.7738207310946,192.25735634694794
55,15,2025-01-11,165.18153254533334,198.54924688385012
55,15,2025-01-18,172.63492624613042,205.33660747329225
55,15,2025-02-01,167.22404909612746,201.22453837810914
55,15,2025-02-08,148.11172364420344,182.23228832915314
55,15,2025-02-15,121.099647031622,152.62321958238854
55,15,2025-02-22,94.49257064041058,120.70813096523844
55,15,2025-03-01,72.04405110026535,91.45584558380203
55,15,2025-03-08,46.22599977944327,59.3675429953813
55,15,2025-03-15,30.676260652728562,40.16682724980984
55,15,2025-03-22,20.78562876160864,27.854058671376954
55,15,2025-03-29,15.800635925797785,21.61024432374087
55,15,2025-04-05,11.721005574191972,16.29801118571472
55,15,2025-04-12,10.60795550810806,14.281794856634862
55,15,2025-04-19,9.01593919051957,11.529450407526483
55,15,2025-04-26,8.82287392074279,10.937447606411517
55,25,2024-11-30,158.76118011204423,165.58151259105944
55,25,2024-12-07,164.8943158651098,170.39983969962142
55,25,2024-12-14,170.58551883818237,175.16298634169704
55,25,2024-12-21,174.72775653480647,180.15585638614294
55,25,2024-12-28,177.94998512018242,185.48780600009096
55,25,2025-01-04,171.78065224138402,192.25735634694794
55,25,2025-01-11,169.1272875538335,198.54924688385012
55,25,2025-01-18,174.18059519256695,205.33660747329225
55,25,2025-02-01,169.7723747682321,201.22453837810914
55,25,2025-02-08,152.26407677436043,182.23228832915314
55,25,2025-02-15,125.86113406460247,152.62321958238854
55,25,2025-02-22,98.83369963210211,120.70813096523844
55,25,2025-03-01,75.33270977328388,91.45584558380203
55,25,2025-03-08,48.38017538023034,59.3675429953813
55,25,2025-03-15,32.152376645549495,40.16682724980984
55,25,2025-03-22,21.64186149155317,27.854058671376954
55,25,2025-03-29,16.59414566158325,21.61024432374087
55,25,2025-04-05,12.200795546566528,16.29801118571472
55,25,2025-04-12,10.870551706401596,14.281794856634862
55,25,2025-04-19,9.11205196382266,11.529450407526483
55,25,2025-04-26,8.877412629587628,10.937447606411517
55,50,2024-11-30,155.3729257328632,165.58151259105944
55,50,2024-12-07,160.11413577903684,170.39983969962142
55,50,2024-12-14,165.00324326301984,175.16298634169704
55,50,2024-12-21,169.8194004509736,180.15585638614294
55,50,2024-12-28,175.7433502150356,185.48780600009096
55,50,2025-01-04,177.17389809819724,192.25735634694794
55,50,2025-01-11,177.99568923114663,198.54924688385012
55,50,2025-01-18,183.59030182196264,205.33660747329225
55,50,2025-02-01,181.87572445306412,201.22453837810914
55,50,2025-02-08,162.24265539075836,182.23228832915314
55,50,2025-02-15,133.91648293504483,152.62321958238854
55,50,2025-02-22,105.2613171719869,120.70813096523844
55,50,2025-03-01,79.81280050280014,91.45584558380203
55,50,2025-03-08,51.17174979542027,59.3675429953813
55,50,2025-03-15,33.94926463747309,40.16682724980984
55,50,2025-03-22,22.855438801054703,27.854058671376954
55,50,2025-03-29,17.470623852170164,21.61024432374087
55,50,2025-04-05,12.81889419227476,16.29801118571472
55,50,2025-04-12,11.251043460894735,14.281794856634862
55,50,2025-04-19,9.122611636259828,11.529450407526483
55,50,2025-04-26,8.752007602370693,10.937447606411517
55,75,2024-11-30,157.3886629860624,165.58151259105944
55,75,2024-12-07,161.48014362658063,170.39983969962142
55,75,2024-12-14,166.9355738193598,175.16298634169704
55,75,2024-12-21,172.74483885818123,180.15585638614294
55,75,2024-12-28,179.724401688975,185.48780600009096
55,75,2025-01-04,185.66318371062093,192.25735634694794
55,75,2025-01-11,189.4597339574499,198.54924688385012
55,75,2025-01-18,196.5841154556606,205.33660747329225
55,75,2025-02-01,191.4890536121107,201.22453837810914
55,75,2025-02-08,172.70415810993967,182.23228832915314
55,75,2025-02-15,143.32520987613952,152.62321958238854
55,75,2025-02-22,112.34754121044466,120.70813096523844
55,75,2025-03-01,84.78890689421146,91.45584558380203
55,75,2025-03-08,54.31636757164263,59.3675429953813
55,75,2025-03-15,36.423992644460924,40.16682724980984
55,75,2025-03-22,24.96332892819294,27.854058671376954
55,75,2025-03-29,19.298256552359152,21.61024432374087
55,75,2025-04-05,14.434766854012423,16.29801118571472
55,75,2025-04-12,12.646291667221274,14.281794856634862
55,75,2025-04-19,10.198441125124576,11.529450407526483
55,75,2025-04-26,9.748520536289325,10.937447606411517
47,5,2024-11-30,182.62205000180327,193.7577831605054
47,5,2024-12-07,199.98062354993027,199.84776774643652
47,5,2024-12-14,199.463408270837,206.15176249695807
47,5,2024-12-21,196.67408414999787,212.72982282097647
47,5,2024-12-28,189.04894542960514,219.45861466221862
47,5,2025-01-04,168.12522616847414,218.44733812864882
47,5,2025-01-11,159.38993953600567,204.32163896433354
47,5,2025-01-18,167.1493644648877,201.2113782606231
47,5,2025-02-01,189.46609430362224,197.7009861971792
47,5,2025-02-08,163.23029893612704,178.6106531759995
47,5,2025-02-15,125.84785352655025,145.42364157518372
47,5,2025-02-22,113.3307533528428,129.1068462177746
47,5,2025-03-01,107.00246192976371,118.90597113580097
47,5,2025-03-08,93.34787380752294,103.61805885575711
47,5,2025-03-15,76.35527954478928,86.29394518424616
47,5,2025-03-22,53.24983175330728,62.04207087427144
47,5,2025-03-29,38.87642990524753,46.09626965307529
47,5,2025-04-05,29.3860891241005,34.15353661186366
47,5,2025-04-12,23.154426765678515,26.11635280731714
47,5,2025-04-19,20.047179837685082,21.55256314118084
47,5,2025-04-26,21.52934855841529,22.549263492359415
47,15,2024-11-30,179.41504060359833,193.7577831605054
47,15,2024-12-07,187.94127657083473,199.84776774643652
47,15,2024-12-14,194.8879248070742,206.15176249695807
47,15,2024-12-21,194.68357578957233,212.72982282097647
47,15,2024-12-28,194.23046637742507,219.45861466221862
47,15,2025-01-04,185.73895615298795,218.44733812864882
47,15,2025-01-11,170.19514266306442,204.32163896433354
47,15,2025-01-18,171.39876997950327,201.2113782606231
47,15,2025-02-01,192.04387529439086,197.7009861971792
47,15,2025-02-08,167.75648514385674,178.6106531759995
47,15,2025-02-15,136.10679676674206,145.42364157518372
47,15,2025-02-22,122.90006734702301,129.1068462177746
47,15,2025-03-01,118.41142495411869,118.90597113580097
47,15,2025-03-08,102.8543143295216,103.61805885575711
47,15,2025-03-15,84.56075734102401,86.29394518424616
47,15,2025-03-22,57.719145052746136,62.04207087427144
47,15,2025-03-29,41.95096626065274,46.09626965307529
47,15,2025-04-05,31.06459312088334,34.15353661186366
47,15,2025-04-12,24.16478267403344,26.11635280731714
47,15,2025-04-19,20.526124908023537,21.55256314118084
47,15,2025-04-26,21.752075392661453,22.549263492359415
47,25,2024-11-30,178.09808970921898,193.7577831605054
47,25,2024-12-07,189.82154902602431,199.84776774643652
47,25,2024-12-14,199.9444197006593,206.15176249695807
47,25,2024-12-21,200.81484481418124,212.72982282097647
47,25,2024-12-28,200.8330234079363,219.45861466221862
47,25,2025-01-04,193.2875271229975,218.44733812864882
47,25,2025-01-11,172.33439009673967,204.32163896433354
47,25,2025-01-18,171.99601114044765,201.2113782606231
47,25,2025-02-01,182.71152674251226,197.7009861971792
47,25,2025-02-08,166.9348858164162,178.6106531759995
47,25,2025-02-15,134.83942093858698,145.42364157518372
47,25,2025-02-22,120.44264217002652,129.1068462177746
47,25,2025-03-01,116.10952576292682,118.90597113580097
47,25,2025-03-08,100.76690846196138,103.61805885575711
47,25,2025-03-15,82.96967973285032,86.29394518424616
47,25,2025-03-22,57.50084071175109,62.04207087427144
47,25,2025-03-29,42.07113283628302,46.09626965307529
47,25,2025-04-05,31.04772515205651,34.15353661186366
47,25,2025-04-12,24.126660713178147,26.11635280731714
47,25,2025-04-19,20.512131050415757,21.55256314118084
47,25,2025-04-26,21.677701941103372,22.549263492359415
47,50,2024-11-30,177.04592288483974,193.7577831605054
47,50,2024-12-07,184.40996116899845,199.84776774643652
47,50,2024-12-14,191.11972067859293,206.15176249695807
47,50,2024-12-21,196.29895285380536,212.72982282097647
47,50,2024-12-28,197.8432048101053,219.45861466221862
47,50,2025-01-04,190.67731789468635,218.44733812864882
47,50,2025-01-11,173.63712292316887,204.32163896433354
47,50,2025-01-18,172.84440587087704,201.2113782606231
47,50,2025-02-01,179.73360715491592,197.7009861971792
47,50,2025-02-08,159.77928309438545,178.6106531759995
47,50,2025-02-15,126.17952609822375,145.42364157518372
47,50,2025-02-22,111.07372389946394,129.1068462177746
47,50,2025-03-01,103.52352577149671,118.90597113580097
47,50,2025-03-08,90.2886516925208,103.61805885575711
47,50,2025-03-15,75.21291438155166,86.29394518424616
47,50,2025-03-22,53.18086610193677,62.04207087427144
47,50,2025-03-29,39.33605288871659,46.09626965307529
47,50,2025-04-05,29.20646733715795,34.15353661186366
47,50,2025-04-12,22.721733820845245,26.11635280731714
47,50,2025-04-19,19.287792832471325,21.55256314118084
47,50,2025-04-26,20.36534435217319,22.549263492359415
47,75,2024-11-30,186.7979339672882,193.7577831605054
47,75,2024-12-07,192.56138170282549,199.84776774643652
47,75,2024-12-14,200.01418947823962,206.15176249695807
47,75,2024-12-21,206.39527797660108,212.72982282097647
47,75,2024-12-28,211.95224281279317,219.45861466221862
47,75,2025-01-04,207.35884331107272,218.44733812864882
47,75,2025-01-11,191.54655937366311,204.32163896433354
47,75,2025-01-18,188.8144563176385,201.2113782606231
47,75,2025-02-01,188.0877639477832,197.7009861971792
47,75,2025-02-08,169.58837153497382,178.6106531759995
47,75,2025-02-15,136.3420020897527,145.42364157518372
47,75,2025-02-22,121.1446434729887,129.1068462177746
47,75,2025-03-01,112.10557030821988,118.90597113580097
47,75,2025-03-08,97.68947355241747,103.61805885575711
47,75,2025-03-15,80.92597589724538,86.29394518424616
47,75,2025-03-22,57.53645876305416,62.04207087427144
47,75,2025-03-29,42.59598760296033,46.09626965307529
47,75,2025-04-05,31.522491658214403,34.15353661186366
47,75,2025-04-12,24.24219042228747,26.11635280731714
47,75,2025-04-19,20.26955686060821,21.55256314118084
47,75,2025-04-26,21.300648387112876,22.549263492359415
44,5,2024-11-30,35.03820081461113,33.34812921330778
44,5,2024-12-07,33.235399830245484,34.65903375997244
44,5,2024-12-14,30.86417221317851,36.03439679558684
44,5,2024-12-21,29.974760938652565,37.40375965905722
44,5,2024-12-28,35.29820446653091,38.8663234819114
44,5,2025-01-04,29.240356567840323,40.269715010621255
44,5,2025-01-11,26.10772349626859,40.85488153072975
44,5,2025-01-18,27.29684470497518,42.24017542442371
44,5,2025-02-01,26.332512037850684,42.290509327293606
44,5,2025-02-08,24.207504126105853,38.76942063725622
44,5,2025-02-15,20.001500434531565,32.42151933673539
44,5,2025-02-22,16.063025897318152,25.70508338261216
44,5,2025-03-01,13.491511217349336,20.865461953120203
44,5,2025-03-08,10.785953987837745,16.32137306692338
44,5,2025-03-15,10.280414008074086,14.424930401269567
44,5,2025-03-22,7.906340306761505,10.835432191925102
44,5,2025-03-29,7.054943948283238,8.958933244395878
44,5,2025-04-05,7.039692149671557,8.31994368185325
44,5,2025-04-12,6.31982697881681,7.075807745897903
44,5,2025-04-19,4.788041892337086,5.278632821766533
44,5,2025-04-26,2.6306133142129333,3.0131626021660165
44,15,2024-11-30,33.906948760544935,33.34812921330778
44,15,2024-12-07,32.32671953777581,34.65903375997244
44,15,2024-12-14,32.89123420641006,36.03439679558684
44,15,2024-12-21,30.79933266057529,37.40375965905722
44,15,2024-12-28,33.96499960402218,38.8663234819114
44,15,2025-01-04,32.87675405198515,40.269715010621255
44,15,2025-01-11,31.09291778753024,40.85488153072975
44,15,2025-01-18,31.49430894679727,42.24017542442371
44,15,2025-02-01,31.21973093528083,42.290509327293606
44,15,2025-02-08,28.510652174430586,38.76942063725622
44,15,2025-02-15,22.93564247716699,32.42151933673539
44,15,2025-02-22,17.76026919824101,25.70508338261216
44,15,2025-03-01,14.407637798243453,20.865461953120203
44,15,2025-03-08,11.277453441501343,16.32137306692338
44,15,2025-03-15,10.215191237407865,14.424930401269567
44,15,2025-03-22,7.544546484304642,10.835432191925102
44,15,2025-03-29,6.5112283337376695,8.958933244395878
44,15,2025-04-05,6.401239410150548,8.31994368185325
44,15,2025-04-12,5.726997050406741,7.075807745897903
44,15,2025-04-19,4.3850761577354485,5.278632821766533
44,15,2025-04-26,2.422341588480698,3.0131626021660165
44,25,2024-11-30,31.066068478914698,33.34812921330778
44,25,2024-12-07,33.15620778506268,34.65903375997244
44,25,2024-12-14,34.11878226249069,36.03439679558684
44,25,2024-12-21,32.57258665014897,37.40375965905722
44,25,2024-12-28,34.25534477416028,38.8663234819114
44,25,2025-01-04,33.88256827706824,40.269715010621255
44,25,2025-01-11,32.2798934948756,40.85488153072975
44,25,2025-01-18,33.377020108784926,42.24017542442371
44,25,2025-02-01,32.899255561631136,42.290509327293606
44,25,2025-02-08,29.993543691930007,38.76942063725622
44,25,2025-02-15,24.52858813813371,32.42151933673539
44,25,2025-02-22,19.08999812650568,25.70508338261216
44,25,2025-03-01,15.494838436398567,20.865461953120203
44,25,2025-03-08,11.940667386597573,16.32137306692338
44,25,2025-03-15,10.623322403872763,14.424930401269567
44,25,2025-03-22,7.756842660067497,10.835432191925102
44,25,2025-03-29,6.528006398856768,8.958933244395878
44,25,2025-04-05,6.340020648230329,8.31994368185325
44,25,2025-04-12,5.589754528228039,7.075807745897903
44,25,2025-04-19,4.244658930873876,5.278632821766533
44,25,2025-04-26,2.433970359524297,3.0131626021660165
44,50,2024-11-30,31.051629034058188,33.34812921330778
44,50,2024-12-07,32.50438705297839,34.65903375997244
44,50,2024-12-14,33.85394285011546,36.03439679558684
44,50,2024-12-21,33.55519030893929,37.40375965905722
44,50,2024-12-28,34.892276085205665,38.8663234819114
44,50,2025-01-04,35.68726119260553,40.269715010621255
44,50,2025-01-11,35.00477928508097,40.85488153072975
44,50,2025-01-18,36.269977345437056,42.24017542442371
44,50,2025-02-01,37.00457976547816,42.290509327293606
44,50,2025-02-08,34.21268038210836,38.76942063725622
44,50,2025-02-15,28.14313744455984,32.42151933673539
44,50,2025-02-22,21.94538060961507,25.70508338261216
44,50,2025-03-01,17.73388442919692,20.865461953120203
44,50,2025-03-08,13.713095669693093,16.32137306692338
44,50,2025-03-15,12.151362781261703,14.424930401269567
44,50,2025-03-22,9.074386355349237,10.835432191925102
44,50,2025-03-29,7.573189222352762,8.958933244395878
44,50,2025-04-05,7.2056098565556,8.31994368185325
44,50,2025-04-12,6.224955272621552,7.075807745897903
44,50,2025-04-19,4.669691841023812,5.278632821766533
44,50,2025-04-26,2.621923829327222,3.0131626021660165
44,75,2024-11-30,31.531087070765306,33.34812921330778
44,75,2024-12-07,32.94523107683199,34.65903375997244
44,75,2024-12-14,34.51258160787344,36.03439679558684
44,75,2024-12-21,35.59228024056011,37.40375965905722
44,75,2024-12-28,37.29509974415466,38.8663234819114
44,75,2025-01-04,38.566066223009,40.269715010621255
44,75,2025-01-11,38.6556381811101,40.85488153072975
44,75,2025-01-18,39.93841273970216,42.24017542442371
44,75,2025-02-01,40.30238342146964,42.290509327293606
44,75,2025-02-08,37.01121439076355,38.76942063725622
44,75,2025-02-15,30.906213557784895,32.42151933673539
44,75,2025-02-22,24.50111217766844,25.70508338261216
44,75,2025-03-01,19.954375633855925,20.865461953120203
44,75,2025-03-08,15.60920248590021,16.32137306692338
44,75,2025-03-15,13.797239061886701,14.424930401269567
44,75,2025-03-22,10.351891741500399,10.835432191925102
44,75,2025-03-29,8.580038869754398,8.958933244395878
44,75,2025-04-05,8.059787271666549,8.31994368185325
44,75,2025-04-12,6.897884017097108,7.075807745897903
44,75,2025-04-19,5.132707939726677,5.278632821766533
44,75,2025-04-26,2.8908438920471613,3.0131626021660165
48,5,2024-11-30,599.1108616071548,568.9275940768147
48,5,2024-12-07,565.8608358598105,584.6224056151841
48,5,2024-12-14,571.7024207650402,599.5690650454543
48,5,2024-12-21,593.1444507237304,613.6128528738717
48,5,2024-12-28,598.2392185326254,630.632746136051
48,5,2025-01-04,505.59745195951905,638.444720658442
48,5,2025-01-11,464.9861227389941,627.5637067597149
48,5,2025-01-18,472.4169285169213,628.979439784511
48,5,2025-02-01,481.8288578511959,563.1426946014119
48,5,2025-02-08,317.2051562044038,428.60793214190795
48,5,2025-02-15,210.72893626262132,292.1684691960738
48,5,2025-02-22,180.7555349342129,231.7596298353274
48,5,2025-03-01,166.07096410438362,197.9428800643083
48,5,2025-03-08,147.72449799942424,162.79003456445977
48,5,2025-03-15,130.29445703583835,135.02822623908497
48,5,2025-03-22,114.51449551179194,115.23092335013838
48,5,2025-03-29,108.11046054595705,105.4457790120393
48,5,2025-04-05,94.12669774750752,91.89073871208593
48,5,2025-04-12,89.42648832303982,85.5942131864901
48,5,2025-04-19,88.08731177608121,83.20565789085882
48,5,2025-04-26,83.85550564936648,78.90719006678039
48,15,2024-11-30,557.5064868546125,568.9275940768147
48,15,2024-12-07,562.0778474880861,584.6224056151841
48,15,2024-12-14,556.690794321821,599.5690650454543
48,15,2024-12-21,586.1605498994928,613.6128528738717
48,15,2024-12-28,594.1758068843402,630.632746136051
48,15,2025-01-04,560.3160659884787,638.444720658442
48,15,2025-01-11,519.5178252312338,627.5637067597149
48,15,2025-01-18,519.8576725597148,628.979439784511
48,15,2025-02-01,470.00361810246693,563.1426946014119
48,15,2025-02-08,346.30946928947566,428.60793214190795
48,15,2025-02-15,226.9876014759742,292.1684691960738
48,15,2025-02-22,187.67780267187126,231.7596298353274
48,15,2025-03-01,166.5657114455908,197.9428800643083
48,15,2025-03-08,144.6930653215278,162.79003456445977
48,15,2025-03-15,127.3030917994817,135.02822623908497
48,15,2025-03-22,112.83416649185827,115.23092335013838
48,15,2025-03-29,106.22758827905217,105.4457790120393
48,15,2025-04-05,94.06632299943563,91.89073871208593
48,15,2025-04-12,88.9827371859343,85.5942131864901
48,15,2025-04-19,87.77006318156803,83.20565789085882
48,15,2025-04-26,84.04221351156264,78.90719006678039
48,25,2024-11-30,540.2594542236956,568.9275940768147
48,25,2024-12-07,548.3272352686204,584.6224056151841
48,25,2024-12-14,551.080365482007,599.5690650454543
48,25,2024-12-21,577.6383436273032,613.6128528738717
48,25,2024-12-28,599.3215057327325,630.632746136051
48,25,2025-01-04,582.6666200252206,638.444720658442
48,25,2025-01-11,546.6069876125554,627.5637067597149
48,25,2025-01-18,546.3243936825344,628.979439784511
48,25,2025-02-01,493.491160705964,563.1426946014119
48,25,2025-02-08,362.1481343704528,428.60793214190795
48,25,2025-02-15,235.22623188898376,292.1684691960738
48,25,2025-02-22,190.92788540515483,231.7596298353274
48,25,2025-03-01,167.30842572253073,197.9428800643083
48,25,2025-03-08,141.77945911121617,162.79003456445977
48,25,2025-03-15,123.94701169314962,135.02822623908497
48,25,2025-03-22,109.49489432567225,115.23092335013838
48,25,2025-03-29,102.3364658960193,105.4457790120393
48,25,2025-04-05,90.5443476248738,91.89073871208593
48,25,2025-04-12,85.25804371125813,85.5942131864901
48,25,2025-04-19,84.28579943927076,83.20565789085882
48,25,2025-04-26,81.33593490900206,78.90719006678039
48,50,2024-11-30,534.7638949469041,568.9275940768147
48,50,2024-12-07,553.0685835675653,584.6224056151841
48,50,2024-12-14,568.0277882977869,599.5690650454543
48,50,2024-12-21,591.2621090772325,613.6128528738717
48,50,2024-12-28,611.5592236282722,630.632746136051
48,50,2025-01-04,601.3562436131433,638.444720658442
48,50,2025-01-11,577.6539825561688,627.5637067597149
48,50,2025-01-18,582.0612848954377,628.979439784511
48,50,2025-02-01,529.0060668459008,563.1426946014119
48,50,2025-02-08,381.76689799161784,428.60793214190795
48,50,2025-02-15,245.15324367860558,292.1684691960738
48,50,2025-02-22,191.96645492359679,231.7596298353274
48,50,2025-03-01,166.45918189512275,197.9428800643083
48,50,2025-03-08,139.4102594774514,162.79003456445977
48,50,2025-03-15,119.12315489298199,135.02822623908497
48,50,2025-03-22,104.72041649758637,115.23092335013838
48,50,2025-03-29,97.64959729222817,105.4457790120393
48,50,2025-04-05,86.57497897003196,91.89073871208593
48,50,2025-04-12,81.86226300496486,85.5942131864901
48,50,2025-04-19,80.67196700495934,83.20565789085882
48,50,2025-04-26,77.84157300952992,78.90719006678039
48,75,2024-11-30,550.9601808316302,568.9275940768147
48,75,2024-12-07,568.67728181139,584.6224056151841
48,75,2024-12-14,587.0827712068445,599.5690650454543
48,75,2024-12-21,612.1423690307672,613.6128528738717
48,75,2024-12-28,633.5049960750933,630.632746136051
48,75,2025-01-04,636.2406899216116,638.444720658442
48,75,2025-01-11,620.0972024003131,627.5637067597149
48,75,2025-01-18,622.4477066032719,628.979439784511
48,75,2025-02-01,555.8428698856159,563.1426946014119
48,75,2025-02-08,412.5837005429344,428.60793214190795
48,75,2025-02-15,269.8327099053239,292.1684691960738
48,75,2025-02-22,211.10312654365646,231.7596298353274
48,75,2025-03-01,180.21314061610866,197.9428800643083
48,75,2025-03-08,148.66096119435187,162.79003456445977
48,75,2025-03-15,124.65198218352333,135.02822623908497
48,75,2025-03-22,107.9390786285477,115.23092335013838
48,75,2025-03-29,99.74568024546757,105.4457790120393
48,75,2025-04-05,87.82512550691392,91.89073871208593
48,75,2025-04-12,82.46474679120055,85.5942131864901
48,75,2025-04-19,80.7470276000118,83.20565789085882
48,75,2025-04-26,77.10428427446192,78.90719006678039
50,5,2024-11-30,17.760921676144502,18.2366335285007
50,5,2024-12-07,16.988601462245686,18.89511278636112
50,5,2024-12-14,20.08601006200404,19.49180238301338
50,5,2024-12-21,18.475434659483664,20.224994219142644
50,5,2024-12-28,19.73989803165018,20.972945550907234
50,5,2025-01-04,16.571461250578885,21.8047953878808
50,5,2025-01-11,15.287183541762397,22.598651194673653
50,5,2025-01-18,15.968694007341478,23.451174690622864
50,5,2025-02-01,17.2650932393185,24.682542842832333
50,5,2025-02-08,16.3435490966708,23.984968715695913
50,5,2025-02-15,12.256680839370942,20.1617728790761
50,5,2025-02-22,10.434659212391823,16.743856925076496
50,5,2025-03-01,7.872494819525093,12.923380278659735
50,5,2025-03-08,7.278253714966659,10.92125613830663
50,5,2025-03-15,6.72219222231298,9.879474414168495
50,5,2025-03-22,6.826454021276226,9.285978494058805
50,5,2025-03-29,6.003635859204727,8.013643374788652
50,5,2025-04-05,5.523390150565725,6.992381264659114
50,5,2025-04-12,3.601127830592748,4.748646445321048
50,5,2025-04-19,4.259678490409429,5.160637907319274
50,5,2025-04-26,3.919555637584245,4.554923965076061
50,15,2024-11-30,17.704612772077116,18.2366335285007
50,15,2024-12-07,17.635763358510896,18.89511278636112
50,15,2024-12-14,19.467874804002662,19.49180238301338
50,15,2024-12-21,19.507559258683088,20.224994219142644
50,15,2024-12-28,20.21830094613745,20.972945550907234
50,15,2025-01-04,18.21447994491232,21.8047953878808
50,15,2025-01-11,16.539715363148726,22.598651194673653
50,15,2025-01-18,17.04103523508553,23.451174690622864
50,15,2025-02-01,18.029526801028783,24.682542842832333
50,15,2025-02-08,17.35780160657457,23.984968715695913
50,15,2025-02-15,13.653172276440165,20.1617728790761
50,15,2025-02-22,11.364920082927577,16.743856925076496
50,15,2025-03-01,8.79482073608892,12.923380278659735
50,15,2025-03-08,7.638906651412678,10.92125613830663
50,15,2025-03-15,7.132846944239192,9.879474414168495
50,15,2025-03-22,7.048345783362402,9.285978494058805
50,15,2025-03-29,6.2603495390411785,8.013643374788652
50,15,2025-04-05,5.632366693557572,6.992381264659114
50,15,2025-04-12,3.7677171615865497,4.748646445321048
50,15,2025-04-19,4.301723084099913,5.160637907319274
50,15,2025-04-26,3.944034810130448,4.554923965076061
50,25,2024-11-30,17.494743158652714,18.2366335285007
50,25,2024-12-07,17.85981079517688,18.89511278636112
50,25,2024-12-14,19.120255223744532,19.49180238301338
50,25,2024-12-21,19.715637118459348,20.224994219142644
50,25,2024-12-28,20.808801284118882,20.972945550907234
50,25,2025-01-04,18.856138032442864,21.8047953878808
50,25,2025-01-11,17.611381334041226,22.598651194673653
50,25,2025-01-18,17.99446361369302,23.451174690622864
50,25,2025-02-01,18.871822320386432,24.682542842832333
50,25,2025-02-08,18.448965233419052,23.984968715695913
50,25,2025-02-15,14.659231844802875,20.1617728790761
50,25,2025-02-22,12.138161147689457,16.743856925076496
50,25,2025-03-01,9.40382579080335,12.923380278659735
50,25,2025-03-08,8.195998702618882,10.92125613830663
50,25,2025-03-15,7.566523092088068,9.879474414168495
50,25,2025-03-22,7.334696051721885,9.285978494058805
50,25,2025-03-29,6.454949029680563,8.013643374788652
50,25,2025-04-05,5.767974446788831,6.992381264659114
50,25,2025-04-12,3.895733748948278,4.748646445321048
50,25,2025-04-19,4.407654056089402,5.160637907319274
50,25,2025-04-26,4.0086359874258495,4.554923965076061
50,50,2024-11-30,16.92215786592455,18.2366335285007
50,50,2024-12-07,17.843482285820663,18.89511278636112
50,50,2024-12-14,18.161777887763485,19.49180238301338
50,50,2024-12-21,19.141882923098617,20.224994219142644
50,50,2024-12-28,20.125365982620572,20.972945550907234
50,50,2025-01-04,20.488017240253143,21.8047953878808
50,50,2025-01-11,19.97724453742441,22.598651194673653
50,50,2025-01-18,20.612246752010243,23.451174690622864
50,50,2025-02-01,21.5247762168808,24.682542842832333
50,50,2025-02-08,20.889959594705,23.984968715695913
50,50,2025-02-15,16.870999853159358,20.1617728790761
50,50,2025-02-22,13.948127253317862,16.743856925076496
50,50,2025-03-01,10.802897772692575,12.923380278659735
50,50,2025-03-08,9.207538208028769,10.92125613830663
50,50,2025-03-15,8.41249053019672,9.879474414168495
50,50,2025-03-22,8.058202065694287,9.285978494058805
50,50,2025-03-29,7.012611111162244,8.013643374788652
50,50,2025-04-05,6.20494121438045,6.992381264659114
50,50,2025-04-12,4.174269212673953,4.748646445321048
50,50,2025-04-19,4.648189212374011,5.160637907319274
50,50,2025-04-26,4.174204303777162,4.554923965076061
50,75,2024-11-30,17.368558099013654,18.2366335285007
50,75,2024-12-07,18.035703589449433,18.89511278636112
50,75,2024-12-14,18.685099785024782,19.49180238301338
50,75,2024-12-21,19.458155391415197,20.224994219142644
50,75,2024-12-28,20.38729632795409,20.972945550907234
50,75,2025-01-04,21.23849747983031,21.8047953878808
50,75,2025-01-11,21.68489673327455,22.598651194673653
50,75,2025-01-18,22.561819041654974,23.451174690622864
50,75,2025-02-01,23.49050903652371,24.682542842832333
50,75,2025-02-08,22.724017634585948,23.984968715695913
50,75,2025-02-15,18.54794904958025,20.1617728790761
50,75,2025-02-22,15.293703350446869,16.743856925076496
50,75,2025-03-01,11.847569510198905,12.923380278659735
50,75,2025-03-08,10.045010629956204,10.92125613830663
50,75,2025-03-15,9.144256624250998,9.879474414168495
50,75,2025-03-22,8.665723536614363,9.285978494058805
50,75,2025-03-29,7.5215581314229505,8.013643374788652
50,75,2025-04-05,6.6078880067025,6.992381264659114
50,75,2025-04-12,4.457278259688143,4.748646445321048
50,75,2025-04-19,4.913330813091239,5.160637907319274
50,75,2025-04-26,4.369445941403324,4.554923965076061
30,5,2024-11-30,32.92810914218383,35.394956168629385
30,5,2024-12-07,34.74815925621812,36.54044953510133
30,5,2024-12-14,37.11231713676805,37.65693259879659
30,5,2024-12-21,36.97231996122917,38.779017378459095
30,5,2024-12-28,32.941448160522064,40.03729357351102
30,5,2025-01-04,28.46940084982546,41.400647800968464
30,5,2025-01-11,28.814252717658597,42.92978378180338
30,5,2025-01-18,29.11063674506768,44.76023918067112
30,5,2025-02-01,37.91540595692095,48.805454872733876
30,5,2025-02-08,39.18268627573247,50.09567403418051
30,5,2025-02-15,31.70637837769839,48.93507102030338
30,5,2025-02-22,31.839731970593814,47.06608976275054
30,5,2025-03-01,23.06024384706688,39.821556521622675
30,5,2025-03-08,16.968665167582465,31.010959204057688
30,5,2025-03-15,12.48391626328519,23.377742155109477
30,5,2025-03-22,9.522371769411846,17.20887853167132
30,5,2025-03-29,6.848781693343014,12.236092397591134
30,5,2025-04-05,5.639622453353857,9.542906389168154
30,5,2025-04-12,5.201487715726821,8.305555355119965
30,5,2025-04-19,3.391470236732294,5.4409528906171944
30,5,2025-04-26,1.8071269982006246,2.7184056460072585
30,15,2024-11-30,32.78073102817264,35.394956168629385
30,15,2024-12-07,34.23776215100428,36.54044953510133
30,15,2024-12-14,38.15748059281394,37.65693259879659
30,15,2024-12-21,37.222781889477034,38.779017378459095
30,15,2024-12-28,33.58662000750335,40.03729357351102
30,15,2025-01-04,31.72429469726743,41.400647800968464
30,15,2025-01-11,31.827777809121834,42.92978378180338
30,15,2025-01-18,33.586222287003714,44.76023918067112
30,15,2025-02-01,37.97176610378437,48.805454872733876
30,15,2025-02-08,37.954084490638905,50.09567403418051
30,15,2025-02-15,35.384066337591236,48.93507102030338
30,15,2025-02-22,34.20642203691052,47.06608976275054
30,15,2025-03-01,26.720054958767612,39.821556521622675
30,15,2025-03-08,19.960430501485558,31.010959204057688
30,15,2025-03-15,14.507663516515283,23.377742155109477
30,15,2025-03-22,10.712711284238623,17.20887853167132
30,15,2025-03-29,7.678611362392341,12.236092397591134
30,15,2025-04-05,6.207014311244976,9.542906389168154
30,15,2025-04-12,5.680238103326579,8.305555355119965
30,15,2025-04-19,3.6633726996244977,5.4409528906171944
30,15,2025-04-26,1.8526821459358747,2.7184056460072585
30,25,2024-11-30,33.589498394589135,35.394956168629385
30,25,2024-12-07,34.759082414710186,36.54044953510133
30,25,2024-12-14,37.47704611409651,37.65693259879659
30,25,2024-12-21,37.828697867864605,38.779017378459095
30,25,2024-12-28,35.40789654027874,40.03729357351102
30,25,2025-01-04,33.61058611041088,41.400647800968464
30,25,2025-01-11,33.98930670186365,42.92978378180338
30,25,2025-01-18,34.988978398613035,44.76023918067112
30,25,2025-02-01,39.17019863214227,48.805454872733876
30,25,2025-02-08,39.75521969290651,50.09567403418051
30,25,2025-02-15,37.65606888606562,48.93507102030338
30,25,2025-02-22,36.376628887994336,47.06608976275054
30,25,2025-03-01,29.284856418532552,39.821556521622675
30,25,2025-03-08,21.76368359735904,31.010959204057688
30,25,2025-03-15,15.790680099201033,23.377742155109477
30,25,2025-03-22,11.57865419939998,17.20887853167132
30,25,2025-03-29,8.285301322116991,12.236092397591134
30,25,2025-04-05,6.629881803028394,9.542906389168154
30,25,2025-04-12,6.0357620154586105,8.305555355119965
30,25,2025-04-19,3.854263511924696,5.4409528906171944
30,25,2025-04-26,1.8977074792224717,2.7184056460072585
30,50,2024-11-30,32.47191525823595,35.394956168629385
30,50,2024-12-07,33.48549434597721,36.54044953510133
30,50,2024-12-14,34.71969503431038,37.65693259879659
30,50,2024-12-21,36.169313210039405,38.779017378459095
30,50,2024-12-28,37.07949893843657,40.03729357351102
30,50,2025-01-04,36.92258631074584,41.400647800968464
30,50,2025-01-11,36.98387236789195,42.92978378180338
30,50,2025-01-18,37.87275943502428,44.76023918067112
30,50,2025-02-01,42.111439993983254,48.805454872733876
30,50,2025-02-08,43.83386930085208,50.09567403418051
30,50,2025-02-15,42.43128929172949,48.93507102030338
30,50,2025-02-22,40.78684450937553,47.06608976275054
30,50,2025-03-01,33.547199776495674,39.821556521622675
30,50,2025-03-08,25.32972726366602,31.010959204057688
30,50,2025-03-15,18.524211437286095,23.377742155109477
30,50,2025-03-22,13.54193548952613,17.20887853167132
30,50,2025-03-29,9.557511609341244,12.236092397591134
30,50,2025-04-05,7.539285397615792,9.542906389168154
30,50,2025-04-12,6.733090217830573,8.305555355119965
30,50,2025-04-19,4.361551315662565,5.4409528906171944
30,50,2025-04-26,2.1673034838434155,2.7184056460072585
30,75,2024-11-30,33.69726595533407,35.394956168629385
30,75,2024-12-07,34.773395579945785,36.54044953510133
30,75,2024-12-14,36.101947670616696,37.65693259879659
30,75,2024-12-21,37.502892670082986,38.779017378459095
30,75,2024-12-28,38.80004723050299,40.03729357351102
30,75,2025-01-04,39.619287035101756,41.400647800968464
30,75,2025-01-11,40.60213721050983,42.92978378180338
30,75,2025-01-18,42.11715549029198,44.76023918067112
30,75,2025-02-01,45.91722517118283,48.805454872733876
30,75,2025-02-08,47.14017198460871,50.09567403418051
30,75,2025-02-15,46.091207960853204,48.93507102030338
30,75,2025-02-22,44.54909732178933,47.06608976275054
30,75,2025-03-01,37.29539688748527,39.821556521622675
30,75,2025-03-08,28.677395032392578,31.010959204057688
30,75,2025-03-15,21.349285594176628,23.377742155109477
30,75,2025-03-22,15.649490977780806,17.20887853167132
30,75,2025-03-29,11.125543556613133,12.236092397591134
30,75,2025-04-05,8.717190375450748,9.542906389168154
30,75,2025-04-12,7.682934837897496,8.305555355119965
30,75,2025-04-19,4.982506291420442,5.4409528906171944
30,75,2025-04-26,2.4497340231732667,2.7184056460072585
53,5,2024-11-30,72.18296312289634,91.0400744535089
53,5,2024-12-07,73.59465449432226,91.71939989896624
53,5,2024-12-14,70.05921233232516,92.09930461332613
53,5,2024-12-21,63.05753032954133,92.66442694833736
53,5,2024-12-28,58.61809556301448,92.59502101764204
53,5,2025-01-04,61.87872619827557,91.1245435308519
53,5,2025-01-11,64.79846092892764,88.89332510682758
53,5,2025-01-18,64.09683018747688,88.63284154714862
53,5,2025-02-01,58.12375822641779,88.32571870484648
53,5,2025-02-08,54.41447716249365,84.23896411808583
53,5,2025-02-15,43.231001815834425,72.99748357919852
53,5,2025-02-22,32.61251158905275,61.442467695825705
53,5,2025-03-01,22.914714903844942,44.3063749736276
53,5,2025-03-08,18.45404195175269,32.75228999842625
53,5,2025-03-15,15.117718820842986,28.04098911934031
53,5,2025-03-22,12.863341670500509,24.63419353569776
53,5,2025-03-29,11.148777059451495,20.507913256319338
53,5,2025-04-05,10.188338180169469,18.686648982227524
53,5,2025-04-12,7.272521997979074,13.960425904848211
53,5,2025-04-19,5.038628428472939,10.356351612002387
53,5,2025-04-26,4.604490376334917,9.282116937908414
53,15,2024-11-30,78.8899022742823,91.0400744535089
53,15,2024-12-07,78.9376090498961,91.71939989896624
53,15,2024-12-14,75.4170516689278,92.09930461332613
53,15,2024-12-21,69.78566137581126,92.66442694833736
53,15,2024-12-28,62.72958783311187,92.59502101764204
53,15,2025-01-04,63.47829052482459,91.1245435308519
53,15,2025-01-11,65.69642799227074,88.89332510682758
53,15,2025-01-18,63.999274668928436,88.63284154714862
53,15,2025-02-01,58.692768589348795,88.32571870484648
53,15,2025-02-08,56.28931652793923,84.23896411808583
53,15,2025-02-15,48.3508288317955,72.99748357919852
53,15,2025-02-22,39.16260170197674,61.442467695825705
53,15,2025-03-01,26.971974690084817,44.3063749736276
53,15,2025-03-08,20.1917454056927,32.75228999842625
53,15,2025-03-15,17.457573685128406,28.04098911934031
53,15,2025-03-22,15.231674980268059,24.63419353569776
53,15,2025-03-29,12.86724283983721,20.507913256319338
53,15,2025-04-05,11.888185063248565,18.686648982227524
53,15,2025-04-12,8.665197943152,13.960425904848211
53,15,2025-04-19,6.248147942480885,10.356351612002387
53,15,2025-04-26,5.732699574404908,9.282116937908414
53,25,2024-11-30,81.84385404510357,91.0400744535089
53,25,2024-12-07,83.26741166637647,91.71939989896624
53,25,2024-12-14,81.28249633829667,92.09930461332613
53,25,2024-12-21,77.04984047376067,92.66442694833736
53,25,2024-12-28,69.7205478314985,92.59502101764204
53,25,2025-01-04,65.44100572208707,91.1245435308519
53,25,2025-01-11,65.88222738642399,88.89332510682758
53,25,2025-01-18,64.24859803586293,88.63284154714862
53,25,2025-02-01,60.642248724027084,88.32571870484648
53,25,2025-02-08,58.88434238461578,84.23896411808583
53,25,2025-02-15,51.01403231732764,72.99748357919852
53,25,2025-02-22,42.27943695784751,61.442467695825705
53,25,2025-03-01,29.281943381102206,44.3063749736276
53,25,2025-03-08,21.735174966723612,32.75228999842625
53,25,2025-03-15,19.01137676979151,28.04098911934031
53,25,2025-03-22,16.882910021757418,24.63419353569776
53,25,2025-03-29,14.302285627961375,20.507913256319338
53,25,2025-04-05,13.235917465285684,18.686648982227524
53,25,2025-04-12,9.843791692542174,13.960425904848211
53,25,2025-04-19,7.189566490961977,10.356351612002387
53,25,2025-04-26,6.589153208083729,9.282116937908414
53,50,2024-11-30,81.20407981069089,91.0400744535089
53,50,2024-12-07,82.82094035926623,91.71939989896624
53,50,2024-12-14,83.42486448588068,92.09930461332613
53,50,2024-12-21,81.90321988347662,92.66442694833736
53,50,2024-12-28,77.34414791767882,92.59502101764204
53,50,2025-01-04,72.31636002996548,91.1245435308519
53,50,2025-01-11,68.96239047025126,88.89332510682758
53,50,2025-01-18,68.233709844132,88.63284154714862
53,50,2025-02-01,69.19648114328388,88.32571870484648
53,50,2025-02-08,67.61706915374482,84.23896411808583
53,50,2025-02-15,58.23859560601078,72.99748357919852
53,50,2025-02-22,48.59513035224825,61.442467695825705
53,50,2025-03-01,34.154643973439136,44.3063749736276
53,50,2025-03-08,25.133970714911015,32.75228999842625
53,50,2025-03-15,21.81118553286014,28.04098911934031
53,50,2025-03-22,19.38362916394794,24.63419353569776
53,50,2025-03-29,16.53351867103152,20.507913256319338
53,50,2025-04-05,15.329610614713507,18.686648982227524
53,50,2025-04-12,11.603209947545722,13.960425904848211
53,50,2025-04-19,8.724170896513044,10.356351612002387
53,50,2025-04-26,7.97847508766251,9.282116937908414
53,75,2024-11-30,85.380930441409,91.0400744535089
53,75,2024-12-07,86.6232938970678,91.71939989896624
53,75,2024-12-14,88.09299740404374,92.09930461332613
53,75,2024-12-21,88.03324401013374,92.66442694833736
53,75,2024-12-28,85.71918283719545,92.59502101764204
53,75,2025-01-04,82.65005703263154,91.1245435308519
53,75,2025-01-11,80.03149945306161,88.89332510682758
53,75,2025-01-18,79.24824687521208,88.63284154714862
53,75,2025-02-01,79.23430346013424,88.32571870484648
53,75,2025-02-08,76.37417141927693,84.23896411808583
53,75,2025-02-15,66.09363273714716,72.99748357919852
53,75,2025-02-22,55.46448074309824,61.442467695825705
53,75,2025-03-01,39.43841773789104,44.3063749736276
53,75,2025-03-08,28.847879936918137,32.75228999842625
53,75,2025-03-15,24.85739826063145,28.04098911934031
53,75,2025-03-22,21.96345285018732,24.63419353569776
53,75,2025-03-29,18.474961854790145,20.507913256319338
53,75,2025-04-05,17.008281651373093,18.686648982227524
53,75,2025-04-12,12.856371712196877,13.960425904848211
53,75,2025-04-19,9.644344005804017,10.356351612002387
53,75,2025-04-26,8.779613244815657,9.282116937908414
06,5,2024-11-30,468.5403076808814,665.4583420368907
06,5,2024-12-07,479.22967137990054,682.0172325307324
06,5,2024-12-14,492.34812879246635,697.6089045929444
06,5,2024-12-21,514.628706185236,711.0512275158985
06,5,2024-12-28,492.6326321141335,716.5070010717807
06,5,2025-01-04,468.14342138541946,708.4165871308667
06,5,2025-01-11,453.35039878406246,687.6247664519589
06,5,2025-01-18,462.6593347818795,681.788055330258
06,5,2025-02-01,450.2434324206242,597.2683274615541
06,5,2025-02-08,347.8900092963983,473.3324154450638
06,5,2025-02-15,279.175168011928,369.91428064749806
06,5,2025-02-22,235.01915312264836,295.7310547364179
06,5,2025-03-01,209.6373105313484,248.53788159170023
06,5,2025-03-08,197.27530729076653,221.53491466462594
06,5,2025-03-15,193.2357896881871,206.56737782800525
06,5,2025-03-22,180.70458911467085,186.98272647321764
06,5,2025-03-29,176.57140669547485,177.10442237319282
06,5,2025-04-05,170.30614199199596,167.9776294485146
06,5,2025-04-12,164.8819123405244,161.7037111324153
06,5,2025-04-19,148.93818248293022,146.76972017714775
06,5,2025-04-26,135.39100388460497,132.67992905213606
06,15,2024-11-30,512.3407827613406,665.4583420368907
06,15,2024-12-07,505.74272198320153,682.0172325307324
06,15,2024-12-14,512.4676066045968,697.6089045929444
06,15,2024-12-21,528.4419295485218,711.0512275158985
06,15,2024-12-28,522.718297302622,716.5070010717807
06,15,2025-01-04,515.7551232324493,708.4165871308667
06,15,2025-01-11,513.485952713872,687.6247664519589
06,15,2025-01-18,522.6082952292948,681.788055330258
06,15,2025-02-01,465.4909148767848,597.2683274615541
06,15,2025-02-08,362.35037530753146,473.3324154450638
06,15,2025-02-15,285.8738387025268,369.91428064749806
06,15,2025-02-22,234.7773555327478,295.7310547364179
06,15,2025-03-01,207.11141192598242,248.53788159170023
06,15,2025-03-08,195.44005666432525,221.53491466462594
06,15,2025-03-15,190.17681312855706,206.56737782800525
06,15,2025-03-22,177.7511334404556,186.98272647321764
06,15,2025-03-29,173.85484063007803,177.10442237319282
06,15,2025-04-05,168.72059650780574,167.9776294485146
06,15,2025-04-12,163.91609643201429,161.7037111324153
06,15,2025-04-19,148.92232216904213,146.76972017714775
06,15,2025-04-26,135.69059883101113,132.67992905213606
06,25,2024-11-30,569.1687640376023,665.4583420368907
06,25,2024-12-07,567.4991801859443,682.0172325307324
06,25,2024-12-14,570.0780137041293,697.6089045929444
06,25,2024-12-21,572.6736774497259,711.0512275158985
06,25,2024-12-28,576.5289795178646,716.5070010717807
06,25,2025-01-04,563.3555257312305,708.4165871308667
06,25,2025-01-11,539.5376123526917,687.6247664519589
06,25,2025-01-18,539.3708203611202,681.788055330258
06,25,2025-02-01,478.6431738433816,597.2683274615541
06,25,2025-02-08,373.6636816063096,473.3324154450638
06,25,2025-02-15,291.59081193449356,369.91428064749806
06,25,2025-02-22,238.03499141776365,295.7310547364179
06,25,2025-03-01,208.2712891218389,248.53788159170023
06,25,2025-03-08,194.5000077736948,221.53491466462594
06,25,2025-03-15,189.1643350144854,206.56737782800525
06,25,2025-03-22,176.0101338798786,186.98272647321764
06,25,2025-03-29,171.7742187985559,177.10442237319282
06,25,2025-04-05,167.01261454001616,167.9776294485146
06,25,2025-04-12,162.70144746721166,161.7037111324153
06,25,2025-04-19,148.5591922087508,146.76972017714775
06,25,2025-04-26,135.2224723046804,132.67992905213606
06,50,2024-11-30,598.0313083225893,665.4583420368907
06,50,2024-12-07,600.2337561364634,682.0172325307324
06,50,2024-12-14,601.7175695090237,697.6089045929444
06,50,2024-12-21,606.9876800661798,711.0512275158985
06,50,2024-12-28,604.1274114140342,716.5070010717807
06,50,2025-01-04,592.098764125428,708.4165871308667
06,50,2025-01-11,576.0782595737606,687.6247664519589
06,50,2025-01-18,580.0387232145816,681.788055330258
06,50,2025-02-01,513.1096857817739,597.2683274615541
06,50,2025-02-08,400.44049599791686,473.3324154450638
06,50,2025-02-15,311.3652004749146,369.91428064749806
06,50,2025-02-22,250.67326124105037,295.7310547364179
06,50,2025-03-01,213.85288812526784,248.53788159170023
06,50,2025-03-08,195.1070724933292,221.53491466462594
06,50,2025-03-15,186.36260343964057,206.56737782800525
06,50,2025-03-22,172.40962565686579,186.98272647321764
06,50,2025-03-29,167.59751533814395,177.10442237319282
06,50,2025-04-05,162.49100321957206,167.9776294485146
06,50,2025-04-12,159.22905729592702,161.7037111324153
06,50,2025-04-19,146.01383658404632,146.76972017714775
06,50,2025-04-26,133.24946920045807,132.67992905213606
06,75,2024-11-30,626.2216678706903,665.4583420368907
06,75,2024-12-07,641.3358523625858,682.0172325307324
06,75,2024-12-14,651.8220256768177,697.6089045929444
06,75,2024-12-21,661.4906407139231,711.0512275158985
06,75,2024-12-28,658.9329843397918,716.5070010717807
06,75,2025-01-04,648.3078552742522,708.4165871308667
06,75,2025-01-11,627.3661541397178,687.6247664519589
06,75,2025-01-18,628.9652683093673,681.788055330258
06,75,2025-02-01,547.7857431312779,597.2683274615541
06,75,2025-02-08,429.28804735561295,473.3324154450638
06,75,2025-02-15,332.7207412424433,369.91428064749806
06,75,2025-02-22,265.0728252544409,295.7310547364179
06,75,2025-03-01,223.6225458588264,248.53788159170023
06,75,2025-03-08,201.40754223151896,221.53491466462594
06,75,2025-03-15,190.14935624879433,206.56737782800525
06,75,2025-03-22,174.0783061719225,186.98272647321764
06,75,2025-03-29,167.2553704781189,177.10442237319282
06,75,2025-04-05,160.7311159756995,167.9776294485146
06,75,2025-04-12,156.58717671449173,161.7037111324153
06,75,2025-04-19,143.0592722443989,146.76972017714775
06,75,2025-04-26,129.92267483869492,132.67992905213606
51,5,2024-11-30,217.87532558036222,232.37416483597798
51,5,2024-12-07,221.62231651006485,238.1891149306199
51,5,2024-12-14,227.0878297311004,243.9150062963896
51,5,2024-12-21,220.7771690102078,250.59119192965855
51,5,2024-12-28,214.8038864900389,258.41620205297045
51,5,2025-01-04,203.25897319048394,267.91558277138415
51,5,2025-01-11,194.97183539758993,271.1195075832067
51,5,2025-01-18,208.79934605432385,280.2724894482841
51,5,2025-02-01,234.2063697926798,290.6737182077352
51,5,2025-02-08,198.79385746317405,270.22354572612164
51,5,2025-02-15,159.85927032489022,228.12878602995957
51,5,2025-02-22,125.6171670097977,185.155087795772
51,5,2025-03-01,106.14714306411543,152.33523796561724
51,5,2025-03-08,81.17864747726696,122.2861763921152
51,5,2025-03-15,62.69645726644908,96.5702923985999
51,5,2025-03-22,37.01528964496191,63.93330003168004
51,5,2025-03-29,22.851040063907735,42.3990819469302
51,5,2025-04-05,16.5081243550933,30.768422455126892
51,5,2025-04-12,11.099477162104819,20.401488255777476
51,5,2025-04-19,9.3477871989628,15.510156467986048
51,5,2025-04-26,8.498684164945928,13.149878379427655
51,15,2024-11-30,211.59991545003794,232.37416483597798
51,15,2024-12-07,214.20475805691743,238.1891149306199
51,15,2024-12-14,224.95043476128384,243.9150062963896
51,15,2024-12-21,226.9168317246574,250.59119192965855
51,15,2024-12-28,232.3155941840764,258.41620205297045
51,15,2025-01-04,226.65108100567605,267.91558277138415
51,15,2025-01-11,215.66349367894375,271.1195075832067
51,15,2025-01-18,220.69831915372004,280.2724894482841
51,15,2025-02-01,233.36080641878524,290.6737182077352
51,15,2025-02-08,209.56727482654307,270.22354572612164
51,15,2025-02-15,174.53743926075867,228.12878602995957
51,15,2025-02-22,138.66934752136274,185.155087795772
51,15,2025-03-01,119.2011178990447,152.33523796561724
51,15,2025-03-08,91.05689936836775,122.2861763921152
51,15,2025-03-15,71.49646160857573,96.5702923985999
51,15,2025-03-22,44.46127808519242,63.93330003168004
51,15,2025-03-29,27.489934602251125,42.3990819469302
51,15,2025-04-05,19.519895861456423,30.768422455126892
51,15,2025-04-12,12.800438222205264,20.401488255777476
51,15,2025-04-19,10.640201499716428,15.510156467986048
51,15,2025-04-26,9.611468607841623,13.149878379427655
51,25,2024-11-30,215.17146667268756,232.37416483597798
51,25,2024-12-07,223.9022090166209,238.1891149306199
51,25,2024-12-14,231.6324303121049,243.9150062963896
51,25,2024-12-21,236.1824391250346,250.59119192965855
51,25,2024-12-28,240.16530449450426,258.41620205297045
51,25,2025-01-04,236.5533219369175,267.91558277138415
51,25,2025-01-11,226.8676192874091,271.1195075832067
51,25,2025-01-18,230.43433500079914,280.2724894482841
51,25,2025-02-01,241.70369316762708,290.6737182077352
51,25,2025-02-08,219.86862386034042,270.22354572612164
51,25,2025-02-15,183.02522975581698,228.12878602995957
51,25,2025-02-22,147.20631215899252,185.155087795772
51,25,2025-03-01,122.66778705021741,152.33523796561724
51,25,2025-03-08,95.87824593460397,122.2861763921152
51,25,2025-03-15,74.97982294856763,96.5702923985999
51,25,2025-03-22,47.07839265111966,63.93330003168004
51,25,2025-03-29,29.341918818996103,42.3990819469302
51,25,2025-04-05,20.96637782444585,30.768422455126892
51,25,2025-04-12,13.588492002363626,20.401488255777476
51,25,2025-04-19,11.119828998700811,15.510156467986048
51,25,2025-04-26,10.032728965882363,13.149878379427655
51,50,2024-11-30,215.83449478758203,232.37416483597798
51,50,2024-12-07,222.25715521001405,238.1891149306199
51,50,2024-12-14,231.20812447535602,243.9150062963896
51,50,2024-12-21,238.6357269368745,250.59119192965855
51,50,2024-12-28,247.0759580617831,258.41620205297045
51,50,2025-01-04,250.6932931452881,267.91558277138415
51,50,2025-01-11,245.77961609757986,271.1195075832067
51,50,2025-01-18,254.209625923599,280.2724894482841
51,50,2025-02-01,265.42440524875457,290.6737182077352
51,50,2025-02-08,242.75967404610657,270.22354572612164
51,50,2025-02-15,202.06217826530215,228.12878602995957
51,50,2025-02-22,163.14167682566128,185.155087795772
51,50,2025-03-01,134.2654025053663,152.33523796561724
51,50,2025-03-08,105.6980551154044,122.2861763921152
51,50,2025-03-15,82.42243431561496,96.5702923985999
51,50,2025-03-22,52.28245661834253,63.93330003168004
51,50,2025-03-29,33.14414914396368,42.3990819469302
51,50,2025-04-05,23.56418965017592,30.768422455126892
51,50,2025-04-12,14.958537852319168,20.401488255777476
51,50,2025-04-19,11.59951590418089,15.510156467986048
51,50,2025-04-26,10.268215660861582,13.149878379427655
51,75,2024-11-30,221.69062057727294,232.37416483597798
51,75,2024-12-07,229.33912320371556,238.1891149306199
51,75,2024-12-14,237.88072529164137,243.9150062963896
51,75,2024-12-21,247.40865542650468,250.59119192965855
51,75,2024-12-28,258.3878116454445,258.41620205297045
51,75,2025-01-04,268.7740407374378,267.91558277138415
51,75,2025-01-11,266.7399925374518,271.1195075832067
51,75,2025-01-18,275.0299365185254,280.2724894482841
51,75,2025-02-01,284.6122990640553,290.6737182077352
51,75,2025-02-08,262.0087165147785,270.22354572612164
51,75,2025-02-15,219.2713967229389,228.12878602995957
51,75,2025-02-22,176.9551252394011,185.155087795772
51,75,2025-03-01,144.7156673808241,152.33523796561724
51,75,2025-03-08,114.7805031166507,122.2861763921152
51,75,2025-03-15,89.96488975466303,96.5702923985999
51,75,2025-03-22,58.35638675945006,63.93330003168004
51,75,2025-03-29,38.07816739518335,42.3990819469302
51,75,2025-04-05,27.439106737587984,30.768422455126892
51,75,2025-04-12,17.85055261088071,20.401488255777476
51,75,2025-04-19,13.57554131032388,15.510156467986048
51,75,2025-04-26,11.680251978569432,13.149878379427655
10,5,2024-11-30,29.190018507736564,26.65603327141336
10,5,2024-12-07,26.590634891185285,27.63959915677553
10,5,2024-12-14,25.02178633248708,28.66749404621334
10,5,2024-12-21,28.491147792238774,29.726834148687676
10,5,2024-12-28,24.67587274328168,30.68543643295718
10,5,2025-01-04,22.737205631518652,30.397250181357055
10,5,2025-01-11,20.189867518104876,26.16170926383131
10,5,2025-01-18,19.833183621658364,25.924801510222856
10,5,2025-02-01,21.116078180635505,26.123630811176906
10,5,2025-02-08,17.401395735578646,23.532209263923132
10,5,2025-02-15,13.914634388119227,19.387015837020773
10,5,2025-02-22,8.633638144186142,14.08240067051425
10,5,2025-03-01,7.252613455785799,11.680479967846473
10,5,2025-03-08,5.452149436674398,9.142913562680013
10,5,2025-03-15,5.102701098389915,7.762538534934507
10,5,2025-03-22,4.138051584097522,6.262454151320816
10,5,2025-03-29,3.175217196064816,4.927598958332919
10,5,2025-04-05,3.2039305364144703,4.405351722883953
10,5,2025-04-12,2.7212041631429624,3.725165641733594
10,5,2025-04-19,2.2114478091136003,3.029823971469727
10,5,2025-04-26,1.6825203569717286,2.3357884881532582
10,15,2024-11-30,25.29607969818976,26.65603327141336
10,15,2024-12-07,25.774571105601282,27.63959915677553
10,15,2024-12-14,26.122945968823647,28.66749404621334
10,15,2024-12-21,27.935398542066245,29.726834148687676
10,15,2024-12-28,26.893870460324965,30.68543643295718
10,15,2025-01-04,24.743658474571607,30.397250181357055
10,15,2025-01-11,20.028624652213892,26.16170926383131
10,15,2025-01-18,19.135792506088446,25.924801510222856
10,15,2025-02-01,19.75101888873678,26.123630811176906
10,15,2025-02-08,17.296907103878034,23.532209263923132
10,15,2025-02-15,14.296047775934847,19.387015837020773
10,15,2025-02-22,10.134999592169258,14.08240067051425
10,15,2025-03-01,8.416589797108522,11.680479967846473
10,15,2025-03-08,6.2980283903067145,9.142913562680013
10,15,2025-03-15,5.429198065209042,7.762538534934507
10,15,2025-03-22,4.3471446373095,6.262454151320816
10,15,2025-03-29,3.3432297832239217,4.927598958332919
10,15,2025-04-05,3.259556374216369,4.405351722883953
10,15,2025-04-12,2.7986154271220007,3.725165641733594
10,15,2025-04-19,2.3338821050915795,3.029823971469727
10,15,2025-04-26,1.8387544974880787,2.3357884881532582
10,25,2024-11-30,25.295409812939926,26.65603327141336
10,25,2024-12-07,25.756693966739935,27.63959915677553
10,25,2024-12-14,26.752761393527322,28.66749404621334
10,25,2024-12-21,28.8603501068676,29.726834148687676
10,25,2024-12-28,28.12755020477105,30.68543643295718
10,25,2025-01-04,26.456338938174994,30.397250181357055
10,25,2025-01-11,21.20541268179375,26.16170926383131
10,25,2025-01-18,20.277410220299586,25.924801510222856
10,25,2025-02-01,21.248576571700863,26.123630811176906
10,25,2025-02-08,18.56544783673499,23.532209263923132
10,25,2025-02-15,15.439536425612552,19.387015837020773
10,25,2025-02-22,11.131134962020788,14.08240067051425
10,25,2025-03-01,9.212774800328118,11.680479967846473
10,25,2025-03-08,6.8084248237048,9.142913562680013
10,25,2025-03-15,5.84738944677272,7.762538534934507
10,25,2025-03-22,4.629691322192445,6.262454151320816
10,25,2025-03-29,3.486640828228587,4.927598958332919
10,25,2025-04-05,3.278170115756989,4.405351722883953
10,25,2025-04-12,2.807307844637898,3.725165641733594
10,25,2025-04-19,2.331545167896109,3.029823971469727
10,25,2025-04-26,1.8293938683151303,2.3357884881532582
10,50,2024-11-30,26.290329517528495,26.65603327141336
10,50,2024-12-07,27.346741800931156,27.63959915677553
10,50,2024-12-14,28.506586153884882,28.66749404621334
10,50,2024-12-21,30.095656600598755,29.726834148687676
10,50,2024-12-28,30.20479593183251,30.68543643295718
10,50,2025-01-04,28.74194134316159,30.397250181357055
10,50,2025-01-11,23.166481436503393,26.16170926383131
10,50,2025-01-18,22.527340286332834,25.924801510222856
10,50,2025-02-01,24.039326734812164,26.123630811176906
10,50,2025-02-08,21.518453908286226,23.532209263923132
10,50,2025-02-15,17.656437039236476,19.387015837020773
10,50,2025-02-22,12.481972488040325,14.08240067051425
10,50,2025-03-01,10.394707033683947,11.680479967846473
10,50,2025-03-08,7.812574641359458,9.142913562680013
10,50,2025-03-15,6.531207001171848,7.762538534934507
10,50,2025-03-22,5.249457710468998,6.262454151320816
10,50,2025-03-29,4.086406813477059,4.927598958332919
10,50,2025-04-05,3.6265294715428027,4.405351722883953
10,50,2025-04-12,3.10260067836739,3.725165641733594
10,50,2025-04-19,2.5363517912593134,3.029823971469727
10,50,2025-04-26,1.967340146169607,2.3357884881532582
10,75,2024-11-30,25.905073281140616,26.65603327141336
10,75,2024-12-07,26.881692158209884,27.63959915677553
10,75,2024-12-14,27.998988070012675,28.66749404621334
10,75,2024-12-21,29.37039552716405,29.726834148687676
10,75,2024-12-28,30.316568039257092,30.68543643295718
10,75,2025-01-04,29.37666469022463,30.397250181357055
10,75,2025-01-11,24.250429602262674,26.16170926383131
10,75,2025-01-18,24.04944963969719,25.924801510222856
10,75,2025-02-01,24.79662007621395,26.123630811176906
10,75,2025-02-08,22.286467573171663,23.532209263923132
10,75,2025-02-15,18.30362858396238,19.387015837020773
10,75,2025-02-22,13.1409750337302,14.08240067051425
10,75,2025-03-01,10.99010478001983,11.680479967846473
10,75,2025-03-08,8.500011066536466,9.142913562680013
10,75,2025-03-15,7.0555110670207855,7.762538534934507
10,75,2025-03-22,5.6851171251395645,6.262454151320816
10,75,2025-03-29,4.471179353975688,4.927598958332919
10,75,2025-04-05,4.058266935643901,4.405351722883953
10,75,2025-04-12,3.456500518609081,3.725165641733594
10,75,2025-04-19,2.834102811043986,3.029823971469727
10,75,2025-04-26,2.192689732743322,2.3357884881532582
72,5,2024-11-30,186.34728780718333,161.09577228733454
72,5,2024-12-07,266.31139673913043,164.64183516798414
72,5,2024-12-14,261.3113141821947,164.37722962732914
72,5,2024-12-21,272.7531532608695,165.80283434782604
72,5,2024-12-28,270.24575114416473,168.3146909496567
72,5,2025-01-04,241.652218800322,159.69157501207732
72,5,2025-01-11,170.69374339300938,133.12384421994886
72,5,2025-01-18,91.09812771739129,88.82524566576086
72,5,2025-02-01,141.17795108695654,77.82104669254659
72,5,2025-02-08,117.82763795986625,78.09802973244146
72,5,2025-02-15,116.9701186594203,79.7158211231884
72,5,2025-02-22,99.42177173913045,80.8678209090909
72,5,2025-03-01,93.24403731884057,82.49053284782607
72,5,2025-03-08,92.46621175523349,84.52913553140095
72,5,2025-03-15,94.72050543478261,87.32323372282606
72,5,2025-03-22,96.59763819875778,86.62852400621115
72,5,2025-03-29,106.08638224637683,90.6970530797101
72,5,2025-04-05,115.61454130434781,96.73404126086953
72,5,2025-04-12,130.78498097826088,105.5161876086956
72,5,2025-04-19,106.35725724637682,97.78030681159413
72,5,2025-04-26,109.6483641304348,98.88465663043478
72,15,2024-11-30,155.8204214713295,161.09577228733454
72,15,2024-12-07,180.79341971343874,164.64183516798414
72,15,2024-12-14,210.70089035541753,164.37722962732914
72,15,2024-12-21,194.89110760869568,165.80283434782604
72,15,2024-12-28,208.0420161136537,168.3146909496567
72,15,2025-01-04,208.7782860305958,159.69157501207732
72,15,2025-01-11,152.4193152173913,133.12384421994886
72,15,2025-01-18,98.11806861413044,88.82524566576086
72,15,2025-02-01,115.33709006211178,77.82104669254659
72,15,2025-02-08,103.51347157190634,78.09802973244146
72,15,2025-02-15,98.55588405797103,79.7158211231884
72,15,2025-02-22,99.3440848155468,80.8678209090909
72,15,2025-03-01,114.18356702898552,82.49053284782607
72,15,2025-03-08,111.99123550724637,84.52913553140095
72,15,2025-03-15,111.35057540760869,87.32323372282606
72,15,2025-03-22,107.38793555900621,86.62852400621115
72,15,2025-03-29,111.85273188405797,90.6970530797101
72,15,2025-04-05,120.8475793478261,96.73404126086953
72,15,2025-04-12,131.29119021739132,105.5161876086956
72,15,2025-04-19,115.19220833333334,97.78030681159413
72,15,2025-04-26,116.96863586956525,98.88465663043478
72,25,2024-11-30,165.9875003150599,161.09577228733454
72,25,2024-12-07,164.96229759552045,164.64183516798414
72,25,2024-12-14,161.25440760869566,164.37722962732914
72,25,2024-12-21,165.10094673913048,165.80283434782604
72,25,2024-12-28,186.0504605263158,168.3146909496567
72,25,2025-01-04,180.23016515700482,159.69157501207732
72,25,2025-01-11,135.65221099744244,133.12384421994886
72,25,2025-01-18,96.42799864130434,88.82524566576086
72,25,2025-02-01,103.46588069358177,77.82104669254659
72,25,2025-02-08,102.16835535117055,78.09802973244146
72,25,2025-02-15,106.17021829710144,79.7158211231884
72,25,2025-02-22,102.0400375494071,80.8678209090909
72,25,2025-03-01,112.01021413043479,82.49053284782607
72,25,2025-03-08,109.64468599033815,84.52913553140095
72,25,2025-03-15,113.42039334239132,87.32323372282606
72,25,2025-03-22,96.95627173913044,86.62852400621115
72,25,2025-03-29,102.14586956521741,90.6970530797101
72,25,2025-04-05,109.64847826086957,96.73404126086953
72,25,2025-04-12,127.21342391304347,105.5161876086956
72,25,2025-04-19,110.72326086956524,97.78030681159413
72,25,2025-04-26,112.51363043478263,98.88465663043478
72,50,2024-11-30,156.69248041587898,161.09577228733454
72,50,2024-12-07,159.65085359683792,164.64183516798414
72,50,2024-12-14,159.34662894409934,164.37722962732914
72,50,2024-12-21,165.94774943478262,165.80283434782604
72,50,2024-12-28,170.10390237986272,168.3146909496567
72,50,2025-01-04,175.68741956521743,159.69157501207732
72,50,2025-01-11,134.1357159079284,133.12384421994886
72,50,2025-01-18,92.31270809782606,88.82524566576086
72,50,2025-02-01,84.01304360248447,77.82104669254659
72,50,2025-02-08,83.47575618729098,78.09802973244146
72,50,2025-02-15,88.24981108695653,79.7158211231884
72,50,2025-02-22,94.47851351778658,80.8678209090909
72,50,2025-03-01,103.51967121739128,82.49053284782607
72,50,2025-03-08,109.3304729468599,84.52913553140095
72,50,2025-03-15,115.1825797826087,87.32323372282606
72,50,2025-03-22,105.42104409937886,86.62852400621115
72,50,2025-03-29,108.55975119565214,90.6970530797101
72,50,2025-04-05,115.97302491304347,96.73404126086953
72,50,2025-04-12,125.22400244565218,105.5161876086956
72,50,2025-04-19,115.92785775362319,97.78030681159413
72,50,2025-04-26,117.33157304347824,98.88465663043478
72,75,2024-11-30,164.7994116257089,161.09577228733454
72,75,2024-12-07,168.9712144268775,164.64183516798414
72,75,2024-12-14,168.59551708074537,164.37722962732914
72,75,2024-12-21,171.9668236413044,165.80283434782604
72,75,2024-12-28,179.67543945461478,168.3146909496567
72,75,2025-01-04,170.5128600040258,159.69157501207732
72,75,2025-01-11,138.3464758098892,133.12384421994886
72,75,2025-01-18,96.20591779891303,88.82524566576086
72,75,2025-02-01,85.58536348343685,77.82104669254659
72,75,2025-02-08,86.38914632107024,78.09802973244146
72,75,2025-02-15,88.8035036231884,79.7158211231884
72,75,2025-02-22,90.93035326086957,80.8678209090909
72,75,2025-03-01,97.3434320652174,82.49053284782607
72,75,2025-03-08,102.65792632850244,84.52913553140095
72,75,2025-03-15,106.7527364130435,87.32323372282606
72,75,2025-03-22,102.63579736024845,86.62852400621115
72,75,2025-03-29,108.26230344202897,90.6970530797101
72,75,2025-04-05,117.27448369565226,96.73404126086953
72,75,2025-04-12,128.007508152174,105.5161876086956
72,75,2025-04-19,117.89110869565225,97.78030681159413
72,75,2025-04-26,118.99400000000007,98.88465663043478
35,5,2024-11-30,69.61880054432629,66.06060711598543
35,5,2024-12-07,68.27813791128514,68.11698628538844
35,5,2024-12-14,67.63052714790066,69.9166003845107
35,5,2024-12-21,68.35482300302489,71.90630044434741
35,5,2024-12-28,68.07958909067334,72.85442049768048
35,5,2025-01-04,60.681581880254626,73.24483534897509
35,5,2025-01-11,59.97853218496487,70.2157033260986
35,5,2025-01-18,62.50405053928145,69.0531715523476
35,5,2025-02-01,65.56338252604513,67.02194087471092
35,5,2025-02-08,64.45429229671528,65.64439154321165
35,5,2025-02-15,63.91159674253655,63.46208476267993
35,5,2025-02-22,57.52392792723796,57.18675682506092
35,5,2025-03-01,47.315264934106764,49.535094986400665
35,5,2025-03-08,43.01328406869161,44.16672478306511
35,5,2025-03-15,36.3300976386848,36.936902040193885
35,5,2025-03-22,30.104777985628917,31.04113293166552
35,5,2025-03-29,25.653268446009687,26.147058143898047
35,5,2025-04-05,20.929365232453073,21.188686567370542
35,5,2025-04-12,19.047685302529892,18.997046151098765
35,5,2025-04-19,19.989047613238935,19.519311736120645
35,5,2025-04-26,22.953945864103765,21.827316824975824
35,15,2024-11-30,63.04618826660704,66.06060711598543
35,15,2024-12-07,64.42941726807804,68.11698628538844
35,15,2024-12-14,64.83120207379262,69.9166003845107
35,15,2024-12-21,66.50812164343341,71.90630044434741
35,15,2024-12-28,67.34369386988226,72.85442049768048
35,15,2025-01-04,67.64603995624663,73.24483534897509
35,15,2025-01-11,65.87582858039039,70.2157033260986
35,15,2025-01-18,66.07676099699202,69.0531715523476
35,15,2025-02-01,69.56254149945038,67.02194087471092
35,15,2025-02-08,65.77104489438196,65.64439154321165
35,15,2025-02-15,65.31312950329315,63.46208476267993
35,15,2025-02-22,58.57304592493848,57.18675682506092
35,15,2025-03-01,49.95134273887005,49.535094986400665
35,15,2025-03-08,44.47761947129648,44.16672478306511
35,15,2025-03-15,37.30175403537653,36.936902040193885
35,15,2025-03-22,30.82172479935923,31.04113293166552
35,15,2025-03-29,25.815236814374476,26.147058143898047
35,15,2025-04-05,21.062700396763347,21.188686567370542
35,15,2025-04-12,19.124897347292354,18.997046151098765
35,15,2025-04-19,20.110067340030504,19.519311736120645
35,15,2025-04-26,22.8278870026595,21.827316824975824
35,25,2024-11-30,61.94979559667178,66.06060711598543
35,25,2024-12-07,65.45588811930999,68.11698628538844
35,25,2024-12-14,67.09193672592816,69.9166003845107
35,25,2024-12-21,69.31175581876016,71.90630044434741
35,25,2024-12-28,70.35847607194012,72.85442049768048
35,25,2025-01-04,71.49762906820645,73.24483534897509
35,25,2025-01-11,69.33578751161747,70.2157033260986
35,25,2025-01-18,69.56369220527594,69.0531715523476
35,25,2025-02-01,69.31996383590422,67.02194087471092
35,25,2025-02-08,67.02646167535524,65.64439154321165
35,25,2025-02-15,66.88291348715788,63.46208476267993
35,25,2025-02-22,59.74559748043067,57.18675682506092
35,25,2025-03-01,49.22390033876039,49.535094986400665
35,25,2025-03-08,44.176731421559296,44.16672478306511
35,25,2025-03-15,37.18882130194877,36.936902040193885
35,25,2025-03-22,30.767754432461384,31.04113293166552
35,25,2025-03-29,25.963073488804966,26.147058143898047
35,25,2025-04-05,21.15263290155151,21.188686567370542
35,25,2025-04-12,19.028151494821202,18.997046151098765
35,25,2025-04-19,20.012867367961626,19.519311736120645
35,25,2025-04-26,22.74136883963926,21.827316824975824
35,50,2024-11-30,63.025702771604884,66.06060711598543
35,50,2024-12-07,65.3033701255316,68.11698628538844
35,50,2024-12-14,67.17578278969165,69.9166003845107
35,50,2024-12-21,69.89563746365823,71.90630044434741
35,50,2024-12-28,71.52625757133744,72.85442049768048
35,50,2025-01-04,74.80024125448561,73.24483534897509
35,50,2025-01-11,72.75336770068151,70.2157033260986
35,50,2025-01-18,71.65186397464367,69.0531715523476
35,50,2025-02-01,70.83091716716277,67.02194087471092
35,50,2025-02-08,69.09678578200976,65.64439154321165
35,50,2025-02-15,67.38633051316411,63.46208476267993
35,50,2025-02-22,60.243589393602406,57.18675682506092
35,50,2025-03-01,50.73628636404031,49.535094986400665
35,50,2025-03-08,44.97552471789829,44.16672478306511
35,50,2025-03-15,37.57648419391789,36.936902040193885
35,50,2025-03-22,30.916697051176346,31.04113293166552
35,50,2025-03-29,25.79421733172812,26.147058143898047
35,50,2025-04-05,20.89500587202135,21.188686567370542
35,50,2025-04-12,18.656672137790988,18.997046151098765
35,50,2025-04-19,19.43566542977945,19.519311736120645
35,50,2025-04-26,21.991249821010584,21.827316824975824
35,75,2024-11-30,64.6931730857795,66.06060711598543
35,75,2024-12-07,66.84371877422376,68.11698628538844
35,75,2024-12-14,68.58716666995471,69.9166003845107
35,75,2024-12-21,70.42864793249701,71.90630044434741
35,75,2024-12-28,71.25044571809079,72.85442049768048
35,75,2025-01-04,72.24039330473205,73.24483534897509
35,75,2025-01-11,70.64207718885426,70.2157033260986
35,75,2025-01-18,70.38688068777542,69.0531715523476
35,75,2025-02-01,69.41508135905336,67.02194087471092
35,75,2025-02-08,67.92142376942164,65.64439154321165
35,75,2025-02-15,65.43713218459365,63.46208476267993
35,75,2025-02-22,58.85321449989422,57.18675682506092
35,75,2025-03-01,50.441054544823075,49.535094986400665
35,75,2025-03-08,44.77200052179391,44.16672478306511
35,75,2025-03-15,37.29373243732588,36.936902040193885
35,75,2025-03-22,31.054254255888058,31.04113293166552
35,75,2025-03-29,26.02568770152655,26.147058143898047
35,75,2025-04-05,21.078752555011075,21.188686567370542
35,75,2025-04-12,18.88368446024664,18.997046151098765
35,75,2025-04-19,19.489376077668584,19.519311736120645
35,75,2025-04-26,21.920494422094194,21.827316824975824
49,5,2024-11-30,51.54066891256016,58.9085765559676
49,5,2024-12-07,51.898536492057545,60.62382899480712
49,5,2024-12-14,45.251859853914354,62.106907085381806
49,5,2024-12-21,47.78457631576753,63.320778447052206
49,5,2024-12-28,48.29800813985195,63.859780378782894
49,5,2025-01-04,45.923724987217525,61.934894193580604
49,5,2025-01-11,42.478467365264585,55.66875367786099
49,5,2025-01-18,41.16842380150123,53.267649995189814
49,5,2025-02-01,43.353770160339465,51.49156686436555
49,5,2025-02-08,43.8505854640307,49.56840911170663
49,5,2025-02-15,39.59595939279721,45.53518962826602
49,5,2025-02-22,34.8722506222772,40.3526011494444
49,5,2025-03-01,29.908348975253,34.60117460249519
49,5,2025-03-08,28.095992161715387,31.675902905715393
49,5,2025-03-15,24.15847427011544,27.377291384662612
49,5,2025-03-22,20.38335731149412,23.095711369775227
49,5,2025-03-29,17.580334109754514,19.90882448402488
49,5,2025-04-05,16.088903876468162,17.991177214742912
49,5,2025-04-12,12.806328804224576,14.424118065032772
49,5,2025-04-19,11.600875514317005,12.866468310627198
49,5,2025-04-26,10.155860813919105,11.136776057468204
49,15,2024-11-30,50.93498475328144,58.9085765559676
49,15,2024-12-07,53.176769320967374,60.62382899480712
49,15,2024-12-14,49.099647092077355,62.106907085381806
49,15,2024-12-21,49.0077251895016,63.320778447052206
49,15,2024-12-28,49.95733561235258,63.859780378782894
49,15,2025-01-04,48.83977730413993,61.934894193580604
49,15,2025-01-11,44.00947235114615,55.66875367786099
49,15,2025-01-18,42.030912779264284,53.267649995189814
49,15,2025-02-01,43.23789398674719,51.49156686436555
49,15,2025-02-08,42.7458229155814,49.56840911170663
49,15,2025-02-15,39.2650222243741,45.53518962826602
49,15,2025-02-22,34.87768327169371,40.3526011494444
49,15,2025-03-01,30.005722257945603,34.60117460249519
49,15,2025-03-08,27.922415420369973,31.675902905715393
49,15,2025-03-15,24.07487866122731,27.377291384662612
49,15,2025-03-22,20.510707530683987,23.095711369775227
49,15,2025-03-29,17.772748176222777,19.90882448402488
49,15,2025-04-05,16.17685003196704,17.991177214742912
49,15,2025-04-12,12.934674622312151,14.424118065032772
49,15,2025-04-19,11.673837884342653,12.866468310627198
49,15,2025-04-26,10.174557002029431,11.136776057468204
49,25,2024-11-30,50.471327633267926,58.9085765559676
49,25,2024-12-07,52.80040498539734,60.62382899480712
49,25,2024-12-14,50.35490671744947,62.106907085381806
49,25,2024-12-21,50.58254437584691,63.320778447052206
49,25,2024-12-28,51.303152558718295,63.859780378782894
49,25,2025-01-04,49.765343283204665,61.934894193580604
49,25,2025-01-11,44.24533229326682,55.66875367786099
49,25,2025-01-18,42.8838929371386,53.267649995189814
49,25,2025-02-01,41.19271639725782,51.49156686436555
49,25,2025-02-08,39.77419171368399,49.56840911170663
49,25,2025-02-15,37.263833239904976,45.53518962826602
49,25,2025-02-22,33.63857852680656,40.3526011494444
49,25,2025-03-01,29.52902770050281,34.60117460249519
49,25,2025-03-08,27.5307126668362,31.675902905715393
49,25,2025-03-15,24.00082062534245,27.377291384662612
49,25,2025-03-22,20.306032000857417,23.095711369775227
49,25,2025-03-29,17.57112103721789,19.90882448402488
49,25,2025-04-05,16.022145450004224,17.991177214742912
49,25,2025-04-12,12.776876991970234,14.424118065032772
49,25,2025-04-19,11.550663261091445,12.866468310627198
49,25,2025-04-26,10.072790363378957,11.136776057468204
49,50,2024-11-30,52.80368237662813,58.9085765559676
49,50,2024-12-07,54.72938713372128,60.62382899480712
49,50,2024-12-14,55.01463732909116,62.106907085381806
49,50,2024-12-21,55.39461444208022,63.320778447052206
49,50,2024-12-28,54.16060247492792,63.859780378782894
49,50,2025-01-04,51.01338491993284,61.934894193580604
49,50,2025-01-11,44.83208286077846,55.66875367786099
49,50,2025-01-18,42.78028018827226,53.267649995189814
49,50,2025-02-01,42.211796136606274,51.49156686436555
49,50,2025-02-08,41.13271973600642,49.56840911170663
49,50,2025-02-15,37.69375618773971,45.53518962826602
49,50,2025-02-22,33.562985801405524,40.3526011494444
49,50,2025-03-01,28.990669144505024,34.60117460249519
49,50,2025-03-08,26.817821797661782,31.675902905715393
49,50,2025-03-15,23.312942679593395,27.377291384662612
49,50,2025-03-22,19.81584986419597,23.095711369775227
49,50,2025-03-29,17.285929076235902,19.90882448402488
49,50,2025-04-05,15.80146175760579,17.991177214742912
49,50,2025-04-12,12.659455614135195,14.424118065032772
49,50,2025-04-19,11.441763703183945,12.866468310627198
49,50,2025-04-26,10.035114677198976,11.136776057468204
49,75,2024-11-30,56.44088499712165,58.9085765559676
49,75,2024-12-07,58.19271324692102,60.62382899480712
49,75,2024-12-14,59.42983700390949,62.106907085381806
49,75,2024-12-21,60.17154832512373,63.320778447052206
49,75,2024-12-28,59.97858286445794,63.859780378782894
49,75,2025-01-04,57.160910620370956,61.934894193580604
49,75,2025-01-11,50.51453115825577,55.66875367786099
49,75,2025-01-18,48.06498101582672,53.267649995189814
49,75,2025-02-01,46.695860373762166,51.49156686436555
49,75,2025-02-08,45.09925042541314,49.56840911170663
49,75,2025-02-15,41.51561696291919,45.53518962826602
49,75,2025-02-22,36.93851418118592,40.3526011494444
49,75,2025-03-01,31.788208605810986,34.60117460249519
49,75,2025-03-08,29.345226085853344,31.675902905715393
49,75,2025-03-15,25.483764520656294,27.377291384662612
49,75,2025-03-22,21.60086794361996,23.095711369775227
49,75,2025-03-29,18.762514263035847,19.90882448402488
49,75,2025-04-05,17.112977701147283,17.991177214742912
49,75,2025-04-12,13.754025697946435,14.424118065032772
49,75,2025-04-19,12.351846585705209,12.866468310627198
49,75,2025-04-26,10.730996012699897,11.136776057468204
13,5,2024-11-30,208.67220615750668,218.62883711593975
13,5,2024-12-07,217.85108253668102,222.81358015554903
13,5,2024-12-14,224.06897808574763,226.44691103964527
13,5,2024-12-21,215.2349985590388,230.98199633700642
13,5,2024-12-28,212.05270414089554,237.1703852092767
13,5,2025-01-04,194.54872287361488,239.98837794201356
13,5,2025-01-11,164.39501506958328,228.56645886872903
13,5,2025-01-18,165.99831733510194,226.03922544547999
13,5,2025-02-01,140.60123020295052,190.58010748213428
13,5,2025-02-08,107.50322130497761,149.8342293163452
13,5,2025-02-15,73.656927714557,102.82833801239757
13,5,2025-02-22,71.9207278200588,86.14562214120737
13,5,2025-03-01,71.62255456284618,80.99387964552753
13,5,2025-03-08,65.32543924438203,72.15515619476733
13,5,2025-03-15,56.89544725244989,61.32825465914566
13,5,2025-03-22,44.13363692500825,47.70309174599498
13,5,2025-03-29,37.525414069636675,40.220577449442644
13,5,2025-04-05,30.25959937366319,32.81441045539352
13,5,2025-04-12,21.31985024463053,23.534939206965124
13,5,2025-04-19,18.43180482914212,20.390548000296857
13,5,2025-04-26,16.226049697575434,17.76692681589623
13,15,2024-11-30,203.7345424029165,218.62883711593975
13,15,2024-12-07,215.99637342502626,222.81358015554903
13,15,2024-12-14,226.27438279668652,226.44691103964527
13,15,2024-12-21,222.70092785334273,230.98199633700642
13,15,2024-12-28,218.72914182066066,237.1703852092767
13,15,2025-01-04,200.96850519200308,239.98837794201356
13,15,2025-01-11,179.81141256106136,228.56645886872903
13,15,2025-01-18,177.74393083471122,226.03922544547999
13,15,2025-02-01,151.4211518275662,190.58010748213428
13,15,2025-02-08,112.42431200200907,149.8342293163452
13,15,2025-02-15,75.29715639592466,102.82833801239757
13,15,2025-02-22,69.37826908783492,86.14562214120737
13,15,2025-03-01,67.12359356769458,80.99387964552753
13,15,2025-03-08,61.011532928403945,72.15515619476733
13,15,2025-03-15,52.42164895288628,61.32825465914566
13,15,2025-03-22,40.85828481653256,47.70309174599498
13,15,2025-03-29,34.28093844501957,40.220577449442644
13,15,2025-04-05,28.05804128603757,32.81441045539352
13,15,2025-04-12,19.899708493800393,23.534939206965124
13,15,2025-04-19,17.382309334989205,20.390548000296857
13,15,2025-04-26,15.423635312129369,17.76692681589623
13,25,2024-11-30,204.3647984414577,218.62883711593975
13,25,2024-12-07,218.51279042765012,222.81358015554903
13,25,2024-12-14,229.34383518519223,226.44691103964527
13,25,2024-12-21,227.38602030094526,230.98199633700642
13,25,2024-12-28,225.9927254650312,237.1703852092767
13,25,2025-01-04,208.79660044850652,239.98837794201356
13,25,2025-01-11,186.55601281703346,228.56645886872903
13,25,2025-01-18,180.63095484325314,226.03922544547999
13,25,2025-02-01,150.01628792453002,190.58010748213428
13,25,2025-02-08,112.35793675622418,149.8342293163452
13,25,2025-02-15,73.06322637210216,102.82833801239757
13,25,2025-02-22,66.15688702645296,86.14562214120737
13,25,2025-03-01,63.58028583569221,80.99387964552753
13,25,2025-03-08,57.26930577008914,72.15515619476733
13,25,2025-03-15,49.63490180725174,61.32825465914566
13,25,2025-03-22,38.815790978216356,47.70309174599498
13,25,2025-03-29,33.13244561056492,40.220577449442644
13,25,2025-04-05,27.508129164885126,32.81441045539352
13,25,2025-04-12,19.881978780307023,23.534939206965124
13,25,2025-04-19,17.305034242638065,20.390548000296857
13,25,2025-04-26,15.152174147706873,17.76692681589623
13,50,2024-11-30,208.58496774857383,218.62883711593975
13,50,2024-12-07,218.4689093951949,222.81358015554903
13,50,2024-12-14,226.58002600356528,226.44691103964527
13,50,2024-12-21,231.48740801615492,230.98199633700642
13,50,2024-12-28,233.07114605150497,237.1703852092767
13,50,2025-01-04,223.5270259300445,239.98837794201356
13,50,2025-01-11,206.55668182095943,228.56645886872903
13,50,2025-01-18,203.3042692197744,226.03922544547999
13,50,2025-02-01,167.97573152982574,190.58010748213428
13,50,2025-02-08,126.57803458360254,149.8342293163452
13,50,2025-02-15,81.98441720353489,102.82833801239757
13,50,2025-02-22,70.12890014869721,86.14562214120737
13,50,2025-03-01,67.6282845330792,80.99387964552753
13,50,2025-03-08,61.10888330212236,72.15515619476733
13,50,2025-03-15,53.0854333925714,61.32825465914566
13,50,2025-03-22,42.16943471677286,47.70309174599498
13,50,2025-03-29,36.068467678855264,40.220577449442644
13,50,2025-04-05,29.812763778310675,32.81441045539352
13,50,2025-04-12,21.703835254267794,23.534939206965124
13,50,2025-04-19,18.872795367504892,20.390548000296857
13,50,2025-04-26,16.572425270339103,17.76692681589623
13,75,2024-11-30,210.06511513986038,218.62883711593975
13,75,2024-12-07,215.94251895122363,222.81358015554903
13,75,2024-12-14,221.65275130124445,226.44691103964527
13,75,2024-12-21,229.02248320781524,230.98199633700642
13,75,2024-12-28,236.08593702667804,237.1703852092767
13,75,2025-01-04,234.4261111630665,239.98837794201356
13,75,2025-01-11,219.23087969004624,228.56645886872903
13,75,2025-01-18,215.76957251547393,226.03922544547999
13,75,2025-02-01,181.17309824356522,190.58010748213428
13,75,2025-02-08,140.2169543116301,149.8342293163452
13,75,2025-02-15,93.46511049440774,102.82833801239757
13,75,2025-02-22,78.87356126768417,86.14562214120737
13,75,2025-03-01,74.92741442355626,80.99387964552753
13,75,2025-03-08,67.42387412235013,72.15515619476733
13,75,2025-03-15,57.8844066340158,61.32825465914566
13,75,2025-03-22,45.480232767817306,47.70309174599498
13,75,2025-03-29,38.53851317267373,40.220577449442644
13,75,2025-04-05,31.6225477936014,32.81441045539352
13,75,2025-04-12,23.07978258028784,23.534939206965124
13,75,2025-04-19,20.059321979262545,20.390548000296857
13,75,2025-04-26,17.558865352041742,17.76692681589623
