state,k_perc,week,wis_adaptive_ensemble2,wis_original_ensemble2
18,5,2023-11-04,118.19822514317248,102.9615623278583
18,5,2023-11-11,98.45918913149796,103.25642073580761
18,5,2023-11-18,90.79542935573778,102.64027196676871
18,5,2023-11-25,89.66381275282824,101.4437659211759
18,5,2023-12-02,76.92800860224975,99.51777430914719
18,5,2023-12-09,75.01560680783172,97.66516918493294
18,5,2023-12-16,75.01765813601814,95.62856874437954
18,5,2023-12-23,74.39239848200978,94.44048971957712
18,5,2023-12-30,70.02142386858714,94.35765762120658
18,5,2024-01-06,71.72440319715716,94.89555929626954
18,5,2024-01-13,71.63839356991089,95.32240682859009
18,5,2024-01-20,73.37852488465799,96.71523851007903
18,5,2024-01-27,73.59617122211743,99.17105317912117
18,5,2024-02-03,73.80576400270445,101.10914175640147
18,5,2024-02-10,76.41685796095116,100.85859098070425
18,5,2024-02-17,79.97838433381204,98.77993846022615
18,5,2024-02-24,83.28880780311286,95.85290480197813
18,5,2024-03-02,82.43256063174766,90.67738263846087
18,5,2024-03-09,80.55105970612921,84.07799681018386
18,5,2024-03-16,75.24594042075692,70.45993114261229
18,5,2024-03-23,59.57169203459953,60.09402022469107
18,5,2024-03-30,53.765676046007954,58.515872172626004
18,5,2024-04-06,60.00654757893323,51.44632990066728
18,5,2024-04-13,59.17291667134673,35.73734645651181
18,5,2024-04-20,44.59323321298323,21.9326922962374
18,15,2023-11-04,110.30303212770919,102.9615623278583
18,15,2023-11-11,100.73942483512228,103.25642073580761
18,15,2023-11-18,95.16816760499128,102.64027196676871
18,15,2023-11-25,96.69923592213576,101.4437659211759
18,15,2023-12-02,85.00433212771065,99.51777430914719
18,15,2023-12-09,84.89457306383498,97.66516918493294
18,15,2023-12-16,82.55648919073522,95.62856874437954
18,15,2023-12-23,79.7083229696921,94.44048971957712
18,15,2023-12-30,79.08284394998905,94.35765762120658
18,15,2024-01-06,79.69266364902332,94.89555929626954
18,15,2024-01-13,76.54173963255167,95.32240682859009
18,15,2024-01-20,77.87454629824765,96.71523851007903
18,15,2024-01-27,78.45450474231718,99.17105317912117
18,15,2024-02-03,77.34982221008185,101.10914175640147
18,15,2024-02-10,78.94548853831357,100.85859098070425
18,15,2024-02-17,80.38760868322507,98.77993846022615
18,15,2024-02-24,81.83257087718275,95.85290480197813
18,15,2024-03-02,83.42008809313381,90.67738263846087
18,15,2024-03-09,83.07641166832401,84.07799681018386
18,15,2024-03-16,80.63249300077136,70.45993114261229
18,15,2024-03-23,65.6016789355024,60.09402022469107
18,15,2024-03-30,58.741161932326825,58.515872172626004
18,15,2024-04-06,64.37024066766539,51.44632990066728
18,15,2024-04-13,63.142218672873256,35.73734645651181
18,15,2024-04-20,47.74857158495884,21.9326922962374
18,25,2023-11-04,98.71730648242284,102.9615623278583
18,25,2023-11-11,96.17847092316333,103.25642073580761
18,25,2023-11-18,95.77245312382739,102.64027196676871
18,25,2023-11-25,93.5537889004107,101.4437659211759
18,25,2023-12-02,91.59592601112467,99.51777430914719
18,25,2023-12-09,87.87766446065584,97.66516918493294
18,25,2023-12-16,85.10649973883329,95.62856874437954
18,25,2023-12-23,82.19800521675587,94.44048971957712
18,25,2023-12-30,80.95677510102327,94.35765762120658
18,25,2024-01-06,80.56959673846505,94.89555929626954
18,25,2024-01-13,77.13864562177922,95.32240682859009
18,25,2024-01-20,76.90249573318353,96.71523851007903
18,25,2024-01-27,78.49063067313935,99.17105317912117
18,25,2024-02-03,79.37511766588351,101.10914175640147
18,25,2024-02-10,80.74668440777992,100.85859098070425
18,25,2024-02-17,81.99602103416579,98.77993846022615
18,25,2024-02-24,83.88429163541151,95.85290480197813
18,25,2024-03-02,85.56421399920049,90.67738263846087
18,25,2024-03-09,85.06396225255557,84.07799681018386
18,25,2024-03-16,82.8058756684728,70.45993114261229
18,25,2024-03-23,70.32687342718812,60.09402022469107
18,25,2024-03-30,63.53685946194944,58.515872172626004
18,25,2024-04-06,69.73405445136335,51.44632990066728
18,25,2024-04-13,68.97625647308166,35.73734645651181
18,25,2024-04-20,52.31256522510679,21.9326922962374
18,50,2023-11-04,98.77850093509886,102.9615623278583
18,50,2023-11-11,100.3510661657441,103.25642073580761
18,50,2023-11-18,98.81791034265261,102.64027196676871
18,50,2023-11-25,99.42886906989975,101.4437659211759
18,50,2023-12-02,97.41639825334555,99.51777430914719
18,50,2023-12-09,94.53282168695269,97.66516918493294
18,50,2023-12-16,90.48650549191436,95.62856874437954
18,50,2023-12-23,86.88008957356999,94.44048971957712
18,50,2023-12-30,83.91170516042395,94.35765762120658
18,50,2024-01-06,82.80916648627323,94.89555929626954
18,50,2024-01-13,81.19038927084908,95.32240682859009
18,50,2024-01-20,80.61306185994142,96.71523851007903
18,50,2024-01-27,81.6323742709522,99.17105317912117
18,50,2024-02-03,84.25016964390154,101.10914175640147
18,50,2024-02-10,86.90345200977742,100.85859098070425
18,50,2024-02-17,88.4957011189353,98.77993846022615
18,50,2024-02-24,89.21804333240453,95.85290480197813
18,50,2024-03-02,89.73929696831908,90.67738263846087
18,50,2024-03-09,88.7127790581573,84.07799681018386
18,50,2024-03-16,85.94282956364418,70.45993114261229
18,50,2024-03-23,73.76292377305091,60.09402022469107
18,50,2024-03-30,65.87045821015823,58.515872172626004
18,50,2024-04-06,71.31594909892901,51.44632990066728
18,50,2024-04-13,70.62215842928501,35.73734645651181
18,50,2024-04-20,54.12359307336768,21.9326922962374
18,75,2023-11-04,100.16558989214516,102.9615623278583
18,75,2023-11-11,101.1729231912242,103.25642073580761
18,75,2023-11-18,100.2441343536192,102.64027196676871
18,75,2023-11-25,100.59764175942176,101.4437659211759
18,75,2023-12-02,98.70814697421044,99.51777430914719
18,75,2023-12-09,96.7242240958524,97.66516918493294
18,75,2023-12-16,93.75957453253494,95.62856874437954
18,75,2023-12-23,90.46220776342516,94.44048971957712
18,75,2023-12-30,88.44349932819917,94.35765762120658
18,75,2024-01-06,87.58607641106377,94.89555929626954
18,75,2024-01-13,87.63528307847398,95.32240682859009
18,75,2024-01-20,88.40216381202035,96.71523851007903
18,75,2024-01-27,90.65501925972725,99.17105317912117
18,75,2024-02-03,94.27561376117312,101.10914175640147
18,75,2024-02-10,98.00536703986621,100.85859098070425
18,75,2024-02-17,100.03826961142157,98.77993846022615
18,75,2024-02-24,100.27372600521657,95.85290480197813
18,75,2024-03-02,99.80062671357402,90.67738263846087
18,75,2024-03-09,97.25989008305496,84.07799681018386
18,75,2024-03-16,92.97298474731497,70.45993114261229
18,75,2024-03-23,79.77125831993422,60.09402022469107
18,75,2024-03-30,70.66341774760532,58.515872172626004
18,75,2024-04-06,75.04326357816015,51.44632990066728
18,75,2024-04-13,73.6886107576274,35.73734645651181
18,75,2024-04-20,57.21294131747027,21.9326922962374
20,5,2023-11-04,26.407451509292535,31.208281352967788
20,5,2023-11-11,22.822249634664455,32.03395268843583
20,5,2023-11-18,23.65000336445624,32.78376561301697
20,5,2023-11-25,26.085882974506948,33.41065797861925
20,5,2023-12-02,23.760365804177216,33.870390974147135
20,5,2023-12-09,27.554112427234184,34.053315096333584
20,5,2023-12-16,23.841123446900884,33.85892259634806
20,5,2023-12-23,23.486903965430194,33.40016400625395
20,5,2023-12-30,26.403077892653844,33.142876195756216
20,5,2024-01-06,30.560279135834058,32.89181419547747
20,5,2024-01-13,28.740476849325326,32.6778340066014
20,5,2024-01-20,25.773981860298647,32.614019630726986
20,5,2024-01-27,23.600484827561306,32.47548423555538
20,5,2024-02-03,21.793442246667723,32.50260297576223
20,5,2024-02-10,21.273865875592048,31.471568638830608
20,5,2024-02-17,20.21150200837402,29.320555736434095
20,5,2024-02-24,20.223341509602058,26.32772039917802
20,5,2024-03-02,18.819500039889153,25.71567223356334
20,5,2024-03-09,17.399160838194895,24.84857016156016
20,5,2024-03-16,16.724489779418644,23.591126835678804
20,5,2024-03-23,16.084868154700505,20.851519178874543
20,5,2024-03-30,14.03215623703157,19.610989763533414
20,5,2024-04-06,13.49281616686019,16.918928067511104
20,5,2024-04-13,10.83237358935358,16.131548516628957
20,5,2024-04-20,9.228056515967102,17.43652405089654
20,15,2023-11-04,27.979192867792932,31.208281352967788
20,15,2023-11-11,25.321144969749145,32.03395268843583
20,15,2023-11-18,26.26341446036629,32.78376561301697
20,15,2023-11-25,27.20534083337359,33.41065797861925
20,15,2023-12-02,27.302801286093032,33.870390974147135
20,15,2023-12-09,28.229722787599513,34.053315096333584
20,15,2023-12-16,27.11558385363135,33.85892259634806
20,15,2023-12-23,26.789753418432902,33.40016400625395
20,15,2023-12-30,27.82190619132884,33.142876195756216
20,15,2024-01-06,29.346713761336318,32.89181419547747
20,15,2024-01-13,29.57499963072755,32.6778340066014
20,15,2024-01-20,29.108058097982198,32.614019630726986
20,15,2024-01-27,26.61185193096183,32.47548423555538
20,15,2024-02-03,24.356035409022834,32.50260297576223
20,15,2024-02-10,23.575049806838685,31.471568638830608
20,15,2024-02-17,23.31937416997375,29.320555736434095
20,15,2024-02-24,22.668235230260514,26.32772039917802
20,15,2024-03-02,20.751122746935522,25.71567223356334
20,15,2024-03-09,18.982187172784048,24.84857016156016
20,15,2024-03-16,18.25635349146113,23.591126835678804
20,15,2024-03-23,17.344720759327195,20.851519178874543
20,15,2024-03-30,15.52232385908967,19.610989763533414
20,15,2024-04-06,14.435690719194795,16.918928067511104
20,15,2024-04-13,11.724201066832887,16.131548516628957
20,15,2024-04-20,9.641434048492606,17.43652405089654
20,25,2023-11-04,29.453069563951654,31.208281352967788
20,25,2023-11-11,26.727245147586085,32.03395268843583
20,25,2023-11-18,26.580021199751485,32.78376561301697
20,25,2023-11-25,28.43959691601121,33.41065797861925
20,25,2023-12-02,28.17152240482799,33.870390974147135
20,25,2023-12-09,29.17565881319508,34.053315096333584
20,25,2023-12-16,28.16493078001294,33.85892259634806
20,25,2023-12-23,27.908980304439126,33.40016400625395
20,25,2023-12-30,28.39420424423122,33.142876195756216
20,25,2024-01-06,29.0283548731513,32.89181419547747
20,25,2024-01-13,29.03123213453902,32.6778340066014
20,25,2024-01-20,29.051562765213003,32.614019630726986
20,25,2024-01-27,27.586129908252815,32.47548423555538
20,25,2024-02-03,25.889958620545297,32.50260297576223
20,25,2024-02-10,25.18444439503314,31.471568638830608
20,25,2024-02-17,24.446438465829072,29.320555736434095
20,25,2024-02-24,22.89811397066093,26.32772039917802
20,25,2024-03-02,20.909414676451412,25.71567223356334
20,25,2024-03-09,19.269759280300644,24.84857016156016
20,25,2024-03-16,18.913303023183058,23.591126835678804
20,25,2024-03-23,18.349921898973065,20.851519178874543
20,25,2024-03-30,16.164745410066146,19.610989763533414
20,25,2024-04-06,15.69668127836148,16.918928067511104
20,25,2024-04-13,13.077527918910548,16.131548516628957
20,25,2024-04-20,11.52566201108947,17.43652405089654
20,50,2023-11-04,29.253226177888823,31.208281352967788
20,50,2023-11-11,27.616012223884734,32.03395268843583
20,50,2023-11-18,27.292265239314915,32.78376561301697
20,50,2023-11-25,28.20521517913671,33.41065797861925
20,50,2023-12-02,28.460974535396232,33.870390974147135
20,50,2023-12-09,28.992942950843172,34.053315096333584
20,50,2023-12-16,28.57084586933927,33.85892259634806
20,50,2023-12-23,28.34177696683052,33.40016400625395
20,50,2023-12-30,28.24588508528245,33.142876195756216
20,50,2024-01-06,27.92478884091012,32.89181419547747
20,50,2024-01-13,27.6875993452308,32.6778340066014
20,50,2024-01-20,27.358276191795046,32.614019630726986
20,50,2024-01-27,27.32657322500662,32.47548423555538
20,50,2024-02-03,27.5855437267723,32.50260297576223
20,50,2024-02-10,27.925808146959458,31.471568638830608
20,50,2024-02-17,26.518557285817185,29.320555736434095
20,50,2024-02-24,24.88483251105497,26.32772039917802
20,50,2024-03-02,22.638095593441385,25.71567223356334
20,50,2024-03-09,22.269988956447737,24.84857016156016
20,50,2024-03-16,21.73051918365967,23.591126835678804
20,50,2024-03-23,21.108286993346873,20.851519178874543
20,50,2024-03-30,18.867004110357772,19.610989763533414
20,50,2024-04-06,18.052303632691476,16.918928067511104
20,50,2024-04-13,14.811551797893166,16.131548516628957
20,50,2024-04-20,12.923272141051182,17.43652405089654
20,75,2023-11-04,28.126745839801288,31.208281352967788
20,75,2023-11-11,27.979882191051377,32.03395268843583
20,75,2023-11-18,28.792052721808226,32.78376561301697
20,75,2023-11-25,29.736768962937973,33.41065797861925
20,75,2023-12-02,30.650600774140663,33.870390974147135
20,75,2023-12-09,31.507723871422996,34.053315096333584
20,75,2023-12-16,32.13951067890451,33.85892259634806
20,75,2023-12-23,32.38766749100616,33.40016400625395
20,75,2023-12-30,32.199167872036604,33.142876195756216
20,75,2024-01-06,32.02756066590145,32.89181419547747
20,75,2024-01-13,31.889591412544227,32.6778340066014
20,75,2024-01-20,31.821263974610424,32.614019630726986
20,75,2024-01-27,31.93097603810603,32.47548423555538
20,75,2024-02-03,32.097516456028025,32.50260297576223
20,75,2024-02-10,32.564192453919304,31.471568638830608
20,75,2024-02-17,31.310409049031215,29.320555736434095
20,75,2024-02-24,29.260358434612865,26.32772039917802
20,75,2024-03-02,26.404226244163066,25.71567223356334
20,75,2024-03-09,26.01327187342944,24.84857016156016
20,75,2024-03-16,25.285669558691822,23.591126835678804
20,75,2024-03-23,24.095977828925815,20.851519178874543
20,75,2024-03-30,21.070546605033634,19.610989763533414
20,75,2024-04-06,19.802553452247142,16.918928067511104
20,75,2024-04-13,15.741448475035346,16.131548516628957
20,75,2024-04-20,13.371115772790365,17.43652405089654
21,5,2023-11-04,91.18312258375445,81.77033997426085
21,5,2023-11-11,80.61314706597953,81.82958678396732
21,5,2023-11-18,79.90962288072804,81.51326574485401
21,5,2023-11-25,61.47875668253607,80.23883727963971
21,5,2023-12-02,59.0216786702368,78.82502012058772
21,5,2023-12-09,57.05620090214353,77.35161506148053
21,5,2023-12-16,57.44576407456974,75.3671244740493
21,5,2023-12-23,55.349882949097086,74.37654581697996
21,5,2023-12-30,51.90852366718542,74.6771534042724
21,5,2024-01-06,52.85402971627499,75.85234176982168
21,5,2024-01-13,50.297600637466125,76.65644844310137
21,5,2024-01-20,45.06394730535512,78.51674074199885
21,5,2024-01-27,45.42796512712793,81.32343642390198
21,5,2024-02-03,45.6164065633693,81.92960584853498
21,5,2024-02-10,47.94248652534953,83.0311217000391
21,5,2024-02-17,46.77943867811193,79.59529505719424
21,5,2024-02-24,46.638770464471484,74.24677867242977
21,5,2024-03-02,46.19035775654877,66.46175164788276
21,5,2024-03-09,41.97625060012039,53.917237543687506
21,5,2024-03-16,31.525693722773926,47.34454404698712
21,5,2024-03-23,29.454074934080687,43.52790525585036
21,5,2024-03-30,29.335427431271935,38.67440201155981
21,5,2024-04-06,28.858353061433977,31.50349217256721
21,5,2024-04-13,25.66182865559174,22.73009434844138
21,5,2024-04-20,18.38100003232434,16.66227469980234
21,15,2023-11-04,93.59480065779093,81.77033997426085
21,15,2023-11-11,83.44784874009804,81.82958678396732
21,15,2023-11-18,83.5492758141651,81.51326574485401
21,15,2023-11-25,67.70918149843536,80.23883727963971
21,15,2023-12-02,65.62447399748014,78.82502012058772
21,15,2023-12-09,64.53766933971966,77.35161506148053
21,15,2023-12-16,62.477685427323266,75.3671244740493
21,15,2023-12-23,60.387227744674696,74.37654581697996
21,15,2023-12-30,58.10972988800035,74.6771534042724
21,15,2024-01-06,57.85747140009668,75.85234176982168
21,15,2024-01-13,55.67665982404457,76.65644844310137
21,15,2024-01-20,53.08044683454681,78.51674074199885
21,15,2024-01-27,53.51888524993891,81.32343642390198
21,15,2024-02-03,55.01382465247511,81.92960584853498
21,15,2024-02-10,56.17430565502734,83.0311217000391
21,15,2024-02-17,56.65588939547233,79.59529505719424
21,15,2024-02-24,55.17885998648665,74.24677867242977
21,15,2024-03-02,52.51564039167998,66.46175164788276
21,15,2024-03-09,48.75520595997517,53.917237543687506
21,15,2024-03-16,38.63330700430332,47.34454404698712
21,15,2024-03-23,36.34031764987092,43.52790525585036
21,15,2024-03-30,36.24913234859882,38.67440201155981
21,15,2024-04-06,35.059760698319735,31.50349217256721
21,15,2024-04-13,30.330418078689853,22.73009434844138
21,15,2024-04-20,21.851811984557077,16.66227469980234
21,25,2023-11-04,90.89633442088785,81.77033997426085
21,25,2023-11-11,84.56734257152338,81.82958678396732
21,25,2023-11-18,82.43132048508747,81.51326574485401
21,25,2023-11-25,70.44030536587995,80.23883727963971
21,25,2023-12-02,67.7140887353027,78.82502012058772
21,25,2023-12-09,67.28967472338964,77.35161506148053
21,25,2023-12-16,65.21121508450547,75.3671244740493
21,25,2023-12-23,62.18534027109068,74.37654581697996
21,25,2023-12-30,60.62870294623469,74.6771534042724
21,25,2024-01-06,58.491785110497965,75.85234176982168
21,25,2024-01-13,57.9497788407901,76.65644844310137
21,25,2024-01-20,58.26381327917941,78.51674074199885
21,25,2024-01-27,59.82824861974744,81.32343642390198
21,25,2024-02-03,61.578757103334965,81.92960584853498
21,25,2024-02-10,63.10878021440347,83.0311217000391
21,25,2024-02-17,64.47428110155914,79.59529505719424
21,25,2024-02-24,63.136548287297124,74.24677867242977
21,25,2024-03-02,60.84778426680549,66.46175164788276
21,25,2024-03-09,55.694537558617185,53.917237543687506
21,25,2024-03-16,44.176269677570964,47.34454404698712
21,25,2024-03-23,40.701931776947596,43.52790525585036
21,25,2024-03-30,39.93284938445534,38.67440201155981
21,25,2024-04-06,38.11751868101371,31.50349217256721
21,25,2024-04-13,33.27910432762825,22.73009434844138
21,25,2024-04-20,24.5133335715647,16.66227469980234
21,50,2023-11-04,85.78742227617556,81.77033997426085
21,50,2023-11-11,82.10301583551552,81.82958678396732
21,50,2023-11-18,79.7608086060281,81.51326574485401
21,50,2023-11-25,72.87973430663028,80.23883727963971
21,50,2023-12-02,70.33232047123605,78.82502012058772
21,50,2023-12-09,69.0714173748976,77.35161506148053
21,50,2023-12-16,68.1921939162506,75.3671244740493
21,50,2023-12-23,66.48853027917328,74.37654581697996
21,50,2023-12-30,64.68147038189078,74.6771534042724
21,50,2024-01-06,64.24248927537863,75.85234176982168
21,50,2024-01-13,64.93101737234957,76.65644844310137
21,50,2024-01-20,65.63426670548654,78.51674074199885
21,50,2024-01-27,67.554017176262,81.32343642390198
21,50,2024-02-03,70.40912009895195,81.92960584853498
21,50,2024-02-10,72.23775199312023,83.0311217000391
21,50,2024-02-17,75.1801276338293,79.59529505719424
21,50,2024-02-24,73.41135539333305,74.24677867242977
21,50,2024-03-02,70.31939901251053,66.46175164788276
21,50,2024-03-09,64.20692664668242,53.917237543687506
21,50,2024-03-16,52.33149680894879,47.34454404698712
21,50,2024-03-23,47.47673198435419,43.52790525585036
21,50,2024-03-30,45.945242924179965,38.67440201155981
21,50,2024-04-06,43.52216526164565,31.50349217256721
21,50,2024-04-13,38.01368658943478,22.73009434844138
21,50,2024-04-20,28.215385711775692,16.66227469980234
21,75,2023-11-04,82.85237179374617,81.77033997426085
21,75,2023-11-11,79.87090812700883,81.82958678396732
21,75,2023-11-18,78.75196386079394,81.51326574485401
21,75,2023-11-25,79.26211953585121,80.23883727963971
21,75,2023-12-02,79.19196835836102,78.82502012058772
21,75,2023-12-09,78.54427991847618,77.35161506148053
21,75,2023-12-16,77.68803494117947,75.3671244740493
21,75,2023-12-23,75.79631739135063,74.37654581697996
21,75,2023-12-30,74.53760315728019,74.6771534042724
21,75,2024-01-06,74.37408868602421,75.85234176982168
21,75,2024-01-13,75.43816198408913,76.65644844310137
21,75,2024-01-20,76.43315925788036,78.51674074199885
21,75,2024-01-27,78.9921952120092,81.32343642390198
21,75,2024-02-03,82.69334497268636,81.92960584853498
21,75,2024-02-10,84.75505460550681,83.0311217000391
21,75,2024-02-17,87.17257403165203,79.59529505719424
21,75,2024-02-24,84.98041835719357,74.24677867242977
21,75,2024-03-02,80.52908351448069,66.46175164788276
21,75,2024-03-09,73.41308478407699,53.917237543687506
21,75,2024-03-16,60.15585707974402,47.34454404698712
21,75,2024-03-23,54.268963329167846,43.52790525585036
21,75,2024-03-30,52.04303751305692,38.67440201155981
21,75,2024-04-06,48.95438171717911,31.50349217256721
21,75,2024-04-13,42.795749541022985,22.73009434844138
21,75,2024-04-20,31.93564271887301,16.66227469980234
22,5,2023-11-04,37.172708138395244,35.6457021098661
22,5,2023-11-11,32.62992367482435,36.274330575709904
22,5,2023-11-18,31.750111399882297,36.68015609340211
22,5,2023-11-25,32.89907342255881,36.70644818104796
22,5,2023-12-02,33.20218070118968,36.37102135542835
22,5,2023-12-09,31.499128337910882,35.90033220904774
22,5,2023-12-16,34.49297475361411,35.17183558470641
22,5,2023-12-23,35.81432810331288,34.34454870797856
22,5,2023-12-30,37.75809916673459,31.580474630243273
22,5,2024-01-06,40.250491040618996,26.928087265007065
22,5,2024-01-13,36.34524322322196,24.05790532481054
22,5,2024-01-20,34.10597979383833,22.19173666618031
22,5,2024-01-27,31.181910571291365,21.230289910714298
22,5,2024-02-03,26.255502717809836,20.131534441623664
22,5,2024-02-10,20.1287843455881,18.76612063081603
22,5,2024-02-17,16.855109403249067,17.20538201329928
22,5,2024-02-24,14.433500827528462,15.570438631926297
22,5,2024-03-02,12.721179013831126,13.624495992403512
22,5,2024-03-09,10.705263327302097,11.80124498097685
22,5,2024-03-16,9.44522197174354,10.371680999159858
22,5,2024-03-23,9.037760892451535,9.263456990971697
22,5,2024-03-30,9.55534368834698,8.425472524157929
22,5,2024-04-06,10.119653891097505,7.11763126859824
22,5,2024-04-13,7.831621699569943,6.305498868890261
22,5,2024-04-20,7.2404722316181624,5.44860000589395
22,15,2023-11-04,35.13007499874534,35.6457021098661
22,15,2023-11-11,33.449428338743765,36.274330575709904
22,15,2023-11-18,32.29442897139798,36.68015609340211
22,15,2023-11-25,32.54304774886222,36.70644818104796
22,15,2023-12-02,33.00937985950669,36.37102135542835
22,15,2023-12-09,32.62067352746034,35.90033220904774
22,15,2023-12-16,33.2523808695218,35.17183558470641
22,15,2023-12-23,34.08759177187723,34.34454870797856
22,15,2023-12-30,33.79935149440684,31.580474630243273
22,15,2024-01-06,33.12829988606094,26.928087265007065
22,15,2024-01-13,32.93191650388894,24.05790532481054
22,15,2024-01-20,31.72913035729415,22.19173666618031
22,15,2024-01-27,30.52482765622015,21.230289910714298
22,15,2024-02-03,25.688197875385573,20.131534441623664
22,15,2024-02-10,22.728075697095015,18.76612063081603
22,15,2024-02-17,20.027302264183373,17.20538201329928
22,15,2024-02-24,17.26177001119785,15.570438631926297
22,15,2024-03-02,14.741189596023833,13.624495992403512
22,15,2024-03-09,12.42186884774111,11.80124498097685
22,15,2024-03-16,10.303510824022501,10.371680999159858
22,15,2024-03-23,9.302927038090422,9.263456990971697
22,15,2024-03-30,8.972127499309202,8.425472524157929
22,15,2024-04-06,9.051144679631111,7.11763126859824
22,15,2024-04-13,7.239360486102619,6.305498868890261
22,15,2024-04-20,6.660161799484533,5.44860000589395
22,25,2023-11-04,33.12252109809485,35.6457021098661
22,25,2023-11-11,33.32266385663232,36.274330575709904
22,25,2023-11-18,32.65225421593491,36.68015609340211
22,25,2023-11-25,32.43947714927177,36.70644818104796
22,25,2023-12-02,33.09959413684908,36.37102135542835
22,25,2023-12-09,33.62041001672783,35.90033220904774
22,25,2023-12-16,33.78647324923125,35.17183558470641
22,25,2023-12-23,34.56878373239947,34.34454870797856
22,25,2023-12-30,34.37761824317409,31.580474630243273
22,25,2024-01-06,34.07957694124083,26.928087265007065
22,25,2024-01-13,32.869431071103314,24.05790532481054
22,25,2024-01-20,32.598896356537054,22.19173666618031
22,25,2024-01-27,31.813562757061064,21.230289910714298
22,25,2024-02-03,28.433969253607728,20.131534441623664
22,25,2024-02-10,25.153021306633832,18.76612063081603
22,25,2024-02-17,21.97365607307669,17.20538201329928
22,25,2024-02-24,19.10533505247064,15.570438631926297
22,25,2024-03-02,16.08569799438575,13.624495992403512
22,25,2024-03-09,13.69280081364865,11.80124498097685
22,25,2024-03-16,11.365032655136256,10.371680999159858
22,25,2024-03-23,9.721055184040804,9.263456990971697
22,25,2024-03-30,8.820949106464614,8.425472524157929
22,25,2024-04-06,8.348912741694624,7.11763126859824
22,25,2024-04-13,6.881077848834771,6.305498868890261
22,25,2024-04-20,6.413662040778083,5.44860000589395
22,50,2023-11-04,32.9607698180027,35.6457021098661
22,50,2023-11-11,33.59629143175755,36.274330575709904
22,50,2023-11-18,33.792709713149335,36.68015609340211
22,50,2023-11-25,34.445858843489695,36.70644818104796
22,50,2023-12-02,35.01072657565154,36.37102135542835
22,50,2023-12-09,35.326587261134776,35.90033220904774
22,50,2023-12-16,35.88846441162502,35.17183558470641
22,50,2023-12-23,36.778899406188266,34.34454870797856
22,50,2023-12-30,36.93205290724121,31.580474630243273
22,50,2024-01-06,35.72093166532511,26.928087265007065
22,50,2024-01-13,33.22237705944264,24.05790532481054
22,50,2024-01-20,33.23451636849974,22.19173666618031
22,50,2024-01-27,32.5218605850502,21.230289910714298
22,50,2024-02-03,31.048374457076594,20.131534441623664
22,50,2024-02-10,27.92869749845393,18.76612063081603
22,50,2024-02-17,24.117278105732574,17.20538201329928
22,50,2024-02-24,20.65915880244291,15.570438631926297
22,50,2024-03-02,17.649378268017685,13.624495992403512
22,50,2024-03-09,15.15505024229822,11.80124498097685
22,50,2024-03-16,12.868410269202636,10.371680999159858
22,50,2024-03-23,11.30918231572951,9.263456990971697
22,50,2024-03-30,9.965259829808435,8.425472524157929
22,50,2024-04-06,9.0461973130066,7.11763126859824
22,50,2024-04-13,7.572188235816858,6.305498868890261
22,50,2024-04-20,6.802820480316212,5.44860000589395
22,75,2023-11-04,34.75157342883826,35.6457021098661
22,75,2023-11-11,35.598448195377436,36.274330575709904
22,75,2023-11-18,36.44139093937253,36.68015609340211
22,75,2023-11-25,37.18044906180663,36.70644818104796
22,75,2023-12-02,37.88268821521577,36.37102135542835
22,75,2023-12-09,38.12605929533651,35.90033220904774
22,75,2023-12-16,38.298400101207726,35.17183558470641
22,75,2023-12-23,38.02771346654442,34.34454870797856
22,75,2023-12-30,37.79402439192618,31.580474630243273
22,75,2024-01-06,35.186225306998296,26.928087265007065
22,75,2024-01-13,30.89771979742765,24.05790532481054
22,75,2024-01-20,28.799460914933643,22.19173666618031
22,75,2024-01-27,27.763043287373055,21.230289910714298
22,75,2024-02-03,26.548944974393873,20.131534441623664
22,75,2024-02-10,24.66577294308216,18.76612063081603
22,75,2024-02-17,21.787672645113794,17.20538201329928
22,75,2024-02-24,19.489368893720375,15.570438631926297
22,75,2024-03-02,17.69891888112129,13.624495992403512
22,75,2024-03-09,15.715809331015794,11.80124498097685
22,75,2024-03-16,13.749840522111521,10.371680999159858
22,75,2024-03-23,12.189479585298749,9.263456990971697
22,75,2024-03-30,10.885422342307997,8.425472524157929
22,75,2024-04-06,9.95402251959097,7.11763126859824
22,75,2024-04-13,8.31532136115735,6.305498868890261
22,75,2024-04-20,7.4750755132119355,5.44860000589395
27,5,2023-11-04,45.73790251864725,61.71928626778242
27,5,2023-11-11,43.81575069152289,60.29188457311973
27,5,2023-11-18,45.24779309521712,58.75370930902494
27,5,2023-11-25,46.21754529812591,57.004634743148856
27,5,2023-12-02,44.31968704855689,55.3636036360897
27,5,2023-12-09,41.93065434057983,53.72332448795675
27,5,2023-12-16,41.20714332678604,51.9891035300649
27,5,2023-12-23,40.99356698651208,50.239255213169145
27,5,2023-12-30,40.27493844931059,48.65350343375895
27,5,2024-01-06,47.24077050039444,48.06255535592763
27,5,2024-01-13,43.98776488336967,47.76852687058477
27,5,2024-01-20,40.83504625404173,47.84941756296711
27,5,2024-01-27,36.515175843664295,47.81244787623283
27,5,2024-02-03,32.635848994257394,48.47061625150636
27,5,2024-02-10,30.954098416701523,49.39576638676712
27,5,2024-02-17,31.118650510605754,50.20255792133458
27,5,2024-02-24,31.914789256015737,50.511561337265235
27,5,2024-03-02,33.74664314908782,50.925336422403795
27,5,2024-03-09,36.35013079611006,49.56796668295968
27,5,2024-03-16,36.09894623496682,47.37082380365077
27,5,2024-03-23,34.286430488190284,44.00276582298904
27,5,2024-03-30,32.371180836189396,41.500271643713845
27,5,2024-04-06,32.36989263773609,37.15797370846879
27,5,2024-04-13,31.057865551920784,30.108292989428282
27,5,2024-04-20,24.874836111378265,24.768124769540016
27,15,2023-11-04,47.716674176121366,61.71928626778242
27,15,2023-11-11,46.10279386410034,60.29188457311973
27,15,2023-11-18,48.73805768530251,58.75370930902494
27,15,2023-11-25,47.53928265786987,57.004634743148856
27,15,2023-12-02,46.96038593699838,55.3636036360897
27,15,2023-12-09,44.37664925266167,53.72332448795675
27,15,2023-12-16,43.21011937568044,51.9891035300649
27,15,2023-12-23,42.8652549074418,50.239255213169145
27,15,2023-12-30,41.66748697444865,48.65350343375895
27,15,2024-01-06,43.85085368424377,48.06255535592763
27,15,2024-01-13,42.89013512769612,47.76852687058477
27,15,2024-01-20,41.2097471223178,47.84941756296711
27,15,2024-01-27,38.52442888088178,47.81244787623283
27,15,2024-02-03,35.01467161925856,48.47061625150636
27,15,2024-02-10,33.90637329271502,49.39576638676712
27,15,2024-02-17,34.20433767069594,50.20255792133458
27,15,2024-02-24,35.457883902069995,50.511561337265235
27,15,2024-03-02,36.982200218856505,50.925336422403795
27,15,2024-03-09,38.81902920575367,49.56796668295968
27,15,2024-03-16,38.13848830095442,47.37082380365077
27,15,2024-03-23,37.110590410883695,44.00276582298904
27,15,2024-03-30,35.89637848319254,41.500271643713845
27,15,2024-04-06,36.04696932609854,37.15797370846879
27,15,2024-04-13,34.5346063912213,30.108292989428282
27,15,2024-04-20,27.93057794996854,24.768124769540016
27,25,2023-11-04,49.31509237414781,61.71928626778242
27,25,2023-11-11,48.0692855782132,60.29188457311973
27,25,2023-11-18,50.34295968606547,58.75370930902494
27,25,2023-11-25,49.033869397292214,57.004634743148856
27,25,2023-12-02,48.811389739143564,55.3636036360897
27,25,2023-12-09,46.32545714352922,53.72332448795675
27,25,2023-12-16,44.67537606648863,51.9891035300649
27,25,2023-12-23,44.20119071735357,50.239255213169145
27,25,2023-12-30,41.883161307291644,48.65350343375895
27,25,2024-01-06,42.638074241920975,48.06255535592763
27,25,2024-01-13,41.57824875230723,47.76852687058477
27,25,2024-01-20,40.922722928290675,47.84941756296711
27,25,2024-01-27,39.03031345917575,47.81244787623283
27,25,2024-02-03,36.60004282325288,48.47061625150636
27,25,2024-02-10,36.304839406796354,49.39576638676712
27,25,2024-02-17,36.6062059994114,50.20255792133458
27,25,2024-02-24,37.913767565862116,50.511561337265235
27,25,2024-03-02,39.43719585536105,50.925336422403795
27,25,2024-03-09,40.94986164976318,49.56796668295968
27,25,2024-03-16,41.12897536864104,47.37082380365077
27,25,2024-03-23,40.562537854247914,44.00276582298904
27,25,2024-03-30,39.0427596712871,41.500271643713845
27,25,2024-04-06,38.91793904376108,37.15797370846879
27,25,2024-04-13,37.14969452639019,30.108292989428282
27,25,2024-04-20,30.16409235739588,24.768124769540016
27,50,2023-11-04,50.9852089239653,61.71928626778242
27,50,2023-11-11,50.68415836857707,60.29188457311973
27,50,2023-11-18,52.5324243851224,58.75370930902494
27,50,2023-11-25,51.06642433137856,57.004634743148856
27,50,2023-12-02,50.55474753452678,55.3636036360897
27,50,2023-12-09,49.31494701112863,53.72332448795675
27,50,2023-12-16,48.12615163693979,51.9891035300649
27,50,2023-12-23,47.10535946426075,50.239255213169145
27,50,2023-12-30,44.78466838738209,48.65350343375895
27,50,2024-01-06,43.11622815600508,48.06255535592763
27,50,2024-01-13,42.156538055182565,47.76852687058477
27,50,2024-01-20,41.52032717909856,47.84941756296711
27,50,2024-01-27,41.087459170000756,47.81244787623283
27,50,2024-02-03,40.33130453322503,48.47061625150636
27,50,2024-02-10,40.69351602190093,49.39576638676712
27,50,2024-02-17,41.766389496267166,50.20255792133458
27,50,2024-02-24,43.184618567851516,50.511561337265235
27,50,2024-03-02,44.4894658476354,50.925336422403795
27,50,2024-03-09,45.8159291501099,49.56796668295968
27,50,2024-03-16,45.59506384061037,47.37082380365077
27,50,2024-03-23,44.72038209036166,44.00276582298904
27,50,2024-03-30,42.924018497656284,41.500271643713845
27,50,2024-04-06,42.87967321044241,37.15797370846879
27,50,2024-04-13,40.84165740079824,30.108292989428282
27,50,2024-04-20,33.33314033787025,24.768124769540016
27,75,2023-11-04,56.02729907364012,61.71928626778242
27,75,2023-11-11,55.28961406913166,60.29188457311973
27,75,2023-11-18,55.107681212418534,58.75370930902494
27,75,2023-11-25,54.36551661119717,57.004634743148856
27,75,2023-12-02,53.67700027447974,55.3636036360897
27,75,2023-12-09,52.84611253677021,53.72332448795675
27,75,2023-12-16,52.106848836762865,51.9891035300649
27,75,2023-12-23,51.01571375421976,50.239255213169145
27,75,2023-12-30,49.16628696421217,48.65350343375895
27,75,2024-01-06,47.625577151900615,48.06255535592763
27,75,2024-01-13,46.90050373486775,47.76852687058477
27,75,2024-01-20,46.472238547074085,47.84941756296711
27,75,2024-01-27,46.448146567347344,47.81244787623283
27,75,2024-02-03,46.177167359786345,48.47061625150636
27,75,2024-02-10,46.96528850081272,49.39576638676712
27,75,2024-02-17,48.68975313591883,50.20255792133458
27,75,2024-02-24,50.655345262944564,50.511561337265235
27,75,2024-03-02,52.17306368775899,50.925336422403795
27,75,2024-03-09,53.72629452368956,49.56796668295968
27,75,2024-03-16,53.359458930258455,47.37082380365077
27,75,2024-03-23,52.168767734918084,44.00276582298904
27,75,2024-03-30,49.99243687543307,41.500271643713845
27,75,2024-04-06,49.53161193252479,37.15797370846879
27,75,2024-04-13,46.90040211650493,30.108292989428282
27,75,2024-04-20,38.67710591597161,24.768124769540016
24,5,2023-11-04,36.97946070457818,41.92898260623495
24,5,2023-11-11,39.012768789607456,42.893179723467185
24,5,2023-11-18,42.95108616224057,43.67443143756918
24,5,2023-11-25,45.13578185499431,44.23319590313719
24,5,2023-12-02,47.65072650160932,44.165656381604535
24,5,2023-12-09,51.13354232350613,44.138109181624515
24,5,2023-12-16,56.61598207250495,43.686247454606615
24,5,2023-12-23,60.766034429137044,43.10911543507594
24,5,2023-12-30,65.74558206721629,42.79173455708577
24,5,2024-01-06,73.2008294919437,41.54660483117445
24,5,2024-01-13,77.20614501589557,40.40983388041726
24,5,2024-01-20,70.05820575418284,39.68037736705803
24,5,2024-01-27,61.345286328260414,38.37808753646457
24,5,2024-02-03,49.89628429247728,36.403283432614245
24,5,2024-02-10,38.839648503511896,32.71938351784939
24,5,2024-02-17,30.01547618833424,28.902524890443825
24,5,2024-02-24,24.115025096349267,25.661165349909886
24,5,2024-03-02,18.91313400378513,22.762960648931024
24,5,2024-03-09,16.915009871572817,20.32132017193326
24,5,2024-03-16,15.296838941381758,17.407188034197738
24,5,2024-03-23,12.513440693768604,15.695803796123407
24,5,2024-03-30,12.742097944627654,14.78217947670888
24,5,2024-04-06,12.385599175572878,13.828110038030115
24,5,2024-04-13,11.974654840058115,10.082299031966187
24,5,2024-04-20,9.167487689761225,7.866870968856632
24,15,2023-11-04,36.89638685287549,41.92898260623495
24,15,2023-11-11,39.663845146483716,42.893179723467185
24,15,2023-11-18,42.230491516404555,43.67443143756918
24,15,2023-11-25,44.313072301455904,44.23319590313719
24,15,2023-12-02,47.08114878732528,44.165656381604535
24,15,2023-12-09,49.91951080968614,44.138109181624515
24,15,2023-12-16,53.38269122812932,43.686247454606615
24,15,2023-12-23,56.795045898226626,43.10911543507594
24,15,2023-12-30,61.79284845889562,42.79173455708577
24,15,2024-01-06,66.87977843953477,41.54660483117445
24,15,2024-01-13,67.5095900487181,40.40983388041726
24,15,2024-01-20,66.01044299680544,39.68037736705803
24,15,2024-01-27,61.29737618092343,38.37808753646457
24,15,2024-02-03,52.98489045773683,36.403283432614245
24,15,2024-02-10,43.52447477475392,32.71938351784939
24,15,2024-02-17,33.740263764962464,28.902524890443825
24,15,2024-02-24,26.63055837826562,25.661165349909886
24,15,2024-03-02,23.01821362260594,22.762960648931024
24,15,2024-03-09,19.944958017591706,20.32132017193326
24,15,2024-03-16,17.295524992695913,17.407188034197738
24,15,2024-03-23,14.657492166165778,15.695803796123407
24,15,2024-03-30,13.4673238325845,14.78217947670888
24,15,2024-04-06,12.15220748892883,13.828110038030115
24,15,2024-04-13,11.875362715779257,10.082299031966187
24,15,2024-04-20,9.233495667456681,7.866870968856632
24,25,2023-11-04,37.45919445671768,41.92898260623495
24,25,2023-11-11,39.40158415904019,42.893179723467185
24,25,2023-11-18,41.677378311628594,43.67443143756918
24,25,2023-11-25,43.64592561187157,44.23319590313719
24,25,2023-12-02,46.34809930417325,44.165656381604535
24,25,2023-12-09,48.50616312016513,44.138109181624515
24,25,2023-12-16,51.82839237688482,43.686247454606615
24,25,2023-12-23,54.61117600371222,43.10911543507594
24,25,2023-12-30,58.198156949635234,42.79173455708577
24,25,2024-01-06,62.08192973177907,41.54660483117445
24,25,2024-01-13,61.43679588191045,40.40983388041726
24,25,2024-01-20,60.567221760502456,39.68037736705803
24,25,2024-01-27,58.56490511048734,38.37808753646457
24,25,2024-02-03,53.483425730187946,36.403283432614245
24,25,2024-02-10,44.4962466257346,32.71938351784939
24,25,2024-02-17,34.61946949048372,28.902524890443825
24,25,2024-02-24,28.302218242203256,25.661165349909886
24,25,2024-03-02,24.74765744680175,22.762960648931024
24,25,2024-03-09,21.237918322189234,20.32132017193326
24,25,2024-03-16,18.527190466824496,17.407188034197738
24,25,2024-03-23,15.938138415344236,15.695803796123407
24,25,2024-03-30,14.711564791825532,14.78217947670888
24,25,2024-04-06,13.469519482735691,13.828110038030115
24,25,2024-04-13,13.020813468041904,10.082299031966187
24,25,2024-04-20,9.92714536100892,7.866870968856632
24,50,2023-11-04,38.68049286700229,41.92898260623495
24,50,2023-11-11,40.35827864071842,42.893179723467185
24,50,2023-11-18,42.13040343174948,43.67443143756918
24,50,2023-11-25,43.96968570986813,44.23319590313719
24,50,2023-12-02,46.19116878986996,44.165656381604535
24,50,2023-12-09,48.021345201954134,44.138109181624515
24,50,2023-12-16,49.83148968215918,43.686247454606615
24,50,2023-12-23,51.73261782962983,43.10911543507594
24,50,2023-12-30,53.57667181831603,42.79173455708577
24,50,2024-01-06,55.00811739747418,41.54660483117445
24,50,2024-01-13,53.864980646901884,40.40983388041726
24,50,2024-01-20,51.713233097695266,39.68037736705803
24,50,2024-01-27,50.601583164367405,38.37808753646457
24,50,2024-02-03,47.29501590869531,36.403283432614245
24,50,2024-02-10,42.896426251246446,32.71938351784939
24,50,2024-02-17,36.48207157883193,28.902524890443825
24,50,2024-02-24,31.513920711862212,25.661165349909886
24,50,2024-03-02,27.395117835992885,22.762960648931024
24,50,2024-03-09,23.292159374859953,20.32132017193326
24,50,2024-03-16,20.749905472689047,17.407188034197738
24,50,2024-03-23,17.794838009342467,15.695803796123407
24,50,2024-03-30,16.105476435972406,14.78217947670888
24,50,2024-04-06,15.266262694292815,13.828110038030115
24,50,2024-04-13,15.238498156465454,10.082299031966187
24,50,2024-04-20,11.27770477513938,7.866870968856632
24,75,2023-11-04,40.30143495950398,41.92898260623495
24,75,2023-11-11,41.57732957430877,42.893179723467185
24,75,2023-11-18,42.81907778174858,43.67443143756918
24,75,2023-11-25,44.07437139108793,44.23319590313719
24,75,2023-12-02,45.654379845843835,44.165656381604535
24,75,2023-12-09,46.677208794149,44.138109181624515
24,75,2023-12-16,47.96327472737527,43.686247454606615
24,75,2023-12-23,48.878609116074344,43.10911543507594
24,75,2023-12-30,49.291048977030506,42.79173455708577
24,75,2024-01-06,49.7659535033319,41.54660483117445
24,75,2024-01-13,48.31903760442443,40.40983388041726
24,75,2024-01-20,46.86311118178617,39.68037736705803
24,75,2024-01-27,45.441861536756925,38.37808753646457
24,75,2024-02-03,43.03947803655499,36.403283432614245
24,75,2024-02-10,40.464668454726755,32.71938351784939
24,75,2024-02-17,36.01250960123892,28.902524890443825
24,75,2024-02-24,31.632687728476736,25.661165349909886
24,75,2024-03-02,28.342246734092836,22.762960648931024
24,75,2024-03-09,25.16655168152077,20.32132017193326
24,75,2024-03-16,22.48546420556136,17.407188034197738
24,75,2024-03-23,19.4618228813707,15.695803796123407
24,75,2024-03-30,18.02312182999604,14.78217947670888
24,75,2024-04-06,17.839120999093122,13.828110038030115
24,75,2024-04-13,18.253729494192616,10.082299031966187
24,75,2024-04-20,13.372937613355559,7.866870968856632
23,5,2023-11-04,22.98552644338068,26.520003773096498
23,5,2023-11-11,13.311272877572463,25.93147607847883
23,5,2023-11-18,14.140086989814677,25.033280264514275
23,5,2023-11-25,13.755069837804967,23.729517608984274
23,5,2023-12-02,16.15509189393847,22.43000476055793
23,5,2023-12-09,13.813983913970791,21.04820465468029
23,5,2023-12-16,12.669929813535445,19.832627672620102
23,5,2023-12-23,12.895926647623774,18.87671727958657
23,5,2023-12-30,12.602106901143223,18.048481985607424
23,5,2024-01-06,12.819770198693323,17.825357531885828
23,5,2024-01-13,13.613080308562918,17.679142556926646
23,5,2024-01-20,13.111863415145447,17.67495155051968
23,5,2024-01-27,13.011569166309753,17.81458345185755
23,5,2024-02-03,12.68836325804385,18.10613884910182
23,5,2024-02-10,12.479440232754278,17.839992658375547
23,5,2024-02-17,12.091386575306824,16.89193574219087
23,5,2024-02-24,11.454404996118063,14.983938457132103
23,5,2024-03-02,9.818081089923773,13.42823584917839
23,5,2024-03-09,8.65777228837612,11.556603112016402
23,5,2024-03-16,7.730975905786916,10.03237574996904
23,5,2024-03-23,6.792254027304997,9.377461745482002
23,5,2024-03-30,6.258663278621297,9.00981482789446
23,5,2024-04-06,5.882505157151743,8.63931550829969
23,5,2024-04-13,5.411445175968453,7.606651011553787
23,5,2024-04-20,4.318245253190455,7.798077532102335
23,15,2023-11-04,20.616686316810455,26.520003773096498
23,15,2023-11-11,15.521261052996257,25.93147607847883
23,15,2023-11-18,15.04581600236799,25.033280264514275
23,15,2023-11-25,15.138613907865944,23.729517608984274
23,15,2023-12-02,15.532069919773246,22.43000476055793
23,15,2023-12-09,15.060759747487387,21.04820465468029
23,15,2023-12-16,14.777990026050256,19.832627672620102
23,15,2023-12-23,14.219884819315107,18.87671727958657
23,15,2023-12-30,14.063095364334274,18.048481985607424
23,15,2024-01-06,13.851276886362847,17.825357531885828
23,15,2024-01-13,13.926775861305616,17.679142556926646
23,15,2024-01-20,13.839613737729747,17.67495155051968
23,15,2024-01-27,13.793678627964606,17.81458345185755
23,15,2024-02-03,13.946023360158913,18.10613884910182
23,15,2024-02-10,13.634195119438829,17.839992658375547
23,15,2024-02-17,13.16815129891718,16.89193574219087
23,15,2024-02-24,12.322576731048956,14.983938457132103
23,15,2024-03-02,10.787842531488232,13.42823584917839
23,15,2024-03-09,9.889232191859438,11.556603112016402
23,15,2024-03-16,8.590123121424105,10.03237574996904
23,15,2024-03-23,7.551320225997553,9.377461745482002
23,15,2024-03-30,7.185635625418378,9.00981482789446
23,15,2024-04-06,7.108361098569815,8.63931550829969
23,15,2024-04-13,7.066941500345612,7.606651011553787
23,15,2024-04-20,5.867192249159447,7.798077532102335
23,25,2023-11-04,19.92261188626058,26.520003773096498
23,25,2023-11-11,17.03783206654754,25.93147607847883
23,25,2023-11-18,17.156551187125025,25.033280264514275
23,25,2023-11-25,17.38691143503881,23.729517608984274
23,25,2023-12-02,17.342456167889466,22.43000476055793
23,25,2023-12-09,17.316012262209462,21.04820465468029
23,25,2023-12-16,16.865459135078154,19.832627672620102
23,25,2023-12-23,16.319757231739157,18.87671727958657
23,25,2023-12-30,16.001158715447335,18.048481985607424
23,25,2024-01-06,15.521132713195374,17.825357531885828
23,25,2024-01-13,15.395317217301047,17.679142556926646
23,25,2024-01-20,15.330009339911522,17.67495155051968
23,25,2024-01-27,15.22582116552748,17.81458345185755
23,25,2024-02-03,15.243379712452354,18.10613884910182
23,25,2024-02-10,14.930232883414492,17.839992658375547
23,25,2024-02-17,14.524988890152253,16.89193574219087
23,25,2024-02-24,13.416584073915011,14.983938457132103
23,25,2024-03-02,12.003357385171736,13.42823584917839
23,25,2024-03-09,10.86748897841743,11.556603112016402
23,25,2024-03-16,9.413188016754466,10.03237574996904
23,25,2024-03-23,8.28571868792665,9.377461745482002
23,25,2024-03-30,7.758749133294409,9.00981482789446
23,25,2024-04-06,7.53212374031311,8.63931550829969
23,25,2024-04-13,7.409591891973681,7.606651011553787
23,25,2024-04-20,6.032390421801229,7.798077532102335
23,50,2023-11-04,21.268187693381186,26.520003773096498
23,50,2023-11-11,20.183714017678202,25.93147607847883
23,50,2023-11-18,20.31004340384168,25.033280264514275
23,50,2023-11-25,20.466472176660055,23.729517608984274
23,50,2023-12-02,20.382628828703226,22.43000476055793
23,50,2023-12-09,20.09051650583606,21.04820465468029
23,50,2023-12-16,19.402402766035635,19.832627672620102
23,50,2023-12-23,18.651287824362406,18.87671727958657
23,50,2023-12-30,18.064316676510877,18.048481985607424
23,50,2024-01-06,17.37734115231225,17.825357531885828
23,50,2024-01-13,17.042816575011496,17.679142556926646
23,50,2024-01-20,16.72294519186863,17.67495155051968
23,50,2024-01-27,16.39239260062702,17.81458345185755
23,50,2024-02-03,16.239682260459947,18.10613884910182
23,50,2024-02-10,16.084698573138585,17.839992658375547
23,50,2024-02-17,15.691084037342842,16.89193574219087
23,50,2024-02-24,14.892240087307774,14.983938457132103
23,50,2024-03-02,13.227652064007616,13.42823584917839
23,50,2024-03-09,11.945027973526168,11.556603112016402
23,50,2024-03-16,10.19317983253006,10.03237574996904
23,50,2024-03-23,8.797122030229994,9.377461745482002
23,50,2024-03-30,8.308496258907413,9.00981482789446
23,50,2024-04-06,8.051316104698605,8.63931550829969
23,50,2024-04-13,7.873586897199038,7.606651011553787
23,50,2024-04-20,6.152953302740422,7.798077532102335
23,75,2023-11-04,23.82976848229413,26.520003773096498
23,75,2023-11-11,23.877257866266376,25.93147607847883
23,75,2023-11-18,23.793773399060644,25.033280264514275
23,75,2023-11-25,23.465632824488008,23.729517608984274
23,75,2023-12-02,22.858937508204267,22.43000476055793
23,75,2023-12-09,22.17704781365153,21.04820465468029
23,75,2023-12-16,21.22294647602503,19.832627672620102
23,75,2023-12-23,20.265565161692155,18.87671727958657
23,75,2023-12-30,19.43843155811274,18.048481985607424
23,75,2024-01-06,18.567555282413643,17.825357531885828
23,75,2024-01-13,18.289505928108074,17.679142556926646
23,75,2024-01-20,18.01524862161008,17.67495155051968
23,75,2024-01-27,17.87490279594854,17.81458345185755
23,75,2024-02-03,17.861982804574943,18.10613884910182
23,75,2024-02-10,18.01559477875401,17.839992658375547
23,75,2024-02-17,17.767388460968967,16.89193574219087
23,75,2024-02-24,16.870765517038475,14.983938457132103
23,75,2024-03-02,14.97978917464588,13.42823584917839
23,75,2024-03-09,13.424407867276846,11.556603112016402
23,75,2024-03-16,11.47491082940432,10.03237574996904
23,75,2024-03-23,9.858326369738435,9.377461745482002
23,75,2024-03-30,9.220234385903101,9.00981482789446
23,75,2024-04-06,8.910056402468152,8.63931550829969
23,75,2024-04-13,8.630389736871079,7.606651011553787
23,75,2024-04-20,6.623565630617273,7.798077532102335
26,5,2023-11-04,134.17297362277347,217.2998460208009
26,5,2023-11-11,140.81036320496335,220.26594514549822
26,5,2023-11-18,130.27282088665373,221.71450599968193
26,5,2023-11-25,136.84108789957835,221.93803913941963
26,5,2023-12-02,141.1860355996311,221.1356215408255
26,5,2023-12-09,142.37725071678756,218.68301668482457
26,5,2023-12-16,147.43752962655478,215.5257023070279
26,5,2023-12-23,155.26992922429133,212.3974689454355
26,5,2023-12-30,161.69003942852135,209.05197298131293
26,5,2024-01-06,171.73435344767398,211.36557908841056
26,5,2024-01-13,182.40591292588203,214.70253357454368
26,5,2024-01-20,189.79842330407845,218.4558485484581
26,5,2024-01-27,196.8303869534663,223.4492204814648
26,5,2024-02-03,199.38199802343797,231.78093623095813
26,5,2024-02-10,205.96350317645363,243.90707835357378
26,5,2024-02-17,222.6651432707932,254.7591860090198
26,5,2024-02-24,231.1990275636778,261.592772094402
26,5,2024-03-02,229.72152800245402,253.26393046323165
26,5,2024-03-09,225.2138559803955,230.69317077915076
26,5,2024-03-16,201.93747263813893,207.19399948546535
26,5,2024-03-23,186.60842694370513,198.84203856335787
26,5,2024-03-30,190.4065797954895,185.43153627490602
26,5,2024-04-06,195.22794176326443,156.38828161806725
26,5,2024-04-13,180.5083625747428,117.07289584470224
26,5,2024-04-20,139.1003470266146,79.32114528373619
26,15,2023-11-04,146.28867311254925,217.2998460208009
26,15,2023-11-11,161.10761122722047,220.26594514549822
26,15,2023-11-18,149.3043819887093,221.71450599968193
26,15,2023-11-25,151.19941045205772,221.93803913941963
26,15,2023-12-02,156.30675766391818,221.1356215408255
26,15,2023-12-09,153.47598700211557,218.68301668482457
26,15,2023-12-16,160.5165770877588,215.5257023070279
26,15,2023-12-23,166.394168374028,212.3974689454355
26,15,2023-12-30,170.35365487393452,209.05197298131293
26,15,2024-01-06,177.22825784000386,211.36557908841056
26,15,2024-01-13,186.23216605054827,214.70253357454368
26,15,2024-01-20,193.4779358392897,218.4558485484581
26,15,2024-01-27,197.44233129453693,223.4492204814648
26,15,2024-02-03,202.5477706119237,231.78093623095813
26,15,2024-02-10,204.43364450164654,243.90707835357378
26,15,2024-02-17,214.19557312084345,254.7591860090198
26,15,2024-02-24,227.2626630937102,261.592772094402
26,15,2024-03-02,238.2893798149036,253.26393046323165
26,15,2024-03-09,232.7245514241832,230.69317077915076
26,15,2024-03-16,214.63551875893356,207.19399948546535
26,15,2024-03-23,198.49663500331064,198.84203856335787
26,15,2024-03-30,203.19471956731832,185.43153627490602
26,15,2024-04-06,203.35253977793775,156.38828161806725
26,15,2024-04-13,181.513012093677,117.07289584470224
26,15,2024-04-20,147.53590706175117,79.32114528373619
26,25,2023-11-04,160.21436012182767,217.2998460208009
26,25,2023-11-11,170.32600946425228,220.26594514549822
26,25,2023-11-18,162.56075919779,221.71450599968193
26,25,2023-11-25,164.79233636852052,221.93803913941963
26,25,2023-12-02,169.1806906972413,221.1356215408255
26,25,2023-12-09,166.14538857207992,218.68301668482457
26,25,2023-12-16,170.22846275172483,215.5257023070279
26,25,2023-12-23,174.45931950223996,212.3974689454355
26,25,2023-12-30,176.24620582392762,209.05197298131293
26,25,2024-01-06,182.79275638240807,211.36557908841056
26,25,2024-01-13,189.0315405812976,214.70253357454368
26,25,2024-01-20,195.37403996934387,218.4558485484581
26,25,2024-01-27,200.42277588942613,223.4492204814648
26,25,2024-02-03,203.85736652566413,231.78093623095813
26,25,2024-02-10,211.0114537164588,243.90707835357378
26,25,2024-02-17,224.40716979612716,254.7591860090198
26,25,2024-02-24,240.14383942055292,261.592772094402
26,25,2024-03-02,247.67775496730707,253.26393046323165
26,25,2024-03-09,251.4158043918551,230.69317077915076
26,25,2024-03-16,231.09196901722248,207.19399948546535
26,25,2024-03-23,212.1781161152036,198.84203856335787
26,25,2024-03-30,218.02326626810077,185.43153627490602
26,25,2024-04-06,219.00704132320084,156.38828161806725
26,25,2024-04-13,201.01468887722146,117.07289584470224
26,25,2024-04-20,163.44003808222635,79.32114528373619
26,50,2023-11-04,182.62822890590166,217.2998460208009
26,50,2023-11-11,187.80788678990973,220.26594514549822
26,50,2023-11-18,185.1904386024456,221.71450599968193
26,50,2023-11-25,187.55964182692023,221.93803913941963
26,50,2023-12-02,188.9006632556934,221.1356215408255
26,50,2023-12-09,187.5379948906441,218.68301668482457
26,50,2023-12-16,189.00655772426325,215.5257023070279
26,50,2023-12-23,188.909358969575,212.3974689454355
26,50,2023-12-30,189.11558287859253,209.05197298131293
26,50,2024-01-06,190.77985593116156,211.36557908841056
26,50,2024-01-13,194.26549526793136,214.70253357454368
26,50,2024-01-20,198.35650145497326,218.4558485484581
26,50,2024-01-27,203.90833700336327,223.4492204814648
26,50,2024-02-03,209.64612573464464,231.78093623095813
26,50,2024-02-10,219.35837825701108,243.90707835357378
26,50,2024-02-17,238.26098190298825,254.7591860090198
26,50,2024-02-24,254.882957159145,261.592772094402
26,50,2024-03-02,268.70080366742417,253.26393046323165
26,50,2024-03-09,269.0750858706057,230.69317077915076
26,50,2024-03-16,248.47920126666762,207.19399948546535
26,50,2024-03-23,228.42354611053855,198.84203856335787
26,50,2024-03-30,233.03306631073372,185.43153627490602
26,50,2024-04-06,233.26601504482574,156.38828161806725
26,50,2024-04-13,212.40679843847417,117.07289584470224
26,50,2024-04-20,174.02568141792176,79.32114528373619
26,75,2023-11-04,198.05822400850906,217.2998460208009
26,75,2023-11-11,200.6056569068967,220.26594514549822
26,75,2023-11-18,201.45389488333774,221.71450599968193
26,75,2023-11-25,205.29567104132877,221.93803913941963
26,75,2023-12-02,209.19603727186959,221.1356215408255
26,75,2023-12-09,212.05621034242546,218.68301668482457
26,75,2023-12-16,213.31311139072267,215.5257023070279
26,75,2023-12-23,212.9411527913201,212.3974689454355
26,75,2023-12-30,212.00621054365763,209.05197298131293
26,75,2024-01-06,210.0171240526539,211.36557908841056
26,75,2024-01-13,213.58552247900698,214.70253357454368
26,75,2024-01-20,219.05325920768092,218.4558485484581
26,75,2024-01-27,225.05357012320263,223.4492204814648
26,75,2024-02-03,232.0242562061618,231.78093623095813
26,75,2024-02-10,243.04524832923408,243.90707835357378
26,75,2024-02-17,259.9630041091901,254.7591860090198
26,75,2024-02-24,277.4150606472794,261.592772094402
26,75,2024-03-02,290.6919538101074,253.26393046323165
26,75,2024-03-09,289.23863396798333,230.69317077915076
26,75,2024-03-16,268.2796842805672,207.19399948546535
26,75,2024-03-23,246.4158416325219,198.84203856335787
26,75,2024-03-30,249.0244450088455,185.43153627490602
26,75,2024-04-06,247.6219270433381,156.38828161806725
26,75,2024-04-13,226.13177273116258,117.07289584470224
26,75,2024-04-20,185.97843483251708,79.32114528373619
17,5,2023-11-04,118.19906478417235,132.10913491932322
17,5,2023-11-11,109.47211016415865,132.0771988323626
17,5,2023-11-18,121.50500355382154,130.50511136003502
17,5,2023-11-25,116.49331779434448,127.22589423879036
17,5,2023-12-02,118.34528187802104,122.45744547802907
17,5,2023-12-09,126.32143862219542,116.60112042447918
17,5,2023-12-16,130.07128144034502,109.7260480750771
17,5,2023-12-23,117.56772118254919,102.76109186084491
17,5,2023-12-30,128.06483134006072,98.19049438141639
17,5,2024-01-06,136.40230364721265,95.15871062536768
17,5,2024-01-13,138.23355997045408,92.85285946735135
17,5,2024-01-20,126.52827347663012,90.67827481618488
17,5,2024-01-27,111.21071066667675,89.44004412639015
17,5,2024-02-03,96.29133596724081,88.96462724597012
17,5,2024-02-10,84.57744422403921,89.63096756741338
17,5,2024-02-17,73.84157795171285,91.11465543987619
17,5,2024-02-24,66.81375306410733,92.72588788163068
17,5,2024-03-02,65.0586397399611,92.64833630878076
17,5,2024-03-09,63.65849902416069,89.51828694818961
17,5,2024-03-16,63.43893527483893,88.09401980128082
17,5,2024-03-23,66.45386166035556,84.8933328911641
17,5,2024-03-30,67.694316991562,83.16655797745723
17,5,2024-04-06,71.67680991580157,79.11107612540953
17,5,2024-04-13,75.04570617289812,74.06416074250077
17,5,2024-04-20,81.74276163171982,57.20764480181077
17,15,2023-11-04,117.79315163212718,132.10913491932322
17,15,2023-11-11,120.74171613904313,132.0771988323626
17,15,2023-11-18,126.40892278900819,130.50511136003502
17,15,2023-11-25,120.27506546782574,127.22589423879036
17,15,2023-12-02,120.6419903527769,122.45744547802907
17,15,2023-12-09,121.6206386674326,116.60112042447918
17,15,2023-12-16,120.58018526288494,109.7260480750771
17,15,2023-12-23,118.49104902475639,102.76109186084491
17,15,2023-12-30,121.48322681223459,98.19049438141639
17,15,2024-01-06,126.64582849080661,95.15871062536768
17,15,2024-01-13,126.70048919099841,92.85285946735135
17,15,2024-01-20,124.63680660256205,90.67827481618488
17,15,2024-01-27,110.63740356040944,89.44004412639015
17,15,2024-02-03,96.91757270449902,88.96462724597012
17,15,2024-02-10,83.50051396216462,89.63096756741338
17,15,2024-02-17,75.19198661060504,91.11465543987619
17,15,2024-02-24,69.23552923948897,92.72588788163068
17,15,2024-03-02,68.62734591353437,92.64833630878076
17,15,2024-03-09,68.27609189041712,89.51828694818961
17,15,2024-03-16,68.1878363379724,88.09401980128082
17,15,2024-03-23,69.69459033294012,84.8933328911641
17,15,2024-03-30,69.50941964746397,83.16655797745723
17,15,2024-04-06,71.61927808486499,79.11107612540953
17,15,2024-04-13,72.79596340628771,74.06416074250077
17,15,2024-04-20,79.01555873020912,57.20764480181077
17,25,2023-11-04,120.55452617797957,132.10913491932322
17,25,2023-11-11,124.0736636356088,132.0771988323626
17,25,2023-11-18,129.26701892769307,130.50511136003502
17,25,2023-11-25,123.68731066736296,127.22589423879036
17,25,2023-12-02,122.31627417578271,122.45744547802907
17,25,2023-12-09,121.4230954523844,116.60112042447918
17,25,2023-12-16,120.325430472275,109.7260480750771
17,25,2023-12-23,118.61560793345143,102.76109186084491
17,25,2023-12-30,118.51623070887092,98.19049438141639
17,25,2024-01-06,120.10818354950032,95.15871062536768
17,25,2024-01-13,120.82455083755703,92.85285946735135
17,25,2024-01-20,119.10119609581771,90.67827481618488
17,25,2024-01-27,109.37520267099836,89.44004412639015
17,25,2024-02-03,94.6356494888348,88.96462724597012
17,25,2024-02-10,82.8110442172266,89.63096756741338
17,25,2024-02-17,74.85812079895327,91.11465543987619
17,25,2024-02-24,71.4017736716041,92.72588788163068
17,25,2024-03-02,70.58223280603198,92.64833630878076
17,25,2024-03-09,69.16605770753397,89.51828694818961
17,25,2024-03-16,68.37955886470998,88.09401980128082
17,25,2024-03-23,69.02253869356224,84.8933328911641
17,25,2024-03-30,69.16616789005225,83.16655797745723
17,25,2024-04-06,71.2845827178965,79.11107612540953
17,25,2024-04-13,73.19352599780623,74.06416074250077
17,25,2024-04-20,79.71946340468098,57.20764480181077
17,50,2023-11-04,123.50519238271112,132.10913491932322
17,50,2023-11-11,126.92529206364448,132.0771988323626
17,50,2023-11-18,129.25416660109673,130.50511136003502
17,50,2023-11-25,125.63104513190018,127.22589423879036
17,50,2023-12-02,121.30766899738414,122.45744547802907
17,50,2023-12-09,118.33745539261697,116.60112042447918
17,50,2023-12-16,114.84645419230621,109.7260480750771
17,50,2023-12-23,110.4619911056495,102.76109186084491
17,50,2023-12-30,106.9040551833501,98.19049438141639
17,50,2024-01-06,104.57439073911122,95.15871062536768
17,50,2024-01-13,102.50664314692466,92.85285946735135
17,50,2024-01-20,100.16807026432215,90.67827481618488
17,50,2024-01-27,95.91644463671204,89.44004412639015
17,50,2024-02-03,90.12751984126753,88.96462724597012
17,50,2024-02-10,83.28396230181315,89.63096756741338
17,50,2024-02-17,79.05629170689902,91.11465543987619
17,50,2024-02-24,77.28025420536423,92.72588788163068
17,50,2024-03-02,77.64208971293141,92.64833630878076
17,50,2024-03-09,77.55692340916444,89.51828694818961
17,50,2024-03-16,75.91175078648841,88.09401980128082
17,50,2024-03-23,76.1121799431393,84.8933328911641
17,50,2024-03-30,75.19126809946974,83.16655797745723
17,50,2024-04-06,76.90477572467967,79.11107612540953
17,50,2024-04-13,78.4361591459135,74.06416074250077
17,50,2024-04-20,85.78194698623862,57.20764480181077
17,75,2023-11-04,126.29589368368403,132.10913491932322
17,75,2023-11-11,127.0620488070701,132.0771988323626
17,75,2023-11-18,128.05491208637193,130.50511136003502
17,75,2023-11-25,125.22797119049643,127.22589423879036
17,75,2023-12-02,123.63773401327296,122.45744547802907
17,75,2023-12-09,121.28889994963546,116.60112042447918
17,75,2023-12-16,117.47743769983765,109.7260480750771
17,75,2023-12-23,112.53994156112205,102.76109186084491
17,75,2023-12-30,106.78057958867036,98.19049438141639
17,75,2024-01-06,102.32901039254574,95.15871062536768
17,75,2024-01-13,99.17360706630316,92.85285946735135
17,75,2024-01-20,96.47664340488348,90.67827481618488
17,75,2024-01-27,92.8133860830358,89.44004412639015
17,75,2024-02-03,89.65290882900108,88.96462724597012
17,75,2024-02-10,86.52023877350354,89.63096756741338
17,75,2024-02-17,85.9869031679839,91.11465543987619
17,75,2024-02-24,87.1686923213424,92.72588788163068
17,75,2024-03-02,90.58715052058595,92.64833630878076
17,75,2024-03-09,91.7141315234738,89.51828694818961
17,75,2024-03-16,89.55890582472041,88.09401980128082
17,75,2024-03-23,89.42167710789704,84.8933328911641
17,75,2024-03-30,88.09854691614045,83.16655797745723
17,75,2024-04-06,89.7252253276999,79.11107612540953
17,75,2024-04-13,90.86340102449365,74.06416074250077
17,75,2024-04-20,97.85238063730898,57.20764480181077
25,5,2023-11-04,89.59032678120852,95.54050300919268
25,5,2023-11-11,88.2802335645927,98.24965172824894
25,5,2023-11-18,80.28287639681406,100.60139086797356
25,5,2023-11-25,84.76439315940344,102.33536603045093
25,5,2023-12-02,85.42025277512464,103.79563957110409
25,5,2023-12-09,79.74292566900151,105.10653018829862
25,5,2023-12-16,100.44712910599827,106.03128064683725
25,5,2023-12-23,85.6276929258336,107.06622537134646
25,5,2023-12-30,89.88837777561167,107.93926465629436
25,5,2024-01-06,100.63294779502415,106.87043865808562
25,5,2024-01-13,105.71506296053197,103.08061808999683
25,5,2024-01-20,106.6810669380282,101.07758217662357
25,5,2024-01-27,103.08817913908204,101.66697271469339
25,5,2024-02-03,107.12849988749561,103.04232546890181
25,5,2024-02-10,106.00518927970688,102.96121517132696
25,5,2024-02-17,103.93713717382329,103.57602185327433
25,5,2024-02-24,97.66832796209408,97.40859151842115
25,5,2024-03-02,104.03069766953395,92.15597746108266
25,5,2024-03-09,69.48532897967054,78.82089223818289
25,5,2024-03-16,58.17247698123998,71.23343214050472
25,5,2024-03-23,54.51592698321772,65.06930644080346
25,5,2024-03-30,52.53764908363665,61.44063334799083
25,5,2024-04-06,54.07082723435716,58.42755863999201
25,5,2024-04-13,57.33622330615346,47.56598250643271
25,5,2024-04-20,48.06419069637671,36.56695501037759
25,15,2023-11-04,88.5872578921869,95.54050300919268
25,15,2023-11-11,90.84453356661056,98.24965172824894
25,15,2023-11-18,84.1407939637362,100.60139086797356
25,15,2023-11-25,84.56801796578574,102.33536603045093
25,15,2023-12-02,86.49791711244194,103.79563957110409
25,15,2023-12-09,86.81191979612187,105.10653018829862
25,15,2023-12-16,98.92356163401799,106.03128064683725
25,15,2023-12-23,88.97929832739032,107.06622537134646
25,15,2023-12-30,91.33745717729553,107.93926465629436
25,15,2024-01-06,94.99393517920242,106.87043865808562
25,15,2024-01-13,101.55420490124226,103.08061808999683
25,15,2024-01-20,102.45377316051372,101.07758217662357
25,15,2024-01-27,100.46282731699503,101.66697271469339
25,15,2024-02-03,101.45115126108135,103.04232546890181
25,15,2024-02-10,102.5501611395281,102.96121517132696
25,15,2024-02-17,101.81980463277611,103.57602185327433
25,15,2024-02-24,96.63726460601238,97.40859151842115
25,15,2024-03-02,97.5707333823188,92.15597746108266
25,15,2024-03-09,76.61902023486616,78.82089223818289
25,15,2024-03-16,65.08643334970849,71.23343214050472
25,15,2024-03-23,60.26549916137723,65.06930644080346
25,15,2024-03-30,55.59081498335648,61.44063334799083
25,15,2024-04-06,57.68807732123148,58.42755863999201
25,15,2024-04-13,60.56600835354147,47.56598250643271
25,15,2024-04-20,50.587531571439285,36.56695501037759
25,25,2023-11-04,87.03250333386575,95.54050300919268
25,25,2023-11-11,90.27802635384744,98.24965172824894
25,25,2023-11-18,86.2697990482395,100.60139086797356
25,25,2023-11-25,83.92030224060304,102.33536603045093
25,25,2023-12-02,86.45917543482827,103.79563957110409
25,25,2023-12-09,88.68887878828977,105.10653018829862
25,25,2023-12-16,100.97238079643682,106.03128064683725
25,25,2023-12-23,91.44387300160169,107.06622537134646
25,25,2023-12-30,93.74800608076971,107.93926465629436
25,25,2024-01-06,97.24101313986706,106.87043865808562
25,25,2024-01-13,99.64571119016793,103.08061808999683
25,25,2024-01-20,99.26127660446795,101.07758217662357
25,25,2024-01-27,95.6570020082352,101.66697271469339
25,25,2024-02-03,97.2881341901766,103.04232546890181
25,25,2024-02-10,99.99874101515262,102.96121517132696
25,25,2024-02-17,102.511672979567,103.57602185327433
25,25,2024-02-24,93.52102529171742,97.40859151842115
25,25,2024-03-02,95.14303816045444,92.15597746108266
25,25,2024-03-09,81.71397227207831,78.82089223818289
25,25,2024-03-16,67.18581050814915,71.23343214050472
25,25,2024-03-23,61.04021133615705,65.06930644080346
25,25,2024-03-30,58.07593379150512,61.44063334799083
25,25,2024-04-06,58.780429388625095,58.42755863999201
25,25,2024-04-13,61.89424773562021,47.56598250643271
25,25,2024-04-20,52.86886231000022,36.56695501037759
25,50,2023-11-04,82.3145226604045,95.54050300919268
25,50,2023-11-11,85.58787635240094,98.24965172824894
25,50,2023-11-18,87.68208978110691,100.60139086797356
25,50,2023-11-25,87.71284180302646,102.33536603045093
25,50,2023-12-02,89.10781491386365,103.79563957110409
25,50,2023-12-09,91.79638205106372,105.10653018829862
25,50,2023-12-16,94.3934685112382,106.03128064683725
25,50,2023-12-23,95.94819969780065,107.06622537134646
25,50,2023-12-30,97.85536872696196,107.93926465629436
25,50,2024-01-06,100.25810055984041,106.87043865808562
25,50,2024-01-13,100.23212491218068,103.08061808999683
25,50,2024-01-20,96.48092307328702,101.07758217662357
25,50,2024-01-27,94.65032761470934,101.66697271469339
25,50,2024-02-03,96.00298489683034,103.04232546890181
25,50,2024-02-10,98.69397506121624,102.96121517132696
25,50,2024-02-17,100.25666886560313,103.57602185327433
25,50,2024-02-24,97.35804815856619,97.40859151842115
25,50,2024-03-02,93.67055211375421,92.15597746108266
25,50,2024-03-09,85.75096533496317,78.82089223818289
25,50,2024-03-16,70.30381974141723,71.23343214050472
25,50,2024-03-23,63.98231301096909,65.06930644080346
25,50,2024-03-30,60.000624360249766,61.44063334799083
25,50,2024-04-06,59.87389916805804,58.42755863999201
25,50,2024-04-13,63.05162467640592,47.56598250643271
25,50,2024-04-20,54.91672486786851,36.56695501037759
25,75,2023-11-04,83.14713313072347,95.54050300919268
25,75,2023-11-11,86.14886185999542,98.24965172824894
25,75,2023-11-18,87.92674221622306,100.60139086797356
25,75,2023-11-25,90.00778266154934,102.33536603045093
25,75,2023-12-02,92.8214475276989,103.79563957110409
25,75,2023-12-09,96.36871944223451,105.10653018829862
25,75,2023-12-16,99.31728047861688,106.03128064683725
25,75,2023-12-23,101.45560597163548,107.06622537134646
25,75,2023-12-30,102.93778110199685,107.93926465629436
25,75,2024-01-06,103.79603556507448,106.87043865808562
25,75,2024-01-13,102.05400785014939,103.08061808999683
25,75,2024-01-20,97.67574081900499,101.07758217662357
25,75,2024-01-27,95.94094047206993,101.66697271469339
25,75,2024-02-03,97.23180306366129,103.04232546890181
25,75,2024-02-10,99.62956526715885,102.96121517132696
25,75,2024-02-17,100.45512574783646,103.57602185327433
25,75,2024-02-24,101.94720784893155,97.40859151842115
25,75,2024-03-02,97.20716413199742,92.15597746108266
25,75,2024-03-09,93.18584419565423,78.82089223818289
25,75,2024-03-16,80.05695642809728,71.23343214050472
25,75,2024-03-23,73.55464811356214,65.06930644080346
25,75,2024-03-30,69.07492944203759,61.44063334799083
25,75,2024-04-06,68.38632236361637,58.42755863999201
25,75,2024-04-13,70.86833085803316,47.56598250643271
25,75,2024-04-20,61.72568215728158,36.56695501037759
16,5,2023-11-04,18.854167680936936,23.877223855374112
16,5,2023-11-11,19.175516195092566,24.388429491755904
16,5,2023-11-18,19.348120737629873,24.724446505160373
16,5,2023-11-25,20.339378056130172,24.98359397867254
16,5,2023-12-02,20.609093096160347,24.961777207090382
16,5,2023-12-09,21.397140431745605,24.86011308077894
16,5,2023-12-16,22.645383449727515,24.748694211076852
16,5,2023-12-23,21.89674860045047,24.613975664143005
16,5,2023-12-30,22.16609858048347,24.26518898695433
16,5,2024-01-06,22.741484563384784,22.71409525581058
16,5,2024-01-13,23.23424029475666,20.960167031570755
16,5,2024-01-20,21.314013566532584,20.43845199911781
16,5,2024-01-27,17.553604145691132,20.02595811753448
16,5,2024-02-03,16.688132091728416,19.792370676566104
16,5,2024-02-10,15.242011963348695,19.397768654301327
16,5,2024-02-17,15.837116385551814,19.08647066245791
16,5,2024-02-24,16.664711234326504,18.76431226021875
16,5,2024-03-02,16.679837018562893,17.16350853027229
16,5,2024-03-09,15.083420562256364,16.537477139441233
16,5,2024-03-16,14.365758846772145,15.030261468023424
16,5,2024-03-23,13.56048144222395,12.827041811740209
16,5,2024-03-30,11.480994188731296,10.701377275800782
16,5,2024-04-06,9.877628973710685,8.440367947341487
16,5,2024-04-13,7.501971513310307,6.771117848281087
16,5,2024-04-20,5.522391286649807,7.2077897529265265
16,15,2023-11-04,19.629497023867895,23.877223855374112
16,15,2023-11-11,19.745185440162437,24.388429491755904
16,15,2023-11-18,20.360815305876717,24.724446505160373
16,15,2023-11-25,21.188504495267193,24.98359397867254
16,15,2023-12-02,22.249465067100534,24.961777207090382
16,15,2023-12-09,22.653729999226947,24.86011308077894
16,15,2023-12-16,23.004037896352568,24.748694211076852
16,15,2023-12-23,22.721878166238984,24.613975664143005
16,15,2023-12-30,22.6315092936408,24.26518898695433
16,15,2024-01-06,23.30103215144504,22.71409525581058
16,15,2024-01-13,22.63357665463125,20.960167031570755
16,15,2024-01-20,21.1549484641092,20.43845199911781
16,15,2024-01-27,19.96041523708984,20.02595811753448
16,15,2024-02-03,18.429290672251305,19.792370676566104
16,15,2024-02-10,17.45639516284787,19.397768654301327
16,15,2024-02-17,17.561979873869454,19.08647066245791
16,15,2024-02-24,17.89214910568248,18.76431226021875
16,15,2024-03-02,18.29144834769498,17.16350853027229
16,15,2024-03-09,16.783581002636495,16.537477139441233
16,15,2024-03-16,16.880468533217748,15.030261468023424
16,15,2024-03-23,15.457843454359931,12.827041811740209
16,15,2024-03-30,13.011056112315995,10.701377275800782
16,15,2024-04-06,10.91280130472699,8.440367947341487
16,15,2024-04-13,8.45251437873868,6.771117848281087
16,15,2024-04-20,6.0319147989367785,7.2077897529265265
16,25,2023-11-04,20.067475090329964,23.877223855374112
16,25,2023-11-11,20.41930903131227,24.388429491755904
16,25,2023-11-18,21.000469206399977,24.724446505160373
16,25,2023-11-25,21.596242715063354,24.98359397867254
16,25,2023-12-02,22.559278040903198,24.961777207090382
16,25,2023-12-09,23.140875992523014,24.86011308077894
16,25,2023-12-16,23.334651387119873,24.748694211076852
16,25,2023-12-23,22.779839846444105,24.613975664143005
16,25,2023-12-30,22.994984860663507,24.26518898695433
16,25,2024-01-06,23.255404292038413,22.71409525581058
16,25,2024-01-13,22.020580962970865,20.960167031570755
16,25,2024-01-20,20.984255901554995,20.43845199911781
16,25,2024-01-27,20.258064039130026,20.02595811753448
16,25,2024-02-03,18.94392738264363,19.792370676566104
16,25,2024-02-10,18.19085970128072,19.397768654301327
16,25,2024-02-17,17.853852282725132,19.08647066245791
16,25,2024-02-24,18.247279674536383,18.76431226021875
16,25,2024-03-02,18.25985488577794,17.16350853027229
16,25,2024-03-09,17.430654124622198,16.537477139441233
16,25,2024-03-16,17.509090639968914,15.030261468023424
16,25,2024-03-23,16.121646419892176,12.827041811740209
16,25,2024-03-30,13.893431092111935,10.701377275800782
16,25,2024-04-06,11.691804952287171,8.440367947341487
16,25,2024-04-13,9.018293873387002,6.771117848281087
16,25,2024-04-20,6.405669558405319,7.2077897529265265
16,50,2023-11-04,20.777255848618257,23.877223855374112
16,50,2023-11-11,21.24189371618969,24.388429491755904
16,50,2023-11-18,21.842677414885348,24.724446505160373
16,50,2023-11-25,22.449782550460966,24.98359397867254
16,50,2023-12-02,23.14234431692862,24.961777207090382
16,50,2023-12-09,23.614379112148974,24.86011308077894
16,50,2023-12-16,24.016300435205405,24.748694211076852
16,50,2023-12-23,24.072188418047816,24.613975664143005
16,50,2023-12-30,24.022020631838906,24.26518898695433
16,50,2024-01-06,23.58225861377675,22.71409525581058
16,50,2024-01-13,21.454923009912086,20.960167031570755
16,50,2024-01-20,19.34823416110595,20.43845199911781
16,50,2024-01-27,18.85849602957003,20.02595811753448
16,50,2024-02-03,18.71443998257759,19.792370676566104
16,50,2024-02-10,18.807919204848055,19.397768654301327
16,50,2024-02-17,18.97491809530961,19.08647066245791
16,50,2024-02-24,19.162666616576146,18.76431226021875
16,50,2024-03-02,19.035906544148343,17.16350853027229
16,50,2024-03-09,17.81315961413468,16.537477139441233
16,50,2024-03-16,17.687048801915655,15.030261468023424
16,50,2024-03-23,16.47747098478268,12.827041811740209
16,50,2024-03-30,14.31362421170575,10.701377275800782
16,50,2024-04-06,12.15879913710832,8.440367947341487
16,50,2024-04-13,9.281716529523585,6.771117848281087
16,50,2024-04-20,6.3201556780487556,7.2077897529265265
16,75,2023-11-04,21.954278281493547,23.877223855374112
16,75,2023-11-11,22.663760951613057,24.388429491755904
16,75,2023-11-18,23.27020318316751,24.724446505160373
16,75,2023-11-25,23.82012304394408,24.98359397867254
16,75,2023-12-02,24.438803755821738,24.961777207090382
16,75,2023-12-09,24.808577334940097,24.86011308077894
16,75,2023-12-16,24.98248063163391,24.748694211076852
16,75,2023-12-23,25.009735226956945,24.613975664143005
16,75,2023-12-30,25.080538887156532,24.26518898695433
16,75,2024-01-06,24.84663390894866,22.71409525581058
16,75,2024-01-13,22.959771182345587,20.960167031570755
16,75,2024-01-20,21.12513291130764,20.43845199911781
16,75,2024-01-27,20.723783893798764,20.02595811753448
16,75,2024-02-03,20.562406211974395,19.792370676566104
16,75,2024-02-10,20.527681831789838,19.397768654301327
16,75,2024-02-17,20.325669449063046,19.08647066245791
16,75,2024-02-24,20.26220965879127,18.76431226021875
16,75,2024-03-02,20.04256971432658,17.16350853027229
16,75,2024-03-09,18.621625364708034,16.537477139441233
16,75,2024-03-16,18.334716377487954,15.030261468023424
16,75,2024-03-23,17.01645094712352,12.827041811740209
16,75,2024-03-30,14.758118000803893,10.701377275800782
16,75,2024-04-06,12.4557844566636,8.440367947341487
16,75,2024-04-13,9.436258811729395,6.771117848281087
16,75,2024-04-20,6.036700528497256,7.2077897529265265
09,5,2023-11-04,30.056289780303487,45.571813482037065
09,5,2023-11-11,32.681890349012804,45.82005442888147
09,5,2023-11-18,29.97567823365315,45.376152360658715
09,5,2023-11-25,31.164474812695293,44.75339377395103
09,5,2023-12-02,32.49657695279783,43.77553242180197
09,5,2023-12-09,34.89808162654857,42.619595298376055
09,5,2023-12-16,35.631302332903346,41.30398515232774
09,5,2023-12-23,37.649697021999685,40.34822193721855
09,5,2023-12-30,35.23126798317914,39.42804294404584
09,5,2024-01-06,37.291989662407104,39.388304280992834
09,5,2024-01-13,35.22748058361118,39.66389468353998
09,5,2024-01-20,33.721231660095114,40.312048207782745
09,5,2024-01-27,30.199759748142736,41.04131387658294
09,5,2024-02-03,27.402297452375038,42.07469166892683
09,5,2024-02-10,28.02912853847231,43.3671385665886
09,5,2024-02-17,27.325024266981927,44.42738280088505
09,5,2024-02-24,28.893429529263088,45.96966175328055
09,5,2024-03-02,29.347530911391512,45.00523799001804
09,5,2024-03-09,28.81792969681,39.7056149884288
09,5,2024-03-16,21.87537480487009,35.88682957859747
09,5,2024-03-23,18.851432959675456,36.127947382044596
09,5,2024-03-30,21.00071672235595,37.33992571791371
09,5,2024-04-06,24.110803182237408,36.72746517078416
09,5,2024-04-13,24.527114267520602,34.263741604911154
09,5,2024-04-20,18.15427643061776,36.70417873750086
09,15,2023-11-04,34.32272682475482,45.571813482037065
09,15,2023-11-11,35.4258400539754,45.82005442888147
09,15,2023-11-18,32.34886994266992,45.376152360658715
09,15,2023-11-25,33.372678181122836,44.75339377395103
09,15,2023-12-02,35.20346422614722,43.77553242180197
09,15,2023-12-09,36.28353797439037,42.619595298376055
09,15,2023-12-16,36.25321326928022,41.30398515232774
09,15,2023-12-23,37.199703410184114,40.34822193721855
09,15,2023-12-30,35.622938773446606,39.42804294404584
09,15,2024-01-06,36.51668284840608,39.388304280992834
09,15,2024-01-13,34.858979345496394,39.66389468353998
09,15,2024-01-20,34.34078154862589,40.312048207782745
09,15,2024-01-27,32.54827966933295,41.04131387658294
09,15,2024-02-03,31.47744482199309,42.07469166892683
09,15,2024-02-10,31.835093392461797,43.3671385665886
09,15,2024-02-17,30.74268525809014,44.42738280088505
09,15,2024-02-24,32.169909527732244,45.96966175328055
09,15,2024-03-02,32.59996949830955,45.00523799001804
09,15,2024-03-09,31.133617638614457,39.7056149884288
09,15,2024-03-16,24.539452172865804,35.88682957859747
09,15,2024-03-23,21.481196682783768,36.127947382044596
09,15,2024-03-30,22.771947209685663,37.33992571791371
09,15,2024-04-06,25.469198421162513,36.72746517078416
09,15,2024-04-13,25.278346605050565,34.263741604911154
09,15,2024-04-20,19.168488589125456,36.70417873750086
09,25,2023-11-04,36.455003498257426,45.571813482037065
09,25,2023-11-11,37.93430422803288,45.82005442888147
09,25,2023-11-18,34.50850867371073,45.376152360658715
09,25,2023-11-25,35.95410105807525,44.75339377395103
09,25,2023-12-02,36.591878255605415,43.77553242180197
09,25,2023-12-09,37.13893335968825,42.619595298376055
09,25,2023-12-16,36.75374789562977,41.30398515232774
09,25,2023-12-23,36.95228487666109,40.34822193721855
09,25,2023-12-30,36.32315857049215,39.42804294404584
09,25,2024-01-06,36.10009841859351,39.388304280992834
09,25,2024-01-13,34.89353158454648,39.66389468353998
09,25,2024-01-20,34.13732308102521,40.312048207782745
09,25,2024-01-27,33.368729702134665,41.04131387658294
09,25,2024-02-03,32.192499657994105,42.07469166892683
09,25,2024-02-10,32.29585182570213,43.3671385665886
09,25,2024-02-17,31.934667757651265,44.42738280088505
09,25,2024-02-24,33.524027157081555,45.96966175328055
09,25,2024-03-02,33.96006176220793,45.00523799001804
09,25,2024-03-09,32.8647380008032,39.7056149884288
09,25,2024-03-16,27.098576647210006,35.88682957859747
09,25,2024-03-23,23.40046116111214,36.127947382044596
09,25,2024-03-30,24.849007178399134,37.33992571791371
09,25,2024-04-06,27.311783124448578,36.72746517078416
09,25,2024-04-13,27.24990897666541,34.263741604911154
09,25,2024-04-20,20.707397614402918,36.70417873750086
09,50,2023-11-04,38.53529404024047,45.571813482037065
09,50,2023-11-11,39.339717109343276,45.82005442888147
09,50,2023-11-18,37.41384628844373,45.376152360658715
09,50,2023-11-25,37.533894110216835,44.75339377395103
09,50,2023-12-02,37.84765523142493,43.77553242180197
09,50,2023-12-09,38.346590576866916,42.619595298376055
09,50,2023-12-16,37.839381504682805,41.30398515232774
09,50,2023-12-23,37.25901261449755,40.34822193721855
09,50,2023-12-30,36.49845825640276,39.42804294404584
09,50,2024-01-06,35.844168079384744,39.388304280992834
09,50,2024-01-13,35.20352204465594,39.66389468353998
09,50,2024-01-20,34.59232762531042,40.312048207782745
09,50,2024-01-27,34.79769748790285,41.04131387658294
09,50,2024-02-03,34.48307824478572,42.07469166892683
09,50,2024-02-10,35.40285551812009,43.3671385665886
09,50,2024-02-17,36.356412534133284,44.42738280088505
09,50,2024-02-24,38.11237455675515,45.96966175328055
09,50,2024-03-02,39.97111645367106,45.00523799001804
09,50,2024-03-09,39.00593062831094,39.7056149884288
09,50,2024-03-16,32.9260937648445,35.88682957859747
09,50,2024-03-23,28.804275013427315,36.127947382044596
09,50,2024-03-30,29.88486395664979,37.33992571791371
09,50,2024-04-06,32.338318664204515,36.72746517078416
09,50,2024-04-13,31.769969572858916,34.263741604911154
09,50,2024-04-20,24.70424368798312,36.70417873750086
09,75,2023-11-04,40.84640902413084,45.571813482037065
09,75,2023-11-11,40.66659337498671,45.82005442888147
09,75,2023-11-18,41.02366440611885,45.376152360658715
09,75,2023-11-25,41.21614093743084,44.75339377395103
09,75,2023-12-02,41.36519253841566,43.77553242180197
09,75,2023-12-09,41.25945361128076,42.619595298376055
09,75,2023-12-16,40.8431119542631,41.30398515232774
09,75,2023-12-23,40.01024778463321,40.34822193721855
09,75,2023-12-30,39.265641589941964,39.42804294404584
09,75,2024-01-06,38.31224136476196,39.388304280992834
09,75,2024-01-13,37.76626386231444,39.66389468353998
09,75,2024-01-20,37.73564788013096,40.312048207782745
09,75,2024-01-27,38.13878232587389,41.04131387658294
09,75,2024-02-03,38.80661839431954,42.07469166892683
09,75,2024-02-10,40.219173172694354,43.3671385665886
09,75,2024-02-17,41.967817775293994,44.42738280088505
09,75,2024-02-24,43.664228301997554,45.96966175328055
09,75,2024-03-02,45.74202812839631,45.00523799001804
09,75,2024-03-09,44.61533992554507,39.7056149884288
09,75,2024-03-16,38.31169284706445,35.88682957859747
09,75,2024-03-23,33.54757468491105,36.127947382044596
09,75,2024-03-30,34.209371534064836,37.33992571791371
09,75,2024-04-06,36.426471670500234,36.72746517078416
09,75,2024-04-13,35.49078630261762,34.263741604911154
09,75,2024-04-20,28.207852586115884,36.70417873750086
13,5,2023-11-04,79.29997093941138,81.49086718110523
13,5,2023-11-11,82.6081248485814,84.10644593154002
13,5,2023-11-18,64.95166730557699,86.28577308272311
13,5,2023-11-25,61.820301953680136,88.50120141526637
13,5,2023-12-02,69.50146776126483,90.60596657451742
13,5,2023-12-09,77.9322232943419,92.06463688379787
13,5,2023-12-16,93.38226575406914,93.27611460079329
13,5,2023-12-23,90.28305075618982,92.42102067153799
13,5,2023-12-30,84.1165087135108,85.38844043321103
13,5,2024-01-06,81.74663022885476,63.532758662465355
13,5,2024-01-13,53.3373630323629,54.58903941170464
13,5,2024-01-20,47.7283766697764,48.849119824233206
13,5,2024-01-27,41.642514507072335,45.40527439426487
13,5,2024-02-03,31.379885428919952,41.83289502396872
13,5,2024-02-10,25.26297932728793,38.14699045803553
13,5,2024-02-17,22.422072342059792,34.04613455157523
13,5,2024-02-24,20.483271654167833,29.880718372857054
13,5,2024-03-02,18.888447104390586,25.72402222727199
13,5,2024-03-09,16.754396782910323,21.772405425998826
13,5,2024-03-16,14.602719438547203,18.426193195880924
13,5,2024-03-23,12.98346287253602,15.732556591973465
13,5,2024-03-30,13.090845631680198,13.545840894144598
13,5,2024-04-06,13.057660356852958,11.791402233319191
13,5,2024-04-13,13.734879212573261,10.498654790465466
13,5,2024-04-20,15.39968344932243,8.9066177450961
13,15,2023-11-04,77.6074823351274,81.49086718110523
13,15,2023-11-11,79.37997052560941,84.10644593154002
13,15,2023-11-18,67.23151541226889,86.28577308272311
13,15,2023-11-25,64.15078932539947,88.50120141526637
13,15,2023-12-02,69.27943144592766,90.60596657451742
13,15,2023-12-09,73.6117050495939,92.06463688379787
13,15,2023-12-16,96.13009674729281,93.27611460079329
13,15,2023-12-23,91.5930861500525,92.42102067153799
13,15,2023-12-30,88.76403277883574,85.38844043321103
13,15,2024-01-06,84.73958363405316,63.532758662465355
13,15,2024-01-13,53.62185299868343,54.58903941170464
13,15,2024-01-20,50.01601248739616,48.849119824233206
13,15,2024-01-27,46.76200425787493,45.40527439426487
13,15,2024-02-03,38.43284769148734,41.83289502396872
13,15,2024-02-10,30.890350316079743,38.14699045803553
13,15,2024-02-17,24.44093761666863,34.04613455157523
13,15,2024-02-24,22.231831938869682,29.880718372857054
13,15,2024-03-02,20.953212594864546,25.72402222727199
13,15,2024-03-09,19.47300451344727,21.772405425998826
13,15,2024-03-16,16.754781894862237,18.426193195880924
13,15,2024-03-23,14.656379077198832,15.732556591973465
13,15,2024-03-30,13.651983301981309,13.545840894144598
13,15,2024-04-06,13.324593209993353,11.791402233319191
13,15,2024-04-13,13.493007091232396,10.498654790465466
13,15,2024-04-20,14.620559252227844,8.9066177450961
13,25,2023-11-04,77.25907106221595,81.49086718110523
13,25,2023-11-11,81.01340354921193,84.10644593154002
13,25,2023-11-18,69.98721719437809,86.28577308272311
13,25,2023-11-25,68.1804651560639,88.50120141526637
13,25,2023-12-02,71.7126227513769,90.60596657451742
13,25,2023-12-09,76.9997102967373,92.06463688379787
13,25,2023-12-16,97.22521732816759,93.27611460079329
13,25,2023-12-23,95.30838468556797,92.42102067153799
13,25,2023-12-30,93.30454014568885,85.38844043321103
13,25,2024-01-06,87.37588722396964,63.532758662465355
13,25,2024-01-13,56.584096949409535,54.58903941170464
13,25,2024-01-20,53.83687301171959,48.849119824233206
13,25,2024-01-27,51.2489889830384,45.40527439426487
13,25,2024-02-03,46.17512179215976,41.83289502396872
13,25,2024-02-10,37.172921330239916,38.14699045803553
13,25,2024-02-17,29.358910627896982,34.04613455157523
13,25,2024-02-24,25.130282006037433,29.880718372857054
13,25,2024-03-02,22.22686834655259,25.72402222727199
13,25,2024-03-09,20.2140182293763,21.772405425998826
13,25,2024-03-16,17.458931322315788,18.426193195880924
13,25,2024-03-23,15.024572617267959,15.732556591973465
13,25,2024-03-30,13.695945046909067,13.545840894144598
13,25,2024-04-06,12.719544385157251,11.791402233319191
13,25,2024-04-13,12.703923636495013,10.498654790465466
13,25,2024-04-20,13.241470052827204,8.9066177450961
13,50,2023-11-04,79.58253534184341,81.49086718110523
13,50,2023-11-11,83.07546036914269,84.10644593154002
13,50,2023-11-18,77.7791079130915,86.28577308272311
13,50,2023-11-25,78.74162071930344,88.50120141526637
13,50,2023-12-02,82.38747240935193,90.60596657451742
13,50,2023-12-09,87.79234684639387,92.06463688379787
13,50,2023-12-16,103.18879383012306,93.27611460079329
13,50,2023-12-23,105.3599470062498,92.42102067153799
13,50,2023-12-30,103.19541077341043,85.38844043321103
13,50,2024-01-06,95.4392684222376,63.532758662465355
13,50,2024-01-13,64.96763715635024,54.58903941170464
13,50,2024-01-20,60.86308111201676,48.849119824233206
13,50,2024-01-27,59.007436960684394,45.40527439426487
13,50,2024-02-03,54.436146657525576,41.83289502396872
13,50,2024-02-10,48.708564685150414,38.14699045803553
13,50,2024-02-17,40.502850515736455,34.04613455157523
13,50,2024-02-24,32.44807047545193,29.880718372857054
13,50,2024-03-02,27.293225216930804,25.72402222727199
13,50,2024-03-09,23.12427774133229,21.772405425998826
13,50,2024-03-16,19.78272461539275,18.426193195880924
13,50,2024-03-23,17.11741029615973,15.732556591973465
13,50,2024-03-30,14.7954173205894,13.545840894144598
13,50,2024-04-06,12.900297556537652,11.791402233319191
13,50,2024-04-13,11.52095159355181,10.498654790465466
13,50,2024-04-20,11.247101574362718,8.9066177450961
13,75,2023-11-04,83.29897795382462,81.49086718110523
13,75,2023-11-11,86.51334955614014,84.10644593154002
13,75,2023-11-18,86.24010520493547,86.28577308272311
13,75,2023-11-25,88.0838574479111,88.50120141526637
13,75,2023-12-02,91.88824178383278,90.60596657451742
13,75,2023-12-09,96.57407550264496,92.06463688379787
13,75,2023-12-16,103.2699157634426,93.27611460079329
13,75,2023-12-23,105.13946993737862,92.42102067153799
13,75,2023-12-30,104.20229227240333,85.38844043321103
13,75,2024-01-06,95.6784049779667,63.532758662465355
13,75,2024-01-13,68.28038203550351,54.58903941170464
13,75,2024-01-20,61.181958674433055,48.849119824233206
13,75,2024-01-27,57.475616814301866,45.40527439426487
13,75,2024-02-03,54.58237970566676,41.83289502396872
13,75,2024-02-10,50.46021882551832,38.14699045803553
13,75,2024-02-17,44.51890296260952,34.04613455157523
13,75,2024-02-24,38.25352974552107,29.880718372857054
13,75,2024-03-02,32.88528341930784,25.72402222727199
13,75,2024-03-09,28.22158068074228,21.772405425998826
13,75,2024-03-16,24.150850859889545,18.426193195880924
13,75,2024-03-23,20.683516664013247,15.732556591973465
13,75,2024-03-30,17.79184222738161,13.545840894144598
13,75,2024-04-06,15.351376513571552,11.791402233319191
13,75,2024-04-13,13.343111601756414,10.498654790465466
13,75,2024-04-20,12.257972308272134,8.9066177450961
12,5,2023-11-04,241.63873906749905,212.2965798072044
12,5,2023-11-11,250.77257740435462,214.8906995510024
12,5,2023-11-18,234.25909937769302,216.44058705671762
12,5,2023-11-25,232.81830172586763,214.94636692061138
12,5,2023-12-02,221.04034881899818,211.0175671656364
12,5,2023-12-09,230.42047758008948,204.585297811869
12,5,2023-12-16,213.2708668030433,196.13238910100773
12,5,2023-12-23,200.94021144540588,186.56344180099947
12,5,2023-12-30,188.04169788208566,177.06087082884798
12,5,2024-01-06,193.5460062814907,167.25003285906882
12,5,2024-01-13,179.9769909729535,157.9339768720747
12,5,2024-01-20,144.6408675424057,153.0445613475367
12,5,2024-01-27,124.99113287565612,149.16784476165705
12,5,2024-02-03,112.34343451694718,145.60039037751287
12,5,2024-02-10,106.84903118000884,142.18856553241778
12,5,2024-02-17,105.38517309992305,135.96975704204948
12,5,2024-02-24,110.2245302158388,131.05535430776462
12,5,2024-03-02,109.0656498284458,126.54860281312523
12,5,2024-03-09,114.44795388865694,124.02296720826993
12,5,2024-03-16,118.91196800697179,121.63204033069398
12,5,2024-03-23,124.84818700707021,117.16839291332751
12,5,2024-03-30,121.44804699708274,116.92478576077694
12,5,2024-04-06,128.3203395898186,113.52900863142996
12,5,2024-04-13,125.43041477763398,118.10997717940127
12,5,2024-04-20,148.22987029105488,109.64280168061518
12,15,2023-11-04,244.90967068143576,212.2965798072044
12,15,2023-11-11,245.61992567843336,214.8906995510024
12,15,2023-11-18,240.78356627310322,216.44058705671762
12,15,2023-11-25,239.74533841844857,214.94636692061138
12,15,2023-12-02,230.36527241232372,211.0175671656364
12,15,2023-12-09,222.8005457771268,204.585297811869
12,15,2023-12-16,214.1630876538885,196.13238910100773
12,15,2023-12-23,204.44685074919687,186.56344180099947
12,15,2023-12-30,197.1812168033002,177.06087082884798
12,15,2024-01-06,192.0643248371745,167.25003285906882
12,15,2024-01-13,180.904245806149,157.9339768720747
12,15,2024-01-20,146.0362286744533,153.0445613475367
12,15,2024-01-27,124.10212343132328,149.16784476165705
12,15,2024-02-03,114.29883067689455,145.60039037751287
12,15,2024-02-10,107.19479017834124,142.18856553241778
12,15,2024-02-17,103.76676720013477,135.96975704204948
12,15,2024-02-24,102.6659260156234,131.05535430776462
12,15,2024-03-02,103.56908864409152,126.54860281312523
12,15,2024-03-09,104.30463264712206,124.02296720826993
12,15,2024-03-16,106.5883565487568,121.63204033069398
12,15,2024-03-23,109.16325546198388,117.16839291332751
12,15,2024-03-30,106.53213027862876,116.92478576077694
12,15,2024-04-06,107.4764877659231,113.52900863142996
12,15,2024-04-13,104.0081632965099,118.10997717940127
12,15,2024-04-20,123.67171073763761,109.64280168061518
12,25,2023-11-04,225.77295096761753,212.2965798072044
12,25,2023-11-11,224.4313185052156,214.8906995510024
12,25,2023-11-18,226.3147972269049,216.44058705671762
12,25,2023-11-25,227.36137896956134,214.94636692061138
12,25,2023-12-02,221.13455758427003,211.0175671656364
12,25,2023-12-09,218.461863526328,204.585297811869
12,25,2023-12-16,215.08720559881723,196.13238910100773
12,25,2023-12-23,209.0043627612709,186.56344180099947
12,25,2023-12-30,204.55202382639175,177.06087082884798
12,25,2024-01-06,200.10996683990396,167.25003285906882
12,25,2024-01-13,185.94244893683984,157.9339768720747
12,25,2024-01-20,156.89741781387076,153.0445613475367
12,25,2024-01-27,136.01236123999945,149.16784476165705
12,25,2024-02-03,124.03755853011995,145.60039037751287
12,25,2024-02-10,115.45394502033474,142.18856553241778
12,25,2024-02-17,109.482500460805,135.96975704204948
12,25,2024-02-24,104.51620553253272,131.05535430776462
12,25,2024-03-02,101.30629051681063,126.54860281312523
12,25,2024-03-09,97.274216075534,124.02296720826993
12,25,2024-03-16,96.67885607199105,121.63204033069398
12,25,2024-03-23,97.00344292649048,117.16839291332751
12,25,2024-03-30,95.69110038258252,116.92478576077694
12,25,2024-04-06,99.53397008855949,113.52900863142996
12,25,2024-04-13,97.42649717998022,118.10997717940127
12,25,2024-04-20,116.05733041075004,109.64280168061518
12,50,2023-11-04,204.38911735104452,212.2965798072044
12,50,2023-11-11,202.50511255678214,214.8906995510024
12,50,2023-11-18,203.290446721246,216.44058705671762
12,50,2023-11-25,206.53263635973335,214.94636692061138
12,50,2023-12-02,205.53792937034154,211.0175671656364
12,50,2023-12-09,201.88779283784916,204.585297811869
12,50,2023-12-16,198.97277657194678,196.13238910100773
12,50,2023-12-23,194.3928802552783,186.56344180099947
12,50,2023-12-30,186.8392357215253,177.06087082884798
12,50,2024-01-06,182.23933696233502,167.25003285906882
12,50,2024-01-13,173.06461894406232,157.9339768720747
12,50,2024-01-20,154.4336793653163,153.0445613475367
12,50,2024-01-27,141.3327787094862,149.16784476165705
12,50,2024-02-03,134.57640992242952,145.60039037751287
12,50,2024-02-10,127.15446186284693,142.18856553241778
12,50,2024-02-17,120.45918795130338,135.96975704204948
12,50,2024-02-24,114.5037611553267,131.05535430776462
12,50,2024-03-02,110.9807989408318,126.54860281312523
12,50,2024-03-09,106.98995398865874,124.02296720826993
12,50,2024-03-16,103.8950071842882,121.63204033069398
12,50,2024-03-23,101.9145615855115,117.16839291332751
12,50,2024-03-30,98.3012068138642,116.92478576077694
12,50,2024-04-06,100.6781815974283,113.52900863142996
12,50,2024-04-13,98.33846814183364,118.10997717940127
12,50,2024-04-20,116.88191342201063,109.64280168061518
12,75,2023-11-04,200.0271541060891,212.2965798072044
12,75,2023-11-11,203.12304529407712,214.8906995510024
12,75,2023-11-18,206.4820689615205,216.44058705671762
12,75,2023-11-25,209.8206319214567,214.94636692061138
12,75,2023-12-02,208.60619978606817,211.0175671656364
12,75,2023-12-09,204.29664975380962,204.585297811869
12,75,2023-12-16,199.89247449928942,196.13238910100773
12,75,2023-12-23,193.98352917009757,186.56344180099947
12,75,2023-12-30,187.05786574283843,177.06087082884798
12,75,2024-01-06,178.5187846110257,167.25003285906882
12,75,2024-01-13,167.21861787285192,157.9339768720747
12,75,2024-01-20,156.2747390907826,153.0445613475367
12,75,2024-01-27,150.41943944914297,149.16784476165705
12,75,2024-02-03,143.68672883241916,145.60039037751287
12,75,2024-02-10,136.971753668343,142.18856553241778
12,75,2024-02-17,132.06144783063075,135.96975704204948
12,75,2024-02-24,125.36026379120537,131.05535430776462
12,75,2024-03-02,120.72838874777987,126.54860281312523
12,75,2024-03-09,116.10562072161538,124.02296720826993
12,75,2024-03-16,113.467684799,121.63204033069398
12,75,2024-03-23,111.67056660944327,117.16839291332751
12,75,2024-03-30,107.60930107766423,116.92478576077694
12,75,2024-04-06,108.98108214372542,113.52900863142996
12,75,2024-04-13,105.65783935729044,118.10997717940127
12,75,2024-04-20,123.97975320407376,109.64280168061518
10,5,2023-11-04,8.34600666043993,11.882472476974316
10,5,2023-11-11,8.018515858985207,11.896028977594447
10,5,2023-11-18,7.926231402560893,11.772324631635799
10,5,2023-11-25,8.38018756524611,11.533420975433886
10,5,2023-12-02,8.223620333206753,11.164080466882
10,5,2023-12-09,8.51474707155693,10.727688686814453
10,5,2023-12-16,8.708005391342914,10.367295109778782
10,5,2023-12-23,9.483804016088392,10.108049728914887
10,5,2023-12-30,9.642124046728663,9.956687387667715
10,5,2024-01-06,10.945802574159016,9.506692718641114
10,5,2024-01-13,10.912326900560606,9.18763578126034
10,5,2024-01-20,10.184685765481612,9.029706866464581
10,5,2024-01-27,8.488174585651736,8.849670624806576
10,5,2024-02-03,7.317242942856011,8.690583772989106
10,5,2024-02-10,6.8934019005828295,8.566983526146037
10,5,2024-02-17,6.483198342667994,8.423110171685058
10,5,2024-02-24,6.356594815847277,7.867075040970214
10,5,2024-03-02,6.460160985518769,7.680037738958955
10,5,2024-03-09,6.574092068589373,6.867936601949717
10,5,2024-03-16,5.898725252677647,6.210587022607706
10,5,2024-03-23,5.495150886139671,5.9300364072034135
10,5,2024-03-30,5.637791317792872,5.6051008282898716
10,5,2024-04-06,5.712069816495681,5.1268867343884725
10,5,2024-04-13,5.880785810752553,3.236365724829182
10,5,2024-04-20,2.89236923517057,2.963519751650953
10,15,2023-11-04,8.615868633835632,11.882472476974316
10,15,2023-11-11,8.471637067255317,11.896028977594447
10,15,2023-11-18,8.316404243085573,11.772324631635799
10,15,2023-11-25,8.524509997289242,11.533420975433886
10,15,2023-12-02,8.763857934288346,11.164080466882
10,15,2023-12-09,8.792111458573139,10.727688686814453
10,15,2023-12-16,8.535164408146374,10.367295109778782
10,15,2023-12-23,8.35734772748044,10.108049728914887
10,15,2023-12-30,8.763251404028976,9.956687387667715
10,15,2024-01-06,9.384746834906691,9.506692718641114
10,15,2024-01-13,9.285337181849872,9.18763578126034
10,15,2024-01-20,9.143690533050675,9.029706866464581
10,15,2024-01-27,8.70554867151166,8.849670624806576
10,15,2024-02-03,7.917363262609881,8.690583772989106
10,15,2024-02-10,7.491721556947866,8.566983526146037
10,15,2024-02-17,7.208360459832468,8.423110171685058
10,15,2024-02-24,7.037462316552446,7.867075040970214
10,15,2024-03-02,6.83509460191569,7.680037738958955
10,15,2024-03-09,6.898471989262191,6.867936601949717
10,15,2024-03-16,6.187159240703795,6.210587022607706
10,15,2024-03-23,5.903824345824049,5.9300364072034135
10,15,2024-03-30,6.045514696951377,5.6051008282898716
10,15,2024-04-06,6.280224249744349,5.1268867343884725
10,15,2024-04-13,6.345018065014484,3.236365724829182
10,15,2024-04-20,3.142291686673209,2.963519751650953
10,25,2023-11-04,8.551584963066198,11.882472476974316
10,25,2023-11-11,8.592018105169393,11.896028977594447
10,25,2023-11-18,8.644636168973843,11.772324631635799
10,25,2023-11-25,8.811007183641259,11.533420975433886
10,25,2023-12-02,8.919118914637288,11.164080466882
10,25,2023-12-09,8.998793408494553,10.727688686814453
10,25,2023-12-16,8.784808723577926,10.367295109778782
10,25,2023-12-23,8.43109458780358,10.108049728914887
10,25,2023-12-30,8.519607483874797,9.956687387667715
10,25,2024-01-06,8.828079663152492,9.506692718641114
10,25,2024-01-13,8.679227667252418,9.18763578126034
10,25,2024-01-20,8.43779517265421,9.029706866464581
10,25,2024-01-27,8.155879541394516,8.849670624806576
10,25,2024-02-03,7.758737427658626,8.690583772989106
10,25,2024-02-10,7.366204192025233,8.566983526146037
10,25,2024-02-17,7.376086383314224,8.423110171685058
10,25,2024-02-24,7.4302393126768465,7.867075040970214
10,25,2024-03-02,7.310552878240539,7.680037738958955
10,25,2024-03-09,7.283191280215803,6.867936601949717
10,25,2024-03-16,6.617449383512955,6.210587022607706
10,25,2024-03-23,6.202297962719176,5.9300364072034135
10,25,2024-03-30,6.306563548931145,5.6051008282898716
10,25,2024-04-06,6.373130913135166,5.1268867343884725
10,25,2024-04-13,6.47319602845417,3.236365724829182
10,25,2024-04-20,3.40036190990996,2.963519751650953
10,50,2023-11-04,9.37459531952774,11.882472476974316
10,50,2023-11-11,9.563685171802614,11.896028977594447
10,50,2023-11-18,9.768297011941627,11.772324631635799
10,50,2023-11-25,9.871419558507394,11.533420975433886
10,50,2023-12-02,9.96511886356144,11.164080466882
10,50,2023-12-09,9.997203454494745,10.727688686814453
10,50,2023-12-16,9.830351043990685,10.367295109778782
10,50,2023-12-23,9.673888137797878,10.108049728914887
10,50,2023-12-30,9.59047739423765,9.956687387667715
10,50,2024-01-06,9.495910079325206,9.506692718641114
10,50,2024-01-13,8.965431249741323,9.18763578126034
10,50,2024-01-20,8.679010453157241,9.029706866464581
10,50,2024-01-27,8.618507592848786,8.849670624806576
10,50,2024-02-03,8.562951847830538,8.690583772989106
10,50,2024-02-10,8.554852385399924,8.566983526146037
10,50,2024-02-17,8.59241168341348,8.423110171685058
10,50,2024-02-24,8.530998857325274,7.867075040970214
10,50,2024-03-02,8.160852880481382,7.680037738958955
10,50,2024-03-09,8.06482775181665,6.867936601949717
10,50,2024-03-16,7.310812615620125,6.210587022607706
10,50,2024-03-23,6.791509838004082,5.9300364072034135
10,50,2024-03-30,6.743319795011889,5.6051008282898716
10,50,2024-04-06,6.780165264964391,5.1268867343884725
10,50,2024-04-13,6.799603507857055,3.236365724829182
10,50,2024-04-20,3.6619576276056374,2.963519751650953
10,75,2023-11-04,10.578354436211622,11.882472476974316
10,75,2023-11-11,10.837805452328936,11.896028977594447
10,75,2023-11-18,11.06338711229496,11.772324631635799
10,75,2023-11-25,11.19884853139093,11.533420975433886
10,75,2023-12-02,11.233841725655768,11.164080466882
10,75,2023-12-09,11.144707994147451,10.727688686814453
10,75,2023-12-16,10.905372615541584,10.367295109778782
10,75,2023-12-23,10.686968266006886,10.108049728914887
10,75,2023-12-30,10.444156590393789,9.956687387667715
10,75,2024-01-06,10.294422491468804,9.506692718641114
10,75,2024-01-13,9.839704073415893,9.18763578126034
10,75,2024-01-20,9.545598258302023,9.029706866464581
10,75,2024-01-27,9.400474993163792,8.849670624806576
10,75,2024-02-03,9.24891976887004,8.690583772989106
10,75,2024-02-10,9.106677301337646,8.566983526146037
10,75,2024-02-17,9.065372209246814,8.423110171685058
10,75,2024-02-24,9.01887111984668,7.867075040970214
10,75,2024-03-02,8.557837622893835,7.680037738958955
10,75,2024-03-09,8.446235267072307,6.867936601949717
10,75,2024-03-16,7.637295692773965,6.210587022607706
10,75,2024-03-23,7.0509429017411005,5.9300364072034135
10,75,2024-03-30,6.98015640816324,5.6051008282898716
10,75,2024-04-06,6.968111434227253,5.1268867343884725
10,75,2024-04-13,6.908647694738821,3.236365724829182
10,75,2024-04-20,3.7073056706088376,2.963519751650953
11,5,2023-11-04,11.140838479465533,12.725181860918031
11,5,2023-11-11,10.360387099052929,12.972671278451905
11,5,2023-11-18,10.531130047861454,13.19484497941989
11,5,2023-11-25,10.87207315900445,13.47001090964354
11,5,2023-12-02,10.751158186015191,13.780199250091288
11,5,2023-12-09,10.641435156017607,14.150555451443434
11,5,2023-12-16,10.890757529763457,14.581507127164372
11,5,2023-12-23,11.310787038657823,15.046198038004553
11,5,2023-12-30,11.593578737255584,14.891271833862037
11,5,2024-01-06,11.362598168570326,13.96841887983221
11,5,2024-01-13,10.192808971882114,12.836521502819938
11,5,2024-01-20,9.732003813363672,12.51735798614245
11,5,2024-01-27,10.220216011154198,12.586832113825533
11,5,2024-02-03,10.887124288924769,12.898099452894119
11,5,2024-02-10,11.778384060201308,13.234952028307205
11,5,2024-02-17,13.18008785667914,13.911514448673056
11,5,2024-02-24,14.30231574075073,14.30130846755747
11,5,2024-03-02,15.270104973880512,14.77883782063676
11,5,2024-03-09,15.976184447167615,15.577626686292579
11,5,2024-03-16,17.268825373170685,13.637581057838688
11,5,2024-03-23,14.599562015209546,14.434893993213569
11,5,2024-03-30,16.12835956161443,14.13895699572419
11,5,2024-04-06,16.44813914674152,13.912565363307468
11,5,2024-04-13,17.345910015440623,11.582803389545058
11,5,2024-04-20,14.586722635115926,9.718723549701949
11,15,2023-11-04,10.611949408270927,12.725181860918031
11,15,2023-11-11,10.503062652170817,12.972671278451905
11,15,2023-11-18,10.4649047710913,13.19484497941989
11,15,2023-11-25,10.870596308428132,13.47001090964354
11,15,2023-12-02,10.97657635576994,13.780199250091288
11,15,2023-12-09,10.899729590944577,14.150555451443434
11,15,2023-12-16,11.120877400134479,14.581507127164372
11,15,2023-12-23,11.377287366312707,15.046198038004553
11,15,2023-12-30,11.853150898242058,14.891271833862037
11,15,2024-01-06,11.57676341933304,13.96841887983221
11,15,2024-01-13,10.737679364878439,12.836521502819938
11,15,2024-01-20,9.919596457849895,12.51735798614245
11,15,2024-01-27,10.028426476922094,12.586832113825533
11,15,2024-02-03,10.603125697108402,12.898099452894119
11,15,2024-02-10,11.236722776213831,13.234952028307205
11,15,2024-02-17,12.201961094084172,13.911514448673056
11,15,2024-02-24,13.295978422882555,14.30130846755747
11,15,2024-03-02,14.112442811216564,14.77883782063676
11,15,2024-03-09,15.077658862055472,15.577626686292579
11,15,2024-03-16,16.457358407860596,13.637581057838688
11,15,2024-03-23,14.148630989261994,14.434893993213569
11,15,2024-03-30,15.752793968282283,14.13895699572419
11,15,2024-04-06,16.08968909571298,13.912565363307468
11,15,2024-04-13,17.1695013144926,11.582803389545058
11,15,2024-04-20,14.196905787278801,9.718723549701949
11,25,2023-11-04,10.72559366756642,12.725181860918031
11,25,2023-11-11,10.712548555490107,12.972671278451905
11,25,2023-11-18,10.755754443890334,13.19484497941989
11,25,2023-11-25,11.014257462188917,13.47001090964354
11,25,2023-12-02,11.304637407994367,13.780199250091288
11,25,2023-12-09,11.519625165502646,14.150555451443434
11,25,2023-12-16,11.62934308534967,14.581507127164372
11,25,2023-12-23,11.951902658715191,15.046198038004553
11,25,2023-12-30,12.31860330656795,14.891271833862037
11,25,2024-01-06,11.984872778119954,13.96841887983221
11,25,2024-01-13,11.132433939233682,12.836521502819938
11,25,2024-01-20,10.294961164546278,12.51735798614245
11,25,2024-01-27,10.28047991686948,12.586832113825533
11,25,2024-02-03,10.662918452699492,12.898099452894119
11,25,2024-02-10,11.208654338327507,13.234952028307205
11,25,2024-02-17,12.008903419836049,13.911514448673056
11,25,2024-02-24,13.064151872310772,14.30130846755747
11,25,2024-03-02,13.974842044890924,14.77883782063676
11,25,2024-03-09,14.961880816171206,15.577626686292579
11,25,2024-03-16,16.283598812607764,13.637581057838688
11,25,2024-03-23,14.077349385269343,14.434893993213569
11,25,2024-03-30,15.646370759102583,14.13895699572419
11,25,2024-04-06,16.06652877886167,13.912565363307468
11,25,2024-04-13,17.147397526293123,11.582803389545058
11,25,2024-04-20,14.399128191278344,9.718723549701949
11,50,2023-11-04,11.094359481311585,12.725181860918031
11,50,2023-11-11,11.35474875818918,12.972671278451905
11,50,2023-11-18,11.621691225351771,13.19484497941989
11,50,2023-11-25,11.95799628719734,13.47001090964354
11,50,2023-12-02,12.288534312242575,13.780199250091288
11,50,2023-12-09,12.646798697453587,14.150555451443434
11,50,2023-12-16,12.946677656103326,14.581507127164372
11,50,2023-12-23,13.181174884580164,15.046198038004553
11,50,2023-12-30,13.538841457682318,14.891271833862037
11,50,2024-01-06,13.254744217129952,13.96841887983221
11,50,2024-01-13,12.332724284377013,12.836521502819938
11,50,2024-01-20,11.261938666224419,12.51735798614245
11,50,2024-01-27,11.070046450777578,12.586832113825533
11,50,2024-02-03,11.313860430108802,12.898099452894119
11,50,2024-02-10,11.819413181654484,13.234952028307205
11,50,2024-02-17,12.458275569962183,13.911514448673056
11,50,2024-02-24,13.431225147559585,14.30130846755747
11,50,2024-03-02,14.16917938065584,14.77883782063676
11,50,2024-03-09,15.113154752244965,15.577626686292579
11,50,2024-03-16,16.42680909097626,13.637581057838688
11,50,2024-03-23,14.255081702756291,14.434893993213569
11,50,2024-03-30,15.937217476417816,14.13895699572419
11,50,2024-04-06,16.37700913370314,13.912565363307468
11,50,2024-04-13,17.499942961993426,11.582803389545058
11,50,2024-04-20,14.790147722543038,9.718723549701949
11,75,2023-11-04,11.804476948852384,12.725181860918031
11,75,2023-11-11,12.103666677473065,12.972671278451905
11,75,2023-11-18,12.447038554658992,13.19484497941989
11,75,2023-11-25,12.775371408543174,13.47001090964354
11,75,2023-12-02,13.09645366054984,13.780199250091288
11,75,2023-12-09,13.416505912477689,14.150555451443434
11,75,2023-12-16,13.79097010824459,14.581507127164372
11,75,2023-12-23,14.165215698134116,15.046198038004553
11,75,2023-12-30,14.543060117467556,14.891271833862037
11,75,2024-01-06,14.309114657885434,13.96841887983221
11,75,2024-01-13,13.334479667917046,12.836521502819938
11,75,2024-01-20,12.182874693592865,12.51735798614245
11,75,2024-01-27,11.939543388371119,12.586832113825533
11,75,2024-02-03,12.127343685333335,12.898099452894119
11,75,2024-02-10,12.617678151193559,13.234952028307205
11,75,2024-02-17,13.205976975567083,13.911514448673056
11,75,2024-02-24,14.202332103753708,14.30130846755747
11,75,2024-03-02,14.894862145863597,14.77883782063676
11,75,2024-03-09,15.726205259767013,15.577626686292579
11,75,2024-03-16,17.029358852951095,13.637581057838688
11,75,2024-03-23,14.778322977236689,14.434893993213569
11,75,2024-03-30,16.40136093307,14.13895699572419
11,75,2024-04-06,16.77421384545924,13.912565363307468
11,75,2024-04-13,17.82996115422138,11.582803389545058
11,75,2024-04-20,15.071922978590397,9.718723549701949
08,5,2023-11-04,33.10035328630378,37.78406298517379
08,5,2023-11-11,31.33256155215263,38.42781042822361
08,5,2023-11-18,30.59317200751848,38.85151178939654
08,5,2023-11-25,33.06871452573031,38.71415992137009
08,5,2023-12-02,34.309426380486954,38.10552357559727
08,5,2023-12-09,31.062527964300283,37.60318634850999
08,5,2023-12-16,30.606516072759362,36.87666850047695
08,5,2023-12-23,30.253820218356402,35.846482392047925
08,5,2023-12-30,30.11637444449084,34.78342719759764
08,5,2024-01-06,29.36319119710513,31.91562232921437
08,5,2024-01-13,27.359766920825333,29.60248904696472
08,5,2024-01-20,24.714761484935842,27.455975547073322
08,5,2024-01-27,23.272606820183032,26.861747373038703
08,5,2024-02-03,22.553861905098273,25.48003997167174
08,5,2024-02-10,22.371565997605888,24.364611242243598
08,5,2024-02-17,23.355367087622508,22.75103705315054
08,5,2024-02-24,23.743560590738653,21.934374186014075
08,5,2024-03-02,25.254835927307802,20.991704161356445
08,5,2024-03-09,26.351988436637278,20.603369600876462
08,5,2024-03-16,28.726928708550393,20.500166338429388
08,5,2024-03-23,31.443830131975766,19.307373774268523
08,5,2024-03-30,30.34449472482925,16.506852054455337
08,5,2024-04-06,26.00309865033718,14.742621097227174
08,5,2024-04-13,24.734694768737242,13.94524884998234
08,5,2024-04-20,28.960927611449247,9.121353378281912
08,15,2023-11-04,33.982124882178375,37.78406298517379
08,15,2023-11-11,32.93858076860345,38.42781042822361
08,15,2023-11-18,31.75409976042536,38.85151178939654
08,15,2023-11-25,32.13596592581019,38.71415992137009
08,15,2023-12-02,33.249525854817186,38.10552357559727
08,15,2023-12-09,32.78442055445093,37.60318634850999
08,15,2023-12-16,32.33632236588299,36.87666850047695
08,15,2023-12-23,32.21685100404488,35.846482392047925
08,15,2023-12-30,31.00176181596177,34.78342719759764
08,15,2024-01-06,30.53816397988447,31.91562232921437
08,15,2024-01-13,28.55021056420065,29.60248904696472
08,15,2024-01-20,26.718243954243324,27.455975547073322
08,15,2024-01-27,24.20569098916715,26.861747373038703
08,15,2024-02-03,22.239724585032647,25.48003997167174
08,15,2024-02-10,21.131552155979286,24.364611242243598
08,15,2024-02-17,20.573191739543493,22.75103705315054
08,15,2024-02-24,20.582359476190177,21.934374186014075
08,15,2024-03-02,21.281978753041493,20.991704161356445
08,15,2024-03-09,22.540334865460917,20.603369600876462
08,15,2024-03-16,25.54916039241071,20.500166338429388
08,15,2024-03-23,27.733531480190386,19.307373774268523
08,15,2024-03-30,27.0752604941214,16.506852054455337
08,15,2024-04-06,23.31029610707256,14.742621097227174
08,15,2024-04-13,22.208580446624183,13.94524884998234
08,15,2024-04-20,26.26422014729397,9.121353378281912
08,25,2023-11-04,33.69368899716193,37.78406298517379
08,25,2023-11-11,33.05325507613,38.42781042822361
08,25,2023-11-18,32.597422165676356,38.85151178939654
08,25,2023-11-25,33.07955431824193,38.71415992137009
08,25,2023-12-02,33.22161746298824,38.10552357559727
08,25,2023-12-09,32.62883151267345,37.60318634850999
08,25,2023-12-16,32.22398204327808,36.87666850047695
08,25,2023-12-23,31.908322101866336,35.846482392047925
08,25,2023-12-30,30.93807266099428,34.78342719759764
08,25,2024-01-06,30.38904384729912,31.91562232921437
08,25,2024-01-13,28.409705693006046,29.60248904696472
08,25,2024-01-20,26.774097637672924,27.455975547073322
08,25,2024-01-27,24.669380804288547,26.861747373038703
08,25,2024-02-03,22.846593780357367,25.48003997167174
08,25,2024-02-10,21.78173623653306,24.364611242243598
08,25,2024-02-17,20.940901753996798,22.75103705315054
08,25,2024-02-24,20.221148607688413,21.934374186014075
08,25,2024-03-02,20.47332922981885,20.991704161356445
08,25,2024-03-09,21.34795090497624,20.603369600876462
08,25,2024-03-16,23.363268322815866,20.500166338429388
08,25,2024-03-23,25.201955618952574,19.307373774268523
08,25,2024-03-30,24.814693847508387,16.506852054455337
08,25,2024-04-06,21.58354917697631,14.742621097227174
08,25,2024-04-13,20.89417868782547,13.94524884998234
08,25,2024-04-20,24.836012065224974,9.121353378281912
08,50,2023-11-04,34.090520068518195,37.78406298517379
08,50,2023-11-11,34.521021189159484,38.42781042822361
08,50,2023-11-18,34.80312173643921,38.85151178939654
08,50,2023-11-25,35.0914876714962,38.71415992137009
08,50,2023-12-02,34.872417996980744,38.10552357559727
08,50,2023-12-09,34.307263101083336,37.60318634850999
08,50,2023-12-16,33.9765505160924,36.87666850047695
08,50,2023-12-23,33.33108692349439,35.846482392047925
08,50,2023-12-30,32.47043495563868,34.78342719759764
08,50,2024-01-06,31.436779151753232,31.91562232921437
08,50,2024-01-13,28.522313700075618,29.60248904696472
08,50,2024-01-20,26.558347811686527,27.455975547073322
08,50,2024-01-27,24.93498240288606,26.861747373038703
08,50,2024-02-03,23.81734294841483,25.48003997167174
08,50,2024-02-10,22.720856542592657,24.364611242243598
08,50,2024-02-17,21.52224817062268,22.75103705315054
08,50,2024-02-24,20.502145526899938,21.934374186014075
08,50,2024-03-02,19.961708942050496,20.991704161356445
08,50,2024-03-09,19.864762643879846,20.603369600876462
08,50,2024-03-16,20.73213759562563,20.500166338429388
08,50,2024-03-23,21.714197289579598,19.307373774268523
08,50,2024-03-30,21.73368465984248,16.506852054455337
08,50,2024-04-06,19.249375900558988,14.742621097227174
08,50,2024-04-13,18.81244211102493,13.94524884998234
08,50,2024-04-20,22.519505649592556,9.121353378281912
08,75,2023-11-04,35.47706440187661,37.78406298517379
08,75,2023-11-11,36.159523214202984,38.42781042822361
08,75,2023-11-18,36.863295804638554,38.85151178939654
08,75,2023-11-25,37.3616834437966,38.71415992137009
08,75,2023-12-02,37.424581263548646,38.10552357559727
08,75,2023-12-09,36.98221064504034,37.60318634850999
08,75,2023-12-16,36.713690143967334,36.87666850047695
08,75,2023-12-23,35.97879296768822,35.846482392047925
08,75,2023-12-30,34.98529912446647,34.78342719759764
08,75,2024-01-06,33.68489436397083,31.91562232921437
08,75,2024-01-13,30.42178067973117,29.60248904696472
08,75,2024-01-20,28.031720845824292,27.455975547073322
08,75,2024-01-27,26.039562287262527,26.861747373038703
08,75,2024-02-03,25.434929832527725,25.48003997167174
08,75,2024-02-10,24.41830579404406,24.364611242243598
08,75,2024-02-17,23.513711192584093,22.75103705315054
08,75,2024-02-24,22.45580672815415,21.934374186014075
08,75,2024-03-02,21.810154071991317,20.991704161356445
08,75,2024-03-09,21.38571949307166,20.603369600876462
08,75,2024-03-16,21.474335214411976,20.500166338429388
08,75,2024-03-23,21.951644501961322,19.307373774268523
08,75,2024-03-30,21.43336002196448,16.506852054455337
08,75,2024-04-06,19.00445268293654,14.742621097227174
08,75,2024-04-13,18.296843625162754,13.94524884998234
08,75,2024-04-20,21.356103226370525,9.121353378281912
06,5,2023-11-04,319.7370041371553,346.2303892210603
06,5,2023-11-11,360.08146747898155,356.7539064416412
06,5,2023-11-18,390.09245751241093,367.59811467584444
06,5,2023-11-25,449.01977472289224,377.6927974717969
06,5,2023-12-02,553.8098994061183,386.03941362925485
06,5,2023-12-09,566.9012536787269,391.7535251480699
06,5,2023-12-16,667.6923322087874,394.0360243249165
06,5,2023-12-23,739.3771296225606,393.47641877500206
06,5,2023-12-30,831.398693556787,389.81755077391404
06,5,2024-01-06,880.9997959627567,384.7733188649584
06,5,2024-01-13,866.1033085395501,378.9449566297373
06,5,2024-01-20,777.3745965734255,366.91056499364856
06,5,2024-01-27,579.2666557974514,353.98856702754665
06,5,2024-02-03,518.1713638857185,332.7843193243409
06,5,2024-02-10,462.51601715408685,304.35597320166374
06,5,2024-02-17,389.9455333732733,271.4785188943508
06,5,2024-02-24,306.1837437501315,235.64983785222313
06,5,2024-03-02,225.5820061186979,201.1385163238742
06,5,2024-03-09,155.66815336286575,167.54723577655778
06,5,2024-03-16,121.7698848503992,134.60574611518902
06,5,2024-03-23,101.47826107857733,107.57693431468789
06,5,2024-03-30,85.13381267645315,86.89160628521336
06,5,2024-04-06,74.65280810551604,74.29582520692738
06,5,2024-04-13,71.51431720776385,64.0354267905292
06,5,2024-04-20,72.23257685355212,57.804887309413466
06,15,2023-11-04,343.9791666670335,346.2303892210603
06,15,2023-11-11,370.8099776210203,356.7539064416412
06,15,2023-11-18,383.27809582224296,367.59811467584444
06,15,2023-11-25,417.0018827473437,377.6927974717969
06,15,2023-12-02,487.1383427542819,386.03941362925485
06,15,2023-12-09,557.1489719158662,391.7535251480699
06,15,2023-12-16,582.9444043045665,394.0360243249165
06,15,2023-12-23,635.1715813888244,393.47641877500206
06,15,2023-12-30,688.4033459408323,389.81755077391404
06,15,2024-01-06,729.7585674624206,384.7733188649584
06,15,2024-01-13,754.8247922669531,378.9449566297373
06,15,2024-01-20,730.4193724578081,366.91056499364856
06,15,2024-01-27,654.3086236064244,353.98856702754665
06,15,2024-02-03,574.5032151147715,332.7843193243409
06,15,2024-02-10,502.6495725047728,304.35597320166374
06,15,2024-02-17,412.24008628914953,271.4785188943508
06,15,2024-02-24,343.8115206001505,235.64983785222313
06,15,2024-03-02,285.4538393750089,201.1385163238742
06,15,2024-03-09,236.5566993688545,167.54723577655778
06,15,2024-03-16,190.0197273872442,134.60574611518902
06,15,2024-03-23,152.43790607305507,107.57693431468789
06,15,2024-03-30,124.46279969290093,86.89160628521336
06,15,2024-04-06,97.32818741992212,74.29582520692738
06,15,2024-04-13,87.75993755408709,64.0354267905292
06,15,2024-04-20,84.79618682114129,57.804887309413466
06,25,2023-11-04,362.94146139331366,346.2303892210603
06,25,2023-11-11,376.37991415694347,356.7539064416412
06,25,2023-11-18,387.8756665517816,367.59811467584444
06,25,2023-11-25,408.5412098006427,377.6927974717969
06,25,2023-12-02,463.91755491251473,386.03941362925485
06,25,2023-12-09,522.2213753267213,391.7535251480699
06,25,2023-12-16,559.8714854135742,394.0360243249165
06,25,2023-12-23,592.5881658553142,393.47641877500206
06,25,2023-12-30,637.9708961084649,389.81755077391404
06,25,2024-01-06,669.2128920932794,384.7733188649584
06,25,2024-01-13,694.1705229559927,378.9449566297373
06,25,2024-01-20,696.8751635148219,366.91056499364856
06,25,2024-01-27,674.8477547668879,353.98856702754665
06,25,2024-02-03,577.9794324398574,332.7843193243409
06,25,2024-02-10,500.5934373983697,304.35597320166374
06,25,2024-02-17,446.41790901029515,271.4785188943508
06,25,2024-02-24,385.05545820729554,235.64983785222313
06,25,2024-03-02,324.3610750864872,201.1385163238742
06,25,2024-03-09,268.9514880461018,167.54723577655778
06,25,2024-03-16,218.82056789555122,134.60574611518902
06,25,2024-03-23,170.8457223789743,107.57693431468789
06,25,2024-03-30,127.07828422773493,86.89160628521336
06,25,2024-04-06,105.23949675469713,74.29582520692738
06,25,2024-04-13,93.50025571329384,64.0354267905292
06,25,2024-04-20,87.27002618911087,57.804887309413466
06,50,2023-11-04,364.0773940422455,346.2303892210603
06,50,2023-11-11,365.0762214153663,356.7539064416412
06,50,2023-11-18,380.5823721889357,367.59811467584444
06,50,2023-11-25,397.41981724884766,377.6927974717969
06,50,2023-12-02,433.3151197323487,386.03941362925485
06,50,2023-12-09,471.6178482899651,391.7535251480699
06,50,2023-12-16,498.12447987280575,394.0360243249165
06,50,2023-12-23,528.2410510963001,393.47641877500206
06,50,2023-12-30,556.7976880302094,389.81755077391404
06,50,2024-01-06,576.9745203038941,384.7733188649584
06,50,2024-01-13,581.1587285428874,378.9449566297373
06,50,2024-01-20,604.7317515600123,366.91056499364856
06,50,2024-01-27,620.666616011741,353.98856702754665
06,50,2024-02-03,621.3560487386209,332.7843193243409
06,50,2024-02-10,555.9800262485891,304.35597320166374
06,50,2024-02-17,485.43563032688473,271.4785188943508
06,50,2024-02-24,410.4813645703059,235.64983785222313
06,50,2024-03-02,346.3346123251208,201.1385163238742
06,50,2024-03-09,282.8216217412827,167.54723577655778
06,50,2024-03-16,219.49930699233937,134.60574611518902
06,50,2024-03-23,165.9869615530363,107.57693431468789
06,50,2024-03-30,132.0707352085392,86.89160628521336
06,50,2024-04-06,106.17456795903536,74.29582520692738
06,50,2024-04-13,90.09418326164848,64.0354267905292
06,50,2024-04-20,80.5316640774948,57.804887309413466
06,75,2023-11-04,364.3316178798083,346.2303892210603
06,75,2023-11-11,374.9049122510285,356.7539064416412
06,75,2023-11-18,392.44786753867567,367.59811467584444
06,75,2023-11-25,412.1117447909206,377.6927974717969
06,75,2023-12-02,438.99828144334754,386.03941362925485
06,75,2023-12-09,457.05179649034017,391.7535251480699
06,75,2023-12-16,469.99343648625415,394.0360243249165
06,75,2023-12-23,485.8150155223514,393.47641877500206
06,75,2023-12-30,501.93333910960587,389.81755077391404
06,75,2024-01-06,509.0416062185511,384.7733188649584
06,75,2024-01-13,519.2294517021073,378.9449566297373
06,75,2024-01-20,530.3996669001176,366.91056499364856
06,75,2024-01-27,527.325139272796,353.98856702754665
06,75,2024-02-03,521.5682833776679,332.7843193243409
06,75,2024-02-10,482.8027493123995,304.35597320166374
06,75,2024-02-17,418.64940675067754,271.4785188943508
06,75,2024-02-24,353.47026815149627,235.64983785222313
06,75,2024-03-02,297.9768332174467,201.1385163238742
06,75,2024-03-09,251.04381269627356,167.54723577655778
06,75,2024-03-16,207.57424148540414,134.60574611518902
06,75,2024-03-23,166.35505912063203,107.57693431468789
06,75,2024-03-30,131.57082365412916,86.89160628521336
06,75,2024-04-06,105.46110563441118,74.29582520692738
06,75,2024-04-13,89.11550919074229,64.0354267905292
06,75,2024-04-20,74.30693212011275,57.804887309413466
04,5,2023-11-04,110.97700706920503,120.18700374392871
04,5,2023-11-11,100.83614922357485,122.99143687162866
04,5,2023-11-18,107.8826784674866,125.43483348341522
04,5,2023-11-25,110.57369558451374,127.46393842556043
04,5,2023-12-02,107.98547345891369,129.2253113183379
04,5,2023-12-09,111.58664943429497,130.55364524410393
04,5,2023-12-16,113.13853696684096,131.31459016695374
04,5,2023-12-23,112.1346002057581,130.56523430740435
04,5,2023-12-30,106.92069831131641,119.55463993021408
04,5,2024-01-06,92.99085153144915,96.5224721748802
04,5,2024-01-13,74.15087590864862,80.48376811406223
04,5,2024-01-20,69.77649248229869,70.53329963559905
04,5,2024-01-27,69.81507924403545,59.0081807717196
04,5,2024-02-03,60.23828482495416,46.75717147706295
04,5,2024-02-10,52.88076801792363,43.80971477081431
04,5,2024-02-17,51.56097683520959,43.044507285097936
04,5,2024-02-24,53.655378326242044,42.43487678536779
04,5,2024-03-02,53.25808199518045,41.616178401778974
04,5,2024-03-09,50.93201514328566,41.08538595598117
04,5,2024-03-16,48.41992641268131,42.53068396338416
04,5,2024-03-23,49.0515646466792,43.18540458940459
04,5,2024-03-30,46.83039561758601,45.48815003812581
04,5,2024-04-06,46.76233911110188,48.337167483969885
04,5,2024-04-13,47.844742323642805,53.47456229343367
04,5,2024-04-20,51.802641638457395,58.66096390275695
04,15,2023-11-04,110.22170713765192,120.18700374392871
04,15,2023-11-11,103.98719348472999,122.99143687162866
04,15,2023-11-18,105.20922557539515,125.43483348341522
04,15,2023-11-25,105.41277002632424,127.46393842556043
04,15,2023-12-02,105.73414772814667,129.2253113183379
04,15,2023-12-09,107.38784512997856,130.55364524410393
04,15,2023-12-16,111.17004689823614,131.31459016695374
04,15,2023-12-23,112.80983595003097,130.56523430740435
04,15,2023-12-30,109.06810927511633,119.55463993021408
04,15,2024-01-06,97.97011905640102,96.5224721748802
04,15,2024-01-13,78.40216065445375,80.48376811406223
04,15,2024-01-20,69.37870169206896,70.53329963559905
04,15,2024-01-27,63.71364540797362,59.0081807717196
04,15,2024-02-03,53.969493206564074,46.75717147706295
04,15,2024-02-10,44.65509852799264,43.80971477081431
04,15,2024-02-17,43.452675232369714,43.044507285097936
04,15,2024-02-24,44.151561409179685,42.43487678536779
04,15,2024-03-02,44.55350777362641,41.616178401778974
04,15,2024-03-09,43.264397033975605,41.08538595598117
04,15,2024-03-16,41.916171658174584,42.53068396338416
04,15,2024-03-23,43.22697639163009,43.18540458940459
04,15,2024-03-30,42.02568414544538,45.48815003812581
04,15,2024-04-06,42.5316613363267,48.337167483969885
04,15,2024-04-13,43.25855034407156,53.47456229343367
04,15,2024-04-20,47.36433598858876,58.66096390275695
04,25,2023-11-04,108.49263283998769,120.18700374392871
04,25,2023-11-11,104.36464794329761,122.99143687162866
04,25,2023-11-18,105.97438610558552,125.43483348341522
04,25,2023-11-25,106.97057904582184,127.46393842556043
04,25,2023-12-02,107.13920940777052,129.2253113183379
04,25,2023-12-09,109.10173642890179,130.55364524410393
04,25,2023-12-16,111.18183564364408,131.31459016695374
04,25,2023-12-23,112.54512880092292,130.56523430740435
04,25,2023-12-30,109.09177455553765,119.55463993021408
04,25,2024-01-06,97.41912609735155,96.5224721748802
04,25,2024-01-13,78.4440591298736,80.48376811406223
04,25,2024-01-20,65.96535525020445,70.53329963559905
04,25,2024-01-27,59.50150323880747,59.0081807717196
04,25,2024-02-03,50.47998921312787,46.75717147706295
04,25,2024-02-10,40.80781790371088,43.80971477081431
04,25,2024-02-17,39.51204551661682,43.044507285097936
04,25,2024-02-24,38.7490199972154,42.43487678536779
04,25,2024-03-02,39.09804665283073,41.616178401778974
04,25,2024-03-09,38.09438039054398,41.08538595598117
04,25,2024-03-16,37.40153435830094,42.53068396338416
04,25,2024-03-23,39.29697153185811,43.18540458940459
04,25,2024-03-30,38.67817394143209,45.48815003812581
04,25,2024-04-06,39.83339405824551,48.337167483969885
04,25,2024-04-13,40.81270763248607,53.47456229343367
04,25,2024-04-20,45.20815715336712,58.66096390275695
04,50,2023-11-04,107.71731152585674,120.18700374392871
04,50,2023-11-11,106.62260144175865,122.99143687162866
04,50,2023-11-18,109.37141583911665,125.43483348341522
04,50,2023-11-25,111.37590820618608,127.46393842556043
04,50,2023-12-02,112.81858390403167,129.2253113183379
04,50,2023-12-09,115.02235720726488,130.55364524410393
04,50,2023-12-16,116.99078889395706,131.31459016695374
04,50,2023-12-23,117.99321904805662,130.56523430740435
04,50,2023-12-30,116.37113518417783,119.55463993021408
04,50,2024-01-06,104.15705649812917,96.5224721748802
04,50,2024-01-13,81.94803029459231,80.48376811406223
04,50,2024-01-20,67.62075508300894,70.53329963559905
04,50,2024-01-27,58.87880837423764,59.0081807717196
04,50,2024-02-03,48.94653834247644,46.75717147706295
04,50,2024-02-10,38.237049818621806,43.80971477081431
04,50,2024-02-17,36.47723074564213,43.044507285097936
04,50,2024-02-24,35.00917357510989,42.43487678536779
04,50,2024-03-02,34.23858437139837,41.616178401778974
04,50,2024-03-09,33.46733100834349,41.08538595598117
04,50,2024-03-16,33.019080159855456,42.53068396338416
04,50,2024-03-23,34.25426555520367,43.18540458940459
04,50,2024-03-30,34.3492150735988,45.48815003812581
04,50,2024-04-06,35.918345887222365,48.337167483969885
04,50,2024-04-13,37.158751488153186,53.47456229343367
04,50,2024-04-20,42.033702047277195,58.66096390275695
04,75,2023-11-04,108.57367568487942,120.18700374392871
04,75,2023-11-11,110.92472649597654,122.99143687162866
04,75,2023-11-18,114.17583013360556,125.43483348341522
04,75,2023-11-25,117.0756338764261,127.46393842556043
04,75,2023-12-02,119.72165338600959,129.2253113183379
04,75,2023-12-09,122.67246907943854,130.55364524410393
04,75,2023-12-16,125.17521980284877,131.31459016695374
04,75,2023-12-23,126.40913015754823,130.56523430740435
04,75,2023-12-30,125.18426353421646,119.55463993021408
04,75,2024-01-06,112.29352822534634,96.5224721748802
04,75,2024-01-13,87.82833421782739,80.48376811406223
04,75,2024-01-20,71.3163461212163,70.53329963559905
04,75,2024-01-27,61.71642185255285,59.0081807717196
04,75,2024-02-03,50.51330699050113,46.75717147706295
04,75,2024-02-10,38.58625088617523,43.80971477081431
04,75,2024-02-17,36.0998184154155,43.044507285097936
04,75,2024-02-24,34.289156948212884,42.43487678536779
04,75,2024-03-02,33.209537364650586,41.616178401778974
04,75,2024-03-09,32.17346771745575,41.08538595598117
04,75,2024-03-16,31.439058188971938,42.53068396338416
04,75,2024-03-23,32.44748831731159,43.18540458940459
04,75,2024-03-30,32.43480218307717,45.48815003812581
04,75,2024-04-06,34.18142673141558,48.337167483969885
04,75,2024-04-13,35.90055658048594,53.47456229343367
04,75,2024-04-20,41.10480390798305,58.66096390275695
05,5,2023-11-04,61.57991020088249,60.43472280288577
05,5,2023-11-11,52.952333373108274,61.13139391116362
05,5,2023-11-18,50.151615731391026,61.34720952246772
05,5,2023-11-25,48.967042775470965,60.69109497090701
05,5,2023-12-02,49.6879386937395,59.67204856448216
05,5,2023-12-09,52.20328497400285,58.01645176135413
05,5,2023-12-16,53.1565016297615,56.41996971402599
05,5,2023-12-23,53.74361686099717,54.976710814487525
05,5,2023-12-30,52.3826574634671,54.591317841722415
05,5,2024-01-06,43.48814306189365,55.03680382612365
05,5,2024-01-13,41.272486267377424,55.549998281020294
05,5,2024-01-20,41.90812727012683,56.37289061414943
05,5,2024-01-27,43.46368695682706,57.0843895213408
05,5,2024-02-03,43.24015463377032,56.21709606545947
05,5,2024-02-10,43.63370138246667,55.9118807428034
05,5,2024-02-17,43.70083466238131,53.284648448001036
05,5,2024-02-24,45.84019041603392,51.19008443739834
05,5,2024-03-02,36.90588375265631,46.4416107485547
05,5,2024-03-09,32.89754888295223,38.50734235774942
05,5,2024-03-16,27.044363415219255,29.15436126449287
05,5,2024-03-23,19.8056154244154,20.13514729864436
05,5,2024-03-30,12.818064456229685,17.254273041022255
05,5,2024-04-06,11.37810802367006,14.513884482715648
05,5,2024-04-13,9.804111485017739,12.44809463851414
05,5,2024-04-20,8.802806141780747,10.418133047303785
05,15,2023-11-04,64.29039961670912,60.43472280288577
05,15,2023-11-11,53.246178579671415,61.13139391116362
05,15,2023-11-18,51.24738080781925,61.34720952246772
05,15,2023-11-25,48.397202903861285,60.69109497090701
05,15,2023-12-02,48.06328309067626,59.67204856448216
05,15,2023-12-09,50.81552250673968,58.01645176135413
05,15,2023-12-16,50.95637105291695,56.41996971402599
05,15,2023-12-23,50.36438691849067,54.976710814487525
05,15,2023-12-30,49.56800289825081,54.591317841722415
05,15,2024-01-06,46.42671551465342,55.03680382612365
05,15,2024-01-13,44.614097280772675,55.549998281020294
05,15,2024-01-20,44.365643010435285,56.37289061414943
05,15,2024-01-27,44.7567582493587,57.0843895213408
05,15,2024-02-03,45.52552338825179,56.21709606545947
05,15,2024-02-10,43.71212073297511,55.9118807428034
05,15,2024-02-17,43.00676136455952,53.284648448001036
05,15,2024-02-24,42.67498546919194,51.19008443739834
05,15,2024-03-02,41.14812811040839,46.4416107485547
05,15,2024-03-09,38.14951621019712,38.50734235774942
05,15,2024-03-16,30.675847218396544,29.15436126449287
05,15,2024-03-23,22.887363661710467,20.13514729864436
05,15,2024-03-30,14.97523329846798,17.254273041022255
05,15,2024-04-06,13.126943558019457,14.513884482715648
05,15,2024-04-13,11.121335206168709,12.44809463851414
05,15,2024-04-20,9.953827409084996,10.418133047303785
05,25,2023-11-04,63.1687701478516,60.43472280288577
05,25,2023-11-11,53.50165152076341,61.13139391116362
05,25,2023-11-18,52.10698092518317,61.34720952246772
05,25,2023-11-25,49.410710065290026,60.69109497090701
05,25,2023-12-02,48.68115818143057,59.67204856448216
05,25,2023-12-09,50.539846610898636,58.01645176135413
05,25,2023-12-16,49.781691077228494,56.41996971402599
05,25,2023-12-23,50.03847545062603,54.976710814487525
05,25,2023-12-30,49.39562466439178,54.591317841722415
05,25,2024-01-06,48.68407397004428,55.03680382612365
05,25,2024-01-13,48.30916551273109,55.549998281020294
05,25,2024-01-20,48.54873407465753,56.37289061414943
05,25,2024-01-27,48.81919275820171,57.0843895213408
05,25,2024-02-03,48.55522313523235,56.21709606545947
05,25,2024-02-10,46.672949167944836,55.9118807428034
05,25,2024-02-17,46.741906866676445,53.284648448001036
05,25,2024-02-24,45.15714780984839,51.19008443739834
05,25,2024-03-02,43.38578121985755,46.4416107485547
05,25,2024-03-09,39.2250468629317,38.50734235774942
05,25,2024-03-16,32.290504262151316,29.15436126449287
05,25,2024-03-23,23.226008076101188,20.13514729864436
05,25,2024-03-30,14.78484648520295,17.254273041022255
05,25,2024-04-06,13.322808832007771,14.513884482715648
05,25,2024-04-13,11.381312470070661,12.44809463851414
05,25,2024-04-20,10.167756726294202,10.418133047303785
05,50,2023-11-04,60.66894310114841,60.43472280288577
05,50,2023-11-11,55.064216569138125,61.13139391116362
05,50,2023-11-18,53.6179492045729,61.34720952246772
05,50,2023-11-25,52.26197402185412,60.69109497090701
05,50,2023-12-02,52.231016493331815,59.67204856448216
05,50,2023-12-09,52.73552059148534,58.01645176135413
05,50,2023-12-16,52.17615700262677,56.41996971402599
05,50,2023-12-23,51.848372938588355,54.976710814487525
05,50,2023-12-30,51.02960944266209,54.591317841722415
05,50,2024-01-06,51.348540949856584,55.03680382612365
05,50,2024-01-13,51.9554187480088,55.549998281020294
05,50,2024-01-20,52.68191673090833,56.37289061414943
05,50,2024-01-27,53.99016777171767,57.0843895213408
05,50,2024-02-03,55.183235824027726,56.21709606545947
05,50,2024-02-10,54.238501271487756,55.9118807428034
05,50,2024-02-17,54.35442894189838,53.284648448001036
05,50,2024-02-24,52.31608347559681,51.19008443739834
05,50,2024-03-02,50.25183279339182,46.4416107485547
05,50,2024-03-09,45.84226908054334,38.50734235774942
05,50,2024-03-16,37.46543296510123,29.15436126449287
05,50,2024-03-23,27.205315201714843,20.13514729864436
05,50,2024-03-30,17.158677648670498,17.254273041022255
05,50,2024-04-06,15.07278652728497,14.513884482715648
05,50,2024-04-13,12.973784086043988,12.44809463851414
05,50,2024-04-20,11.540102648315353,10.418133047303785
05,75,2023-11-04,59.75818787061252,60.43472280288577
05,75,2023-11-11,57.396514079173606,61.13139391116362
05,75,2023-11-18,58.66884242341484,61.34720952246772
05,75,2023-11-25,59.32584011904493,60.69109497090701
05,75,2023-12-02,59.24643545306245,59.67204856448216
05,75,2023-12-09,59.09345080707639,58.01645176135413
05,75,2023-12-16,58.02269721385992,56.41996971402599
05,75,2023-12-23,56.9291943112007,54.976710814487525
05,75,2023-12-30,55.71131453665577,54.591317841722415
05,75,2024-01-06,55.67001903854449,55.03680382612365
05,75,2024-01-13,56.62994082124432,55.549998281020294
05,75,2024-01-20,57.693459893256566,56.37289061414943
05,75,2024-01-27,59.121123741204556,57.0843895213408
05,75,2024-02-03,60.60870651238267,56.21709606545947
05,75,2024-02-10,60.21420526221002,55.9118807428034
05,75,2024-02-17,60.661254526956704,53.284648448001036
05,75,2024-02-24,58.687699861927904,51.19008443739834
05,75,2024-03-02,57.38480450089264,46.4416107485547
05,75,2024-03-09,52.74745589550402,38.50734235774942
05,75,2024-03-16,44.03519999177659,29.15436126449287
05,75,2024-03-23,32.99371654398807,20.13514729864436
05,75,2024-03-30,21.71466220229115,17.254273041022255
05,75,2024-04-06,18.917366508969504,14.513884482715648
05,75,2024-04-13,16.068220052130968,12.44809463851414
05,75,2024-04-20,14.295736461488945,10.418133047303785
01,5,2023-11-04,43.36331176248571,39.28942722562761
01,5,2023-11-11,41.602403736890345,40.24220820775458
01,5,2023-11-18,42.345800308737346,40.972526123628946
01,5,2023-11-25,43.97418258557881,41.37759525890444
01,5,2023-12-02,42.87944486525747,41.45698229039289
01,5,2023-12-09,45.25737079650254,41.032231039614814
01,5,2023-12-16,47.25355819835588,40.05203891421425
01,5,2023-12-23,47.131544034926,38.716195095526835
01,5,2023-12-30,52.60490089790288,36.52003960863223
01,5,2024-01-06,59.92522452629606,34.199944515638435
01,5,2024-01-13,57.600977726305494,31.12041796941131
01,5,2024-01-20,46.900480142585806,29.500138085982037
01,5,2024-01-27,33.874508762097776,27.939424855907014
01,5,2024-02-03,28.083833529747803,26.272860732179044
01,5,2024-02-10,24.04007553250017,24.284559131177133
01,5,2024-02-17,20.86641597782296,22.206493965834333
01,5,2024-02-24,19.359300283903256,19.915466685539883
01,5,2024-03-02,16.981134363227802,17.758185952588185
01,5,2024-03-09,15.240505395358005,15.555053296073721
01,5,2024-03-16,13.057992600419473,13.527333025014125
01,5,2024-03-23,11.634324242436092,11.373607562041963
01,5,2024-03-30,10.152975487680067,9.751857127230224
01,5,2024-04-06,9.549141802699483,7.601664294980483
01,5,2024-04-13,6.7839861313698115,6.170718188546321
01,5,2024-04-20,5.624730630493137,5.421530148916423
01,15,2023-11-04,42.792557605133176,39.28942722562761
01,15,2023-11-11,41.12313124421851,40.24220820775458
01,15,2023-11-18,42.14258923591383,40.972526123628946
01,15,2023-11-25,43.412278360485814,41.37759525890444
01,15,2023-12-02,42.68643763658514,41.45698229039289
01,15,2023-12-09,43.85987065246992,41.032231039614814
01,15,2023-12-16,44.803200887872,40.05203891421425
01,15,2023-12-23,46.132805413077186,38.716195095526835
01,15,2023-12-30,46.74611376532087,36.52003960863223
01,15,2024-01-06,48.85557339667015,34.199944515638435
01,15,2024-01-13,49.84202555126765,31.12041796941131
01,15,2024-01-20,44.39341542775936,29.500138085982037
01,15,2024-01-27,37.649666380968625,27.939424855907014
01,15,2024-02-03,32.75482310046889,26.272860732179044
01,15,2024-02-10,28.184849641371727,24.284559131177133
01,15,2024-02-17,24.61141104776005,22.206493965834333
01,15,2024-02-24,22.46053526741575,19.915466685539883
01,15,2024-03-02,20.495833792263458,17.758185952588185
01,15,2024-03-09,18.335420439976293,15.555053296073721
01,15,2024-03-16,16.20910023604307,13.527333025014125
01,15,2024-03-23,14.37028915060099,11.373607562041963
01,15,2024-03-30,12.302323629630143,9.751857127230224
01,15,2024-04-06,10.908032287919225,7.601664294980483
01,15,2024-04-13,8.636981593783586,6.170718188546321
01,15,2024-04-20,7.085220733810546,5.421530148916423
01,25,2023-11-04,41.92332470900244,39.28942722562761
01,25,2023-11-11,41.29837394651266,40.24220820775458
01,25,2023-11-18,42.16078174210815,40.972526123628946
01,25,2023-11-25,42.80571923285883,41.37759525890444
01,25,2023-12-02,43.30540194518925,41.45698229039289
01,25,2023-12-09,43.59693215450472,41.032231039614814
01,25,2023-12-16,44.350557614164735,40.05203891421425
01,25,2023-12-23,45.545617512684274,38.716195095526835
01,25,2023-12-30,46.36980420064454,36.52003960863223
01,25,2024-01-06,46.31920171018294,34.199944515638435
01,25,2024-01-13,47.54696976172167,31.12041796941131
01,25,2024-01-20,44.19492180117754,29.500138085982037
01,25,2024-01-27,40.046999492012134,27.939424855907014
01,25,2024-02-03,36.02831248988889,26.272860732179044
01,25,2024-02-10,30.943638604751605,24.284559131177133
01,25,2024-02-17,26.95165167797409,22.206493965834333
01,25,2024-02-24,24.72648582179949,19.915466685539883
01,25,2024-03-02,22.56787261193068,17.758185952588185
01,25,2024-03-09,19.810368621171396,15.555053296073721
01,25,2024-03-16,17.487208005885666,13.527333025014125
01,25,2024-03-23,15.344822116011898,11.373607562041963
01,25,2024-03-30,13.304531541019376,9.751857127230224
01,25,2024-04-06,11.77090306056872,7.601664294980483
01,25,2024-04-13,9.470557311241834,6.170718188546321
01,25,2024-04-20,8.11838206109438,5.421530148916423
01,50,2023-11-04,39.61265075193231,39.28942722562761
01,50,2023-11-11,40.71920457654131,40.24220820775458
01,50,2023-11-18,41.65051645113633,40.972526123628946
01,50,2023-11-25,42.40560764692263,41.37759525890444
01,50,2023-12-02,42.89919009738216,41.45698229039289
01,50,2023-12-09,43.718154558101,41.032231039614814
01,50,2023-12-16,44.58542749069612,40.05203891421425
01,50,2023-12-23,45.1843708420889,38.716195095526835
01,50,2023-12-30,45.71397119221988,36.52003960863223
01,50,2024-01-06,44.808926688412775,34.199944515638435
01,50,2024-01-13,44.11231694585231,31.12041796941131
01,50,2024-01-20,41.96303351083801,29.500138085982037
01,50,2024-01-27,40.1731529079401,27.939424855907014
01,50,2024-02-03,37.831829783111424,26.272860732179044
01,50,2024-02-10,35.23624624789522,24.284559131177133
01,50,2024-02-17,30.8821704618368,22.206493965834333
01,50,2024-02-24,27.181209103343434,19.915466685539883
01,50,2024-03-02,24.315338970198397,17.758185952588185
01,50,2024-03-09,21.433788406858053,15.555053296073721
01,50,2024-03-16,18.696079867187198,13.527333025014125
01,50,2024-03-23,16.23825135509526,11.373607562041963
01,50,2024-03-30,14.115301992129165,9.751857127230224
01,50,2024-04-06,12.479237847693097,7.601664294980483
01,50,2024-04-13,10.181622319149941,6.170718188546321
01,50,2024-04-20,8.757240726257857,5.421530148916423
01,75,2023-11-04,39.781409459610494,39.28942722562761
01,75,2023-11-11,40.58540590975757,40.24220820775458
01,75,2023-11-18,41.58963639903212,40.972526123628946
01,75,2023-11-25,42.49353920834373,41.37759525890444
01,75,2023-12-02,43.28796005906128,41.45698229039289
01,75,2023-12-09,44.18676126810139,41.032231039614814
01,75,2023-12-16,44.80362048435027,40.05203891421425
01,75,2023-12-23,45.12573952231984,38.716195095526835
01,75,2023-12-30,44.83667644456468,36.52003960863223
01,75,2024-01-06,43.014207253606536,34.199944515638435
01,75,2024-01-13,40.90180987448811,31.12041796941131
01,75,2024-01-20,37.70527056888841,29.500138085982037
01,75,2024-01-27,36.44040310300748,27.939424855907014
01,75,2024-02-03,35.24566027689041,26.272860732179044
01,75,2024-02-10,33.29095617940905,24.284559131177133
01,75,2024-02-17,30.057549424627673,22.206493965834333
01,75,2024-02-24,26.938782881225514,19.915466685539883
01,75,2024-03-02,24.006609403072993,17.758185952588185
01,75,2024-03-09,21.305812870556377,15.555053296073721
01,75,2024-03-16,18.966443086085786,13.527333025014125
01,75,2024-03-23,16.770714662959698,11.373607562041963
01,75,2024-03-30,14.447883173413944,9.751857127230224
01,75,2024-04-06,12.779083379942216,7.601664294980483
01,75,2024-04-13,9.997769967637048,6.170718188546321
01,75,2024-04-20,7.923650940391775,5.421530148916423
02,5,2023-11-04,7.044522059648793,5.648999293682683
02,5,2023-11-11,7.54382489306965,5.483503651778266
02,5,2023-11-18,7.904743456234065,5.254067073957601
02,5,2023-11-25,7.518330148966076,5.196175573097036
02,5,2023-12-02,5.809569900155573,5.077227334825023
02,5,2023-12-09,5.338621829852229,4.922245629171536
02,5,2023-12-16,4.874060112171995,4.720959189545776
02,5,2023-12-23,4.895950356979313,4.3522830095508995
02,5,2023-12-30,4.269149761463186,4.012118469834195
02,5,2024-01-06,3.8081290910187566,3.678713355014674
02,5,2024-01-13,3.491911596664333,3.391743104694654
02,5,2024-01-20,3.2780258130503697,3.142992937609754
02,5,2024-01-27,3.05331323738775,2.9744366297099445
02,5,2024-02-03,2.9192793804920196,2.806868580101484
02,5,2024-02-10,2.843444467651483,2.6850413798959774
02,5,2024-02-17,2.7833953161483267,2.596227285396814
02,5,2024-02-24,2.694862485792636,2.4281262082235417
02,5,2024-03-02,2.655178436357131,2.355918441639553
02,5,2024-03-09,2.7892787435030733,2.2633464456135846
02,5,2024-03-16,2.747380709598986,2.2954142217453994
02,5,2024-03-23,2.9838737530639983,2.2610097001236023
02,5,2024-03-30,3.0328594678489886,2.0667570704728817
02,5,2024-04-06,2.7894192833364966,1.931788279789679
02,5,2024-04-13,2.9272668785021088,1.7548032797109976
02,5,2024-04-20,3.3742930180522452,0.8471437082586692
02,15,2023-11-04,6.548761590241539,5.648999293682683
02,15,2023-11-11,6.970115731826972,5.483503651778266
02,15,2023-11-18,7.226995574322315,5.254067073957601
02,15,2023-11-25,6.829213092298849,5.196175573097036
02,15,2023-12-02,5.7358548573209465,5.077227334825023
02,15,2023-12-09,5.545370029285241,4.922245629171536
02,15,2023-12-16,5.473385253917348,4.720959189545776
02,15,2023-12-23,5.293656151330222,4.3522830095508995
02,15,2023-12-30,4.6233572043747895,4.012118469834195
02,15,2024-01-06,4.225122425998398,3.678713355014674
02,15,2024-01-13,3.758530490562944,3.391743104694654
02,15,2024-01-20,3.451716620266534,3.142992937609754
02,15,2024-01-27,3.164766690688607,2.9744366297099445
02,15,2024-02-03,3.042354238357935,2.806868580101484
02,15,2024-02-10,2.892424838743882,2.6850413798959774
02,15,2024-02-17,2.7982700830556806,2.596227285396814
02,15,2024-02-24,2.7258844188615545,2.4281262082235417
02,15,2024-03-02,2.6147421627361127,2.355918441639553
02,15,2024-03-09,2.710745089604829,2.2633464456135846
02,15,2024-03-16,2.7042623136252835,2.2954142217453994
02,15,2024-03-23,2.9067387001216787,2.2610097001236023
02,15,2024-03-30,2.920844545139727,2.0667570704728817
02,15,2024-04-06,2.712818657059977,1.931788279789679
02,15,2024-04-13,2.925193909151882,1.7548032797109976
02,15,2024-04-20,3.3668212309101437,0.8471437082586692
02,25,2023-11-04,6.341675051571465,5.648999293682683
02,25,2023-11-11,6.57257981808696,5.483503651778266
02,25,2023-11-18,6.801074343778465,5.254067073957601
02,25,2023-11-25,6.5249617442454735,5.196175573097036
02,25,2023-12-02,5.712415609990086,5.077227334825023
02,25,2023-12-09,5.637646355293258,4.922245629171536
02,25,2023-12-16,5.551992133099496,4.720959189545776
02,25,2023-12-23,5.339079078409328,4.3522830095508995
02,25,2023-12-30,4.719731661363051,4.012118469834195
02,25,2024-01-06,4.303305304969971,3.678713355014674
02,25,2024-01-13,3.839398111983551,3.391743104694654
02,25,2024-01-20,3.528504688738324,3.142992937609754
02,25,2024-01-27,3.22343964528475,2.9744366297099445
02,25,2024-02-03,3.0239065974589217,2.806868580101484
02,25,2024-02-10,2.873906890036534,2.6850413798959774
02,25,2024-02-17,2.7773721869199273,2.596227285396814
02,25,2024-02-24,2.747665667080568,2.4281262082235417
02,25,2024-03-02,2.6017696083084,2.355918441639553
02,25,2024-03-09,2.673246941786368,2.2633464456135846
02,25,2024-03-16,2.6504657680717227,2.2954142217453994
02,25,2024-03-23,2.8135366493691336,2.2610097001236023
02,25,2024-03-30,2.874925871596269,2.0667570704728817
02,25,2024-04-06,2.696866794241425,1.931788279789679
02,25,2024-04-13,2.8673806322728153,1.7548032797109976
02,25,2024-04-20,3.3831046699845584,0.8471437082586692
02,50,2023-11-04,6.202785855394234,5.648999293682683
02,50,2023-11-11,6.261841264332074,5.483503651778266
02,50,2023-11-18,6.3307419421265765,5.254067073957601
02,50,2023-11-25,6.039517217953617,5.196175573097036
02,50,2023-12-02,5.673124140705537,5.077227334825023
02,50,2023-12-09,5.664138082466315,4.922245629171536
02,50,2023-12-16,5.644955159590062,4.720959189545776
02,50,2023-12-23,5.394648315359526,4.3522830095508995
02,50,2023-12-30,4.827984374803807,4.012118469834195
02,50,2024-01-06,4.427883131350943,3.678713355014674
02,50,2024-01-13,3.940599249784714,3.391743104694654
02,50,2024-01-20,3.6259407800240906,3.142992937609754
02,50,2024-01-27,3.2882302844788525,2.9744366297099445
02,50,2024-02-03,3.101706751354866,2.806868580101484
02,50,2024-02-10,2.931748373846551,2.6850413798959774
02,50,2024-02-17,2.8335546463180106,2.596227285396814
02,50,2024-02-24,2.782233320773506,2.4281262082235417
02,50,2024-03-02,2.6563910066132417,2.355918441639553
02,50,2024-03-09,2.6735169560176115,2.2633464456135846
02,50,2024-03-16,2.6549470047706456,2.2954142217453994
02,50,2024-03-23,2.819229213234128,2.2610097001236023
02,50,2024-03-30,2.8904167154978184,2.0667570704728817
02,50,2024-04-06,2.746890866624335,1.931788279789679
02,50,2024-04-13,2.8967798231319772,1.7548032797109976
02,50,2024-04-20,3.364018136494645,0.8471437082586692
02,75,2023-11-04,6.321191837972062,5.648999293682683
02,75,2023-11-11,6.204454762380425,5.483503651778266
02,75,2023-11-18,6.133448567543404,5.254067073957601
02,75,2023-11-25,5.8743585019179685,5.196175573097036
02,75,2023-12-02,5.77455553836821,5.077227334825023
02,75,2023-12-09,5.742459862834622,4.922245629171536
02,75,2023-12-16,5.656773027921342,4.720959189545776
02,75,2023-12-23,5.397913046243207,4.3522830095508995
02,75,2023-12-30,4.852774914362548,4.012118469834195
02,75,2024-01-06,4.466312301161549,3.678713355014674
02,75,2024-01-13,3.958638493894192,3.391743104694654
02,75,2024-01-20,3.6417683783499935,3.142992937609754
02,75,2024-01-27,3.3413010022924166,2.9744366297099445
02,75,2024-02-03,3.165936168945219,2.806868580101484
02,75,2024-02-10,3.007026800079181,2.6850413798959774
02,75,2024-02-17,2.9167163635347024,2.596227285396814
02,75,2024-02-24,2.8550328440958896,2.4281262082235417
02,75,2024-03-02,2.713465495469878,2.355918441639553
02,75,2024-03-09,2.705605697455385,2.2633464456135846
02,75,2024-03-16,2.6521979156857265,2.2954142217453994
02,75,2024-03-23,2.811429783972369,2.2610097001236023
02,75,2024-03-30,2.892678024358922,2.0667570704728817
02,75,2024-04-06,2.7723857413613984,1.931788279789679
02,75,2024-04-13,2.9091187796820623,1.7548032797109976
02,75,2024-04-20,3.421178011098865,0.8471437082586692
29,5,2023-11-04,101.41099707760299,108.61458250288264
29,5,2023-11-11,97.21160313355522,110.34342922743892
29,5,2023-11-18,96.1171629987026,111.34602520326736
29,5,2023-11-25,89.80405309402937,111.21665474821101
29,5,2023-12-02,84.27461221965977,110.18745686383018
29,5,2023-12-09,81.58100677477447,108.43178308528572
29,5,2023-12-16,85.1519947178279,106.47976374618949
29,5,2023-12-23,76.16917144975739,104.77601805222446
29,5,2023-12-30,72.86451108458662,104.07921760071774
29,5,2024-01-06,77.88870634403551,103.79413118237164
29,5,2024-01-13,76.48399006961426,104.55805564764967
29,5,2024-01-20,75.04288908296591,106.5742147031917
29,5,2024-01-27,73.71346026307528,109.8090117180512
29,5,2024-02-03,71.7518117431572,113.95758837386983
29,5,2024-02-10,72.77889941816964,117.73584924941957
29,5,2024-02-17,77.38676353238279,119.4084033530164
29,5,2024-02-24,82.0623285088479,119.13916297972665
29,5,2024-03-02,86.84003781367292,109.01077815510324
29,5,2024-03-09,74.58064635766011,94.47319839194658
29,5,2024-03-16,60.06164832528836,76.67985271407966
29,5,2024-03-23,42.83817053143396,66.03903111821106
29,5,2024-03-30,37.72443990983022,60.72314270901829
29,5,2024-04-06,38.199363994303475,50.094766857137564
29,5,2024-04-13,30.547019487663803,40.88536001019321
29,5,2024-04-20,24.98643006212645,33.83514805166874
29,15,2023-11-04,106.47667372045719,108.61458250288264
29,15,2023-11-11,106.24227088423284,110.34342922743892
29,15,2023-11-18,105.94974166281393,111.34602520326736
29,15,2023-11-25,100.51894858151218,111.21665474821101
29,15,2023-12-02,93.93205514774547,110.18745686383018
29,15,2023-12-09,93.43915411910874,108.43178308528572
29,15,2023-12-16,94.26396366277457,106.47976374618949
29,15,2023-12-23,88.06239979642723,104.77601805222446
29,15,2023-12-30,85.87241066843535,104.07921760071774
29,15,2024-01-06,87.44170283876196,103.79413118237164
29,15,2024-01-13,84.48078840676433,104.55805564764967
29,15,2024-01-20,80.9567160575502,106.5742147031917
29,15,2024-01-27,79.59414619996096,109.8090117180512
29,15,2024-02-03,79.16765723182185,113.95758837386983
29,15,2024-02-10,80.14328719755105,117.73584924941957
29,15,2024-02-17,84.72407071771718,119.4084033530164
29,15,2024-02-24,88.50836126246998,119.13916297972665
29,15,2024-03-02,89.47301687930695,109.01077815510324
29,15,2024-03-09,81.16014480364751,94.47319839194658
29,15,2024-03-16,68.97600609703649,76.67985271407966
29,15,2024-03-23,53.72808252161017,66.03903111821106
29,15,2024-03-30,47.20125356292384,60.72314270901829
29,15,2024-04-06,46.18993683524618,50.094766857137564
29,15,2024-04-13,37.164241439864384,40.88536001019321
29,15,2024-04-20,28.788075696278337,33.83514805166874
29,25,2023-11-04,103.12610439203164,108.61458250288264
29,25,2023-11-11,103.10328776138071,110.34342922743892
29,25,2023-11-18,103.43180414229055,111.34602520326736
29,25,2023-11-25,101.0646497628959,111.21665474821101
29,25,2023-12-02,97.95024224038723,110.18745686383018
29,25,2023-12-09,95.39084490115214,108.43178308528572
29,25,2023-12-16,95.33051441330885,106.47976374618949
29,25,2023-12-23,93.05834015570399,104.77601805222446
29,25,2023-12-30,89.8201026790776,104.07921760071774
29,25,2024-01-06,90.29045341482286,103.79413118237164
29,25,2024-01-13,87.89139111192047,104.55805564764967
29,25,2024-01-20,83.67484926750002,106.5742147031917
29,25,2024-01-27,82.9317814973019,109.8090117180512
29,25,2024-02-03,83.26705714405153,113.95758837386983
29,25,2024-02-10,84.95285367649323,117.73584924941957
29,25,2024-02-17,88.34134578070781,119.4084033530164
29,25,2024-02-24,92.80535401486836,119.13916297972665
29,25,2024-03-02,93.37908839603571,109.01077815510324
29,25,2024-03-09,87.41006986232128,94.47319839194658
29,25,2024-03-16,75.51887078303962,76.67985271407966
29,25,2024-03-23,58.33930431915938,66.03903111821106
29,25,2024-03-30,50.87455754836297,60.72314270901829
29,25,2024-04-06,49.316230322741184,50.094766857137564
29,25,2024-04-13,40.29048424962137,40.88536001019321
29,25,2024-04-20,32.079590787607074,33.83514805166874
29,50,2023-11-04,102.20740025532719,108.61458250288264
29,50,2023-11-11,102.27998458066702,110.34342922743892
29,50,2023-11-18,103.31876111958874,111.34602520326736
29,50,2023-11-25,102.36407236374977,111.21665474821101
29,50,2023-12-02,101.57503540553932,110.18745686383018
29,50,2023-12-09,101.69718649898849,108.43178308528572
29,50,2023-12-16,101.33484406955571,106.47976374618949
29,50,2023-12-23,97.64409150626925,104.77601805222446
29,50,2023-12-30,95.00312349040793,104.07921760071774
29,50,2024-01-06,92.87368917061985,103.79413118237164
29,50,2024-01-13,89.74623910569736,104.55805564764967
29,50,2024-01-20,88.40132021653002,106.5742147031917
29,50,2024-01-27,87.86375273475795,109.8090117180512
29,50,2024-02-03,88.95960156804496,113.95758837386983
29,50,2024-02-10,92.92149546854252,117.73584924941957
29,50,2024-02-17,98.60022937203397,119.4084033530164
29,50,2024-02-24,102.8935305383212,119.13916297972665
29,50,2024-03-02,105.76062666596225,109.01077815510324
29,50,2024-03-09,98.73836705488748,94.47319839194658
29,50,2024-03-16,86.32810915427895,76.67985271407966
29,50,2024-03-23,68.59703524784823,66.03903111821106
29,50,2024-03-30,60.250474277381535,60.72314270901829
29,50,2024-04-06,58.28592586103036,50.094766857137564
29,50,2024-04-13,48.63945455939081,40.88536001019321
29,50,2024-04-20,39.898214523834994,33.83514805166874
29,75,2023-11-04,102.64887610108624,108.61458250288264
29,75,2023-11-11,103.06547961631888,110.34342922743892
29,75,2023-11-18,103.46098107006438,111.34602520326736
29,75,2023-11-25,104.96067298801755,111.21665474821101
29,75,2023-12-02,107.07007367155649,110.18745686383018
29,75,2023-12-09,108.08007958696962,108.43178308528572
29,75,2023-12-16,107.79969551786206,106.47976374618949
29,75,2023-12-23,106.25789887412988,104.77601805222446
29,75,2023-12-30,103.9699158491311,104.07921760071774
29,75,2024-01-06,101.92706464766242,103.79413118237164
29,75,2024-01-13,100.94846867991082,104.55805564764967
29,75,2024-01-20,101.02905745433237,106.5742147031917
29,75,2024-01-27,103.08349726045164,109.8090117180512
29,75,2024-02-03,106.13507755493981,113.95758837386983
29,75,2024-02-10,111.08573309106806,117.73584924941957
29,75,2024-02-17,116.59686605689626,119.4084033530164
29,75,2024-02-24,120.82744979525559,119.13916297972665
29,75,2024-03-02,123.44971249858028,109.01077815510324
29,75,2024-03-09,114.75614542142321,94.47319839194658
29,75,2024-03-16,101.03247499175573,76.67985271407966
29,75,2024-03-23,82.16643301765029,66.03903111821106
29,75,2024-03-30,72.14453793932056,60.72314270901829
29,75,2024-04-06,69.31552415082248,50.094766857137564
29,75,2024-04-13,58.32960966591733,40.88536001019321
29,75,2024-04-20,48.1322839202111,33.83514805166874
15,5,2023-11-04,9.372108540447153,9.59529242076486
15,5,2023-11-11,8.743656741626545,9.605478837801076
15,5,2023-11-18,8.511674367552203,9.503539553699436
15,5,2023-11-25,9.034429291304725,9.341660173802556
15,5,2023-12-02,9.259011388319191,9.004219007348283
15,5,2023-12-09,8.880019591707047,8.462481880682672
15,5,2023-12-16,9.109751732880802,7.914641903163241
15,5,2023-12-23,8.606646390223045,7.221915271132944
15,5,2023-12-30,8.263867019632759,6.586245851293397
15,5,2024-01-06,8.191622525560373,6.080881959896888
15,5,2024-01-13,8.320858513249572,5.652119370214757
15,5,2024-01-20,7.860513930751895,5.23388914851478
15,5,2024-01-27,6.697209432923206,4.891806540397858
15,5,2024-02-03,6.179208987559817,4.643961027790711
15,5,2024-02-10,5.344497767776746,4.075874149074447
15,5,2024-02-17,3.7831432156841984,3.902170119419594
15,5,2024-02-24,3.307526821983325,3.716471791259395
15,5,2024-03-02,2.8534097782887287,3.6491888202678107
15,5,2024-03-09,2.7691198987314736,3.57847207816731
15,5,2024-03-16,2.747855617395467,3.6674419995740437
15,5,2024-03-23,2.8887239557902378,3.3674198215206785
15,5,2024-03-30,2.3038169779459663,3.6606094602885073
15,5,2024-04-06,2.688330350851821,4.121484925733931
15,5,2024-04-13,3.3964698470634787,4.6204043016069525
15,5,2024-04-20,4.578601836075348,4.502051114143357
15,15,2023-11-04,9.412627266232803,9.59529242076486
15,15,2023-11-11,8.941753070697764,9.605478837801076
15,15,2023-11-18,8.970481205972554,9.503539553699436
15,15,2023-11-25,9.336289830294122,9.341660173802556
15,15,2023-12-02,9.39667947695473,9.004219007348283
15,15,2023-12-09,9.295123582083397,8.462481880682672
15,15,2023-12-16,9.24262484904591,7.914641903163241
15,15,2023-12-23,8.696961258538602,7.221915271132944
15,15,2023-12-30,8.423436559042067,6.586245851293397
15,15,2024-01-06,8.14541844102398,6.080881959896888
15,15,2024-01-13,7.866216144760127,5.652119370214757
15,15,2024-01-20,7.4958763362611345,5.23388914851478
15,15,2024-01-27,6.67168338725288,4.891806540397858
15,15,2024-02-03,6.086824269075834,4.643961027790711
15,15,2024-02-10,5.20887451405035,4.075874149074447
15,15,2024-02-17,3.883233871328359,3.902170119419594
15,15,2024-02-24,3.5037897600768884,3.716471791259395
15,15,2024-03-02,3.068408188721928,3.6491888202678107
15,15,2024-03-09,2.8809249289776475,3.57847207816731
15,15,2024-03-16,2.7839146891133626,3.6674419995740437
15,15,2024-03-23,2.853359547815095,3.3674198215206785
15,15,2024-03-30,2.3520987167083782,3.6606094602885073
15,15,2024-04-06,2.6402306903183543,4.121484925733931
15,15,2024-04-13,3.2353814827064715,4.6204043016069525
15,15,2024-04-20,4.438280863747917,4.502051114143357
15,25,2023-11-04,9.452517746573015,9.59529242076486
15,25,2023-11-11,9.395779497335385,9.605478837801076
15,25,2023-11-18,9.26906840536339,9.503539553699436
15,25,2023-11-25,9.435792017365179,9.341660173802556
15,25,2023-12-02,9.732627609060902,9.004219007348283
15,25,2023-12-09,9.699034564225489,8.462481880682672
15,25,2023-12-16,9.714078956642544,7.914641903163241
15,25,2023-12-23,9.044650937347491,7.221915271132944
15,25,2023-12-30,8.65196465482758,6.586245851293397
15,25,2024-01-06,8.364110771402554,6.080881959896888
15,25,2024-01-13,8.121330095239491,5.652119370214757
15,25,2024-01-20,7.309494305484344,5.23388914851478
15,25,2024-01-27,6.445085487183958,4.891806540397858
15,25,2024-02-03,5.852452669357412,4.643961027790711
15,25,2024-02-10,5.05933937549854,4.075874149074447
15,25,2024-02-17,3.9677618225943805,3.902170119419594
15,25,2024-02-24,3.4797877981132848,3.716471791259395
15,25,2024-03-02,3.1435170015236937,3.6491888202678107
15,25,2024-03-09,2.9924382177540254,3.57847207816731
15,25,2024-03-16,2.8781619520205997,3.6674419995740437
15,25,2024-03-23,2.9479537707870436,3.3674198215206785
15,25,2024-03-30,2.477373405553271,3.6606094602885073
15,25,2024-04-06,2.7876039305232183,4.121484925733931
15,25,2024-04-13,3.4829062294600464,4.6204043016069525
15,25,2024-04-20,4.612598531988415,4.502051114143357
15,50,2023-11-04,9.955576985203374,9.59529242076486
15,50,2023-11-11,10.022069702294678,9.605478837801076
15,50,2023-11-18,9.806706677210997,9.503539553699436
15,50,2023-11-25,9.921215485824298,9.341660173802556
15,50,2023-12-02,9.908263480909097,9.004219007348283
15,50,2023-12-09,9.81072267941674,8.462481880682672
15,50,2023-12-16,9.663806095199321,7.914641903163241
15,50,2023-12-23,9.469204228449678,7.221915271132944
15,50,2023-12-30,8.852563793535541,6.586245851293397
15,50,2024-01-06,8.315787379182215,6.080881959896888
15,50,2024-01-13,7.848318784562028,5.652119370214757
15,50,2024-01-20,7.0755628761878295,5.23388914851478
15,50,2024-01-27,6.25261359236551,4.891806540397858
15,50,2024-02-03,5.5637602365184735,4.643961027790711
15,50,2024-02-10,4.943312439557121,4.075874149074447
15,50,2024-02-17,4.080711836492986,3.902170119419594
15,50,2024-02-24,3.714556823885566,3.716471791259395
15,50,2024-03-02,3.405850315069551,3.6491888202678107
15,50,2024-03-09,3.243927111703958,3.57847207816731
15,50,2024-03-16,3.0943988407046774,3.6674419995740437
15,50,2024-03-23,3.1271429120393845,3.3674198215206785
15,50,2024-03-30,2.6306322305691756,3.6606094602885073
15,50,2024-04-06,2.878676459728679,4.121484925733931
15,50,2024-04-13,3.4586203687039454,4.6204043016069525
15,50,2024-04-20,4.51421386886929,4.502051114143357
15,75,2023-11-04,10.008627696491347,9.59529242076486
15,75,2023-11-11,10.10299389181096,9.605478837801076
15,75,2023-11-18,9.906436631380904,9.503539553699436
15,75,2023-11-25,9.82325007294761,9.341660173802556
15,75,2023-12-02,9.791118333069939,9.004219007348283
15,75,2023-12-09,9.67428880630839,8.462481880682672
15,75,2023-12-16,9.305561418819448,7.914641903163241
15,75,2023-12-23,8.880418508497787,7.221915271132944
15,75,2023-12-30,8.284266781563778,6.586245851293397
15,75,2024-01-06,7.613341135161784,6.080881959896888
15,75,2024-01-13,6.986347756048534,5.652119370214757
15,75,2024-01-20,6.36399328097861,5.23388914851478
15,75,2024-01-27,5.8121642668332925,4.891806540397858
15,75,2024-02-03,5.338942209135339,4.643961027790711
15,75,2024-02-10,4.908087225868138,4.075874149074447
15,75,2024-02-17,4.143138776021955,3.902170119419594
15,75,2024-02-24,3.8157611643900466,3.716471791259395
15,75,2024-03-02,3.5075727099675955,3.6491888202678107
15,75,2024-03-09,3.3431029765256937,3.57847207816731
15,75,2024-03-16,3.183331104011282,3.6674419995740437
15,75,2024-03-23,3.203876736398788,3.3674198215206785
15,75,2024-03-30,2.7086444250437998,3.6606094602885073
15,75,2024-04-06,2.9472877704322276,4.121484925733931
15,75,2024-04-13,3.5287376678563582,4.6204043016069525
15,75,2024-04-20,4.593686465724644,4.502051114143357
28,5,2023-11-04,34.019855934914986,40.32931896494733
28,5,2023-11-11,37.01513044886037,39.83739464584477
28,5,2023-11-18,31.9573412055736,38.76979005746272
28,5,2023-11-25,30.999880856026515,37.120673826781776
28,5,2023-12-02,31.134616803010765,34.79596608975362
28,5,2023-12-09,30.899696146471275,32.415957377499886
28,5,2023-12-16,31.016268090568463,29.46028755412836
28,5,2023-12-23,30.56561392938662,26.861006388401176
28,5,2023-12-30,29.255988418618728,25.383365839606483
28,5,2024-01-06,31.657130284104895,23.48155034344839
28,5,2024-01-13,30.21931989787576,21.510108772724337
28,5,2024-01-20,25.424156765815265,19.834284160907956
28,5,2024-01-27,23.54453317988853,18.88849111907626
28,5,2024-02-03,21.59501145864981,17.70852643406923
28,5,2024-02-10,19.961654668894564,16.747854912334414
28,5,2024-02-17,18.16115052899004,15.82089756222036
28,5,2024-02-24,15.990825580204728,14.8422487129879
28,5,2024-03-02,14.832458301943907,14.153959481904245
28,5,2024-03-09,13.97426386829838,13.562040626522034
28,5,2024-03-16,13.813644183835848,13.297762872408908
28,5,2024-03-23,15.371071588921822,13.120368123238663
28,5,2024-03-30,16.72370812808502,13.452686817003846
28,5,2024-04-06,18.820986541205567,13.106206613954358
28,5,2024-04-13,20.390020296419863,9.081656044148588
28,5,2024-04-20,13.481896180890532,6.893822079266943
28,15,2023-11-04,35.89698742718022,40.32931896494733
28,15,2023-11-11,36.87343953339673,39.83739464584477
28,15,2023-11-18,35.54678864668342,38.76979005746272
28,15,2023-11-25,34.63551759925435,37.120673826781776
28,15,2023-12-02,33.569170289221994,34.79596608975362
28,15,2023-12-09,32.72904353778638,32.415957377499886
28,15,2023-12-16,32.12672556200475,29.46028755412836
28,15,2023-12-23,31.3838983132078,26.861006388401176
28,15,2023-12-30,30.661741631062917,25.383365839606483
28,15,2024-01-06,30.2308539171731,23.48155034344839
28,15,2024-01-13,28.9181300772952,21.510108772724337
28,15,2024-01-20,25.925693923875478,19.834284160907956
28,15,2024-01-27,24.382509141489614,18.88849111907626
28,15,2024-02-03,23.277074925255494,17.70852643406923
28,15,2024-02-10,21.617966054868386,16.747854912334414
28,15,2024-02-17,18.675968065457145,15.82089756222036
28,15,2024-02-24,16.88190167983385,14.8422487129879
28,15,2024-03-02,15.647571000423433,14.153959481904245
28,15,2024-03-09,14.934159844690049,13.562040626522034
28,15,2024-03-16,14.397774454885942,13.297762872408908
28,15,2024-03-23,15.209969834206987,13.120368123238663
28,15,2024-03-30,16.198149406005896,13.452686817003846
28,15,2024-04-06,18.18722475532813,13.106206613954358
28,15,2024-04-13,19.857518441909185,9.081656044148588
28,15,2024-04-20,13.023583998801206,6.893822079266943
28,25,2023-11-04,36.75416286155359,40.32931896494733
28,25,2023-11-11,37.57704560162424,39.83739464584477
28,25,2023-11-18,36.93481476772499,38.76979005746272
28,25,2023-11-25,36.14382768627328,37.120673826781776
28,25,2023-12-02,35.01059377489766,34.79596608975362
28,25,2023-12-09,34.163427623981036,32.415957377499886
28,25,2023-12-16,33.17865388530436,29.46028755412836
28,25,2023-12-23,31.774448901045773,26.861006388401176
28,25,2023-12-30,30.43785731902668,25.383365839606483
28,25,2024-01-06,30.02849739791055,23.48155034344839
28,25,2024-01-13,28.291911822507238,21.510108772724337
28,25,2024-01-20,25.93341429577563,19.834284160907956
28,25,2024-01-27,23.94648793765924,18.88849111907626
28,25,2024-02-03,23.216071434743142,17.70852643406923
28,25,2024-02-10,21.743828692350494,16.747854912334414
28,25,2024-02-17,19.2567269571151,15.82089756222036
28,25,2024-02-24,17.242890975462732,14.8422487129879
28,25,2024-03-02,15.882281569376698,14.153959481904245
28,25,2024-03-09,15.0615965499247,13.562040626522034
28,25,2024-03-16,14.550081579444814,13.297762872408908
28,25,2024-03-23,15.1090607509042,13.120368123238663
28,25,2024-03-30,15.993342576052196,13.452686817003846
28,25,2024-04-06,17.90882932250054,13.106206613954358
28,25,2024-04-13,19.33044495721433,9.081656044148588
28,25,2024-04-20,12.721434770726734,6.893822079266943
28,50,2023-11-04,37.69509849542873,40.32931896494733
28,50,2023-11-11,38.17908987830825,39.83739464584477
28,50,2023-11-18,37.390834276720504,38.76979005746272
28,50,2023-11-25,36.95787463833546,37.120673826781776
28,50,2023-12-02,35.92032743702497,34.79596608975362
28,50,2023-12-09,34.58319334722578,32.415957377499886
28,50,2023-12-16,33.256167075509936,29.46028755412836
28,50,2023-12-23,31.514121021813637,26.861006388401176
28,50,2023-12-30,29.810090757265733,25.383365839606483
28,50,2024-01-06,28.865125028003565,23.48155034344839
28,50,2024-01-13,26.451278072785154,21.510108772724337
28,50,2024-01-20,23.935742974541252,19.834284160907956
28,50,2024-01-27,21.736613486011326,18.88849111907626
28,50,2024-02-03,20.758312281637366,17.70852643406923
28,50,2024-02-10,19.7023046583528,16.747854912334414
28,50,2024-02-17,18.319102437876374,15.82089756222036
28,50,2024-02-24,16.366438993336015,14.8422487129879
28,50,2024-03-02,14.94486777768357,14.153959481904245
28,50,2024-03-09,13.9802658793836,13.562040626522034
28,50,2024-03-16,13.637060911237752,13.297762872408908
28,50,2024-03-23,13.981940793264718,13.120368123238663
28,50,2024-03-30,14.682375349225541,13.452686817003846
28,50,2024-04-06,16.418808478497755,13.106206613954358
28,50,2024-04-13,17.751865775932746,9.081656044148588
28,50,2024-04-20,11.918931674943327,6.893822079266943
28,75,2023-11-04,39.594430659847305,40.32931896494733
28,75,2023-11-11,39.56492652111016,39.83739464584477
28,75,2023-11-18,38.85953669484351,38.76979005746272
28,75,2023-11-25,38.08986915264239,37.120673826781776
28,75,2023-12-02,36.738930115266044,34.79596608975362
28,75,2023-12-09,34.90742458389242,32.415957377499886
28,75,2023-12-16,33.20053123014005,29.46028755412836
28,75,2023-12-23,30.96204209895345,26.861006388401176
28,75,2023-12-30,28.84081754776036,25.383365839606483
28,75,2024-01-06,27.52532648413608,23.48155034344839
28,75,2024-01-13,25.17186582026391,21.510108772724337
28,75,2024-01-20,22.8118986548951,19.834284160907956
28,75,2024-01-27,20.883338483803392,18.88849111907626
28,75,2024-02-03,19.94324359957098,17.70852643406923
28,75,2024-02-10,18.72308804967721,16.747854912334414
28,75,2024-02-17,17.626552725560522,15.82089756222036
28,75,2024-02-24,16.534013093439526,14.8422487129879
28,75,2024-03-02,15.527456412037186,14.153959481904245
28,75,2024-03-09,14.958986523469703,13.562040626522034
28,75,2024-03-16,14.539314168550165,13.297762872408908
28,75,2024-03-23,14.69686745391003,13.120368123238663
28,75,2024-03-30,15.036900597828055,13.452686817003846
28,75,2024-04-06,16.590148921767298,13.106206613954358
28,75,2024-04-13,18.096714003394435,9.081656044148588
28,75,2024-04-20,12.290115534281755,6.893822079266943
19,5,2023-11-04,29.96098085277525,38.39226648469651
19,5,2023-11-11,35.46891446791862,39.43612199492934
19,5,2023-11-18,35.27481921061229,40.35239701209122
19,5,2023-11-25,34.337909920891576,41.03119841347959
19,5,2023-12-02,34.31176906333938,41.53948002089289
19,5,2023-12-09,39.84149876530086,41.75775640214196
19,5,2023-12-16,29.045335068935675,41.57742287393326
19,5,2023-12-23,30.681841479099905,41.08573222448728
19,5,2023-12-30,31.811718216309004,40.76616401484256
19,5,2024-01-06,30.67365551955923,40.46015705118287
19,5,2024-01-13,34.11555789228316,40.124935353206666
19,5,2024-01-20,29.597028625758618,39.78068098328914
19,5,2024-01-27,27.65344411890553,39.80331353062983
19,5,2024-02-03,26.133487481731603,39.87734621812059
19,5,2024-02-10,25.247494750368855,40.2763026883397
19,5,2024-02-17,25.58049947122924,40.583812994787934
19,5,2024-02-24,26.847306121824776,40.59804008261789
19,5,2024-03-02,28.135199758923147,39.29550875361064
19,5,2024-03-09,26.009142154074702,36.04177944530049
19,5,2024-03-16,24.713030221776226,31.466113873681206
19,5,2024-03-23,21.833543697098285,29.36609165247685
19,5,2024-03-30,20.08143463609198,27.648782388759212
19,5,2024-04-06,18.753418803583955,25.05447322041052
19,5,2024-04-13,17.430225720619724,21.407042189891342
19,5,2024-04-20,15.558752222706744,17.925180930552834
19,15,2023-11-04,31.201961396646816,38.39226648469651
19,15,2023-11-11,33.467288598507785,39.43612199492934
19,15,2023-11-18,35.420855890411914,40.35239701209122
19,15,2023-11-25,34.78598425380288,41.03119841347959
19,15,2023-12-02,35.27686564241154,41.53948002089289
19,15,2023-12-09,36.76666122962755,41.75775640214196
19,15,2023-12-16,32.560373359963215,41.57742287393326
19,15,2023-12-23,33.38689047861131,41.08573222448728
19,15,2023-12-30,35.31195744423646,40.76616401484256
19,15,2024-01-06,33.93467513853625,40.46015705118287
19,15,2024-01-13,36.163743534659666,40.124935353206666
19,15,2024-01-20,33.31043706829807,39.78068098328914
19,15,2024-01-27,32.005705344400965,39.80331353062983
19,15,2024-02-03,30.783978842563826,39.87734621812059
19,15,2024-02-10,29.634127747371554,40.2763026883397
19,15,2024-02-17,30.14961458660725,40.583812994787934
19,15,2024-02-24,31.009455935911472,40.59804008261789
19,15,2024-03-02,31.93463785251396,39.29550875361064
19,15,2024-03-09,30.979747440764548,36.04177944530049
19,15,2024-03-16,28.99310447310209,31.466113873681206
19,15,2024-03-23,25.86944535897816,29.36609165247685
19,15,2024-03-30,25.12909246922486,27.648782388759212
19,15,2024-04-06,23.90219924258719,25.05447322041052
19,15,2024-04-13,22.59683482653103,21.407042189891342
19,15,2024-04-20,20.3693259779211,17.925180930552834
19,25,2023-11-04,30.483884107297705,38.39226648469651
19,25,2023-11-11,33.14332550616388,39.43612199492934
19,25,2023-11-18,34.38378783096407,40.35239701209122
19,25,2023-11-25,33.65920486765584,41.03119841347959
19,25,2023-12-02,33.734546134075494,41.53948002089289
19,25,2023-12-09,35.30510463416581,41.75775640214196
19,25,2023-12-16,33.16603622079794,41.57742287393326
19,25,2023-12-23,33.315267713982784,41.08573222448728
19,25,2023-12-30,34.525005484526424,40.76616401484256
19,25,2024-01-06,34.883576271797295,40.46015705118287
19,25,2024-01-13,35.92750769773945,40.124935353206666
19,25,2024-01-20,34.32121413975607,39.78068098328914
19,25,2024-01-27,32.28842596224929,39.80331353062983
19,25,2024-02-03,31.099586445244146,39.87734621812059
19,25,2024-02-10,30.66040315647431,40.2763026883397
19,25,2024-02-17,31.67691265007931,40.583812994787934
19,25,2024-02-24,33.077398530036184,40.59804008261789
19,25,2024-03-02,34.7530090273289,39.29550875361064
19,25,2024-03-09,34.18528462411514,36.04177944530049
19,25,2024-03-16,32.01045584626767,31.466113873681206
19,25,2024-03-23,28.25171216259371,29.36609165247685
19,25,2024-03-30,27.432610962050987,27.648782388759212
19,25,2024-04-06,26.83813301200176,25.05447322041052
19,25,2024-04-13,25.506354563858704,21.407042189891342
19,25,2024-04-20,22.90516604327564,17.925180930552834
19,50,2023-11-04,30.811705451052376,38.39226648469651
19,50,2023-11-11,31.920459172777427,39.43612199492934
19,50,2023-11-18,32.48459236223465,40.35239701209122
19,50,2023-11-25,32.803468999259444,41.03119841347959
19,50,2023-12-02,33.689696538166416,41.53948002089289
19,50,2023-12-09,34.61966574463692,41.75775640214196
19,50,2023-12-16,34.627701010226154,41.57742287393326
19,50,2023-12-23,35.24920370479516,41.08573222448728
19,50,2023-12-30,35.54563180482715,40.76616401484256
19,50,2024-01-06,35.59982176593019,40.46015705118287
19,50,2024-01-13,35.690931549099304,40.124935353206666
19,50,2024-01-20,35.6890806820337,39.78068098328914
19,50,2024-01-27,35.59517412826093,39.80331353062983
19,50,2024-02-03,35.73664068275281,39.87734621812059
19,50,2024-02-10,36.17023783676029,40.2763026883397
19,50,2024-02-17,37.31018972301935,40.583812994787934
19,50,2024-02-24,38.53543380176664,40.59804008261789
19,50,2024-03-02,39.56878531333468,39.29550875361064
19,50,2024-03-09,38.57766800736535,36.04177944530049
19,50,2024-03-16,36.009147998614985,31.466113873681206
19,50,2024-03-23,31.74937952851601,29.36609165247685
19,50,2024-03-30,30.449129953652154,27.648782388759212
19,50,2024-04-06,29.704953967444755,25.05447322041052
19,50,2024-04-13,28.14509602065403,21.407042189891342
19,50,2024-04-20,25.1365107688886,17.925180930552834
19,75,2023-11-04,33.43220110616597,38.39226648469651
19,75,2023-11-11,34.45061123131834,39.43612199492934
19,75,2023-11-18,35.53623329198887,40.35239701209122
19,75,2023-11-25,36.737391934226665,41.03119841347959
19,75,2023-12-02,37.95236943158151,41.53948002089289
19,75,2023-12-09,39.02749158674402,41.75775640214196
19,75,2023-12-16,39.97954822755236,41.57742287393326
19,75,2023-12-23,40.42508734464452,41.08573222448728
19,75,2023-12-30,40.57555879017512,40.76616401484256
19,75,2024-01-06,40.70606217020911,40.46015705118287
19,75,2024-01-13,40.67710699376614,40.124935353206666
19,75,2024-01-20,40.37241895051704,39.78068098328914
19,75,2024-01-27,40.067488596571415,39.80331353062983
19,75,2024-02-03,40.12702522936919,39.87734621812059
19,75,2024-02-10,40.31916460814675,40.2763026883397
19,75,2024-02-17,41.12017781314005,40.583812994787934
19,75,2024-02-24,41.94915482644225,40.59804008261789
19,75,2024-03-02,42.74265826631503,39.29550875361064
19,75,2024-03-09,41.17616337791808,36.04177944530049
19,75,2024-03-16,38.107950915641275,31.466113873681206
19,75,2024-03-23,33.51771862230439,29.36609165247685
19,75,2024-03-30,31.967475302806754,27.648782388759212
19,75,2024-04-06,30.949018327015846,25.05447322041052
19,75,2024-04-13,29.206109881012214,21.407042189891342
19,75,2024-04-20,25.933557902691845,17.925180930552834
37,5,2023-11-04,96.47562284775124,85.66404973138648
37,5,2023-11-11,96.25463284569099,87.4362922536085
37,5,2023-11-18,105.46170219902892,88.55673409931676
37,5,2023-11-25,104.05860154263495,88.8927981164545
37,5,2023-12-02,100.23997634082546,88.20591677888524
37,5,2023-12-09,100.96255070593404,86.26256157441458
37,5,2023-12-16,103.7788146039034,83.10407533977117
37,5,2023-12-23,112.2634337532291,79.12575148203446
37,5,2023-12-30,112.51028806527515,72.94096674986085
37,5,2024-01-06,104.09974702223371,60.497913809087805
37,5,2024-01-13,97.36453708341242,53.446208720190725
37,5,2024-01-20,81.18044199554598,48.719638872793986
37,5,2024-01-27,60.827640345696494,44.19483680777302
37,5,2024-02-03,46.10689476915895,40.24523775965596
37,5,2024-02-10,38.20515987488453,36.36504961944067
37,5,2024-02-17,31.291593312898435,32.45818734513157
37,5,2024-02-24,27.53056796122693,29.130399248505654
37,5,2024-03-02,29.001337486992814,26.103473561769633
37,5,2024-03-09,29.614430316974115,23.028292720578463
37,5,2024-03-16,28.4956418150673,20.368469438235703
37,5,2024-03-23,27.777679238646545,18.657954179995368
37,5,2024-03-30,28.622506539395037,17.175675850404684
37,5,2024-04-06,30.460214629836816,14.42235069400562
37,5,2024-04-13,28.047461331000672,10.439434000974869
37,5,2024-04-20,23.5903372276095,6.080488275227508
37,15,2023-11-04,90.07260675913031,85.66404973138648
37,15,2023-11-11,92.2053085864481,87.4362922536085
37,15,2023-11-18,99.27804083809265,88.55673409931676
37,15,2023-11-25,101.21254974717179,88.8927981164545
37,15,2023-12-02,101.91486676592505,88.20591677888524
37,15,2023-12-09,103.57833862625708,86.26256157441458
37,15,2023-12-16,105.47415583343881,83.10407533977117
37,15,2023-12-23,108.93288689010416,79.12575148203446
37,15,2023-12-30,108.37122508799223,72.94096674986085
37,15,2024-01-06,103.00490602661421,60.497913809087805
37,15,2024-01-13,94.87934090115591,53.446208720190725
37,15,2024-01-20,87.88153370726874,48.719638872793986
37,15,2024-01-27,72.89266481521182,44.19483680777302
37,15,2024-02-03,57.715879724120605,40.24523775965596
37,15,2024-02-10,46.98194033708975,36.36504961944067
37,15,2024-02-17,38.94236075874258,32.45818734513157
37,15,2024-02-24,31.00209575659356,29.130399248505654
37,15,2024-03-02,27.835101323878618,26.103473561769633
37,15,2024-03-09,26.673044962754744,23.028292720578463
37,15,2024-03-16,25.447968394790838,20.368469438235703
37,15,2024-03-23,25.14193669446074,18.657954179995368
37,15,2024-03-30,26.462593652891446,17.175675850404684
37,15,2024-04-06,28.08982143705394,14.42235069400562
37,15,2024-04-13,26.58279287889717,10.439434000974869
37,15,2024-04-20,22.55474274522363,6.080488275227508
37,25,2023-11-04,88.45037599506948,85.66404973138648
37,25,2023-11-11,91.20449867075193,87.4362922536085
37,25,2023-11-18,97.07989610170607,88.55673409931676
37,25,2023-11-25,100.32152123332288,88.8927981164545
37,25,2023-12-02,101.54798292743905,88.20591677888524
37,25,2023-12-09,103.87562612501397,86.26256157441458
37,25,2023-12-16,106.71980114605995,83.10407533977117
37,25,2023-12-23,109.69035189920024,79.12575148203446
37,25,2023-12-30,106.40939681784126,72.94096674986085
37,25,2024-01-06,101.28226214477891,60.497913809087805
37,25,2024-01-13,89.90990249780234,53.446208720190725
37,25,2024-01-20,86.06845135311835,48.719638872793986
37,25,2024-01-27,78.9951392497109,44.19483680777302
37,25,2024-02-03,65.69221109816637,40.24523775965596
37,25,2024-02-10,53.450419968761054,36.36504961944067
37,25,2024-02-17,43.24143340051735,32.45818734513157
37,25,2024-02-24,34.61502015124926,29.130399248505654
37,25,2024-03-02,29.750960828080544,26.103473561769633
37,25,2024-03-09,27.25397102626461,23.028292720578463
37,25,2024-03-16,24.95498569233128,20.368469438235703
37,25,2024-03-23,23.81983574277178,18.657954179995368
37,25,2024-03-30,24.50750541919683,17.175675850404684
37,25,2024-04-06,26.0857512992492,14.42235069400562
37,25,2024-04-13,24.65477420588926,10.439434000974869
37,25,2024-04-20,20.905463836000944,6.080488275227508
37,50,2023-11-04,86.28869317467186,85.66404973138648
37,50,2023-11-11,89.73725150328916,87.4362922536085
37,50,2023-11-18,93.74139211251033,88.55673409931676
37,50,2023-11-25,97.084141327201,88.8927981164545
37,50,2023-12-02,98.91811517367304,88.20591677888524
37,50,2023-12-09,100.8276441405039,86.26256157441458
37,50,2023-12-16,102.08578303907986,83.10407533977117
37,50,2023-12-23,103.48800579106026,79.12575148203446
37,50,2023-12-30,102.85868133656112,72.94096674986085
37,50,2024-01-06,97.88500347496756,60.497913809087805
37,50,2024-01-13,83.7197481319743,53.446208720190725
37,50,2024-01-20,78.52347306756897,48.719638872793986
37,50,2024-01-27,73.46381928663733,44.19483680777302
37,50,2024-02-03,64.82834850159519,40.24523775965596
37,50,2024-02-10,58.16728643053384,36.36504961944067
37,50,2024-02-17,48.8190352773207,32.45818734513157
37,50,2024-02-24,39.414046583395105,29.130399248505654
37,50,2024-03-02,32.91024737120171,26.103473561769633
37,50,2024-03-09,28.9541343402752,23.028292720578463
37,50,2024-03-16,25.931683801156282,20.368469438235703
37,50,2024-03-23,24.047536454584808,18.657954179995368
37,50,2024-03-30,23.59821278502018,17.175675850404684
37,50,2024-04-06,23.77377449579497,14.42235069400562
37,50,2024-04-13,22.197565373719776,10.439434000974869
37,50,2024-04-20,18.843934418874404,6.080488275227508
37,75,2023-11-04,85.95111904951732,85.66404973138648
37,75,2023-11-11,89.22511388359537,87.4362922536085
37,75,2023-11-18,92.91794861563771,88.55673409931676
37,75,2023-11-25,94.93657093677255,88.8927981164545
37,75,2023-12-02,96.4518087828334,88.20591677888524
37,75,2023-12-09,97.3800974529396,86.26256157441458
37,75,2023-12-16,97.3745483074741,83.10407533977117
37,75,2023-12-23,96.1392493446758,79.12575148203446
37,75,2023-12-30,93.41632256924278,72.94096674986085
37,75,2024-01-06,87.67750594986222,60.497913809087805
37,75,2024-01-13,74.00086785555554,53.446208720190725
37,75,2024-01-20,67.00839595052837,48.719638872793986
37,75,2024-01-27,62.46144193268955,44.19483680777302
37,75,2024-02-03,56.66102466432511,40.24523775965596
37,75,2024-02-10,51.145961240335076,36.36504961944067
37,75,2024-02-17,44.58243411474216,32.45818734513157
37,75,2024-02-24,38.14416867632266,29.130399248505654
37,75,2024-03-02,33.530633584249806,26.103473561769633
37,75,2024-03-09,30.135334468336946,23.028292720578463
37,75,2024-03-16,27.0578818775216,20.368469438235703
37,75,2024-03-23,24.644751044135422,18.657954179995368
37,75,2024-03-30,23.419145710835366,17.175675850404684
37,75,2024-04-06,22.934997143191527,14.42235069400562
37,75,2024-04-13,21.37280445454655,10.439434000974869
37,75,2024-04-20,18.046021147101076,6.080488275227508
54,5,2023-11-04,34.96317490558671,39.85179852459681
54,5,2023-11-11,36.27305058447602,40.06843899339608
54,5,2023-11-18,35.37966015402262,40.39143981765971
54,5,2023-11-25,35.6888501057018,40.57385321121727
54,5,2023-12-02,35.486957416424374,40.87172303017095
54,5,2023-12-09,36.14301048486339,41.24952156131782
54,5,2023-12-16,37.61247698348894,41.71044835732494
54,5,2023-12-23,39.23688472586596,42.5692637029461
54,5,2023-12-30,32.30225502226488,43.89721771410053
54,5,2024-01-06,30.45737802396831,43.67315938325754
54,5,2024-01-13,29.349776571649787,42.886512959187954
54,5,2024-01-20,27.727854054519778,42.89566474530612
54,5,2024-01-27,25.229761073701802,42.61076407642725
54,5,2024-02-03,24.984453988756854,42.52884838931561
54,5,2024-02-10,26.6548324515894,42.661228153656474
54,5,2024-02-17,28.70104598806342,42.5813135812785
54,5,2024-02-24,27.8876870713035,39.44976600100943
54,5,2024-03-02,26.59088551077297,36.43126875511555
54,5,2024-03-09,23.662579719314543,30.30776536127734
54,5,2024-03-16,20.529868766957392,25.087667338721275
54,5,2024-03-23,17.10660941081816,21.7413848162963
54,5,2024-03-30,16.142373226177323,18.8876466087655
54,5,2024-04-06,15.7155648743174,15.155289781423889
54,5,2024-04-13,14.328941755439507,8.359753241357158
54,5,2024-04-20,5.686085723612581,7.972064502616092
54,15,2023-11-04,37.6793242136429,39.85179852459681
54,15,2023-11-11,38.203419201454395,40.06843899339608
54,15,2023-11-18,37.47023986931047,40.39143981765971
54,15,2023-11-25,38.091918371095524,40.57385321121727
54,15,2023-12-02,38.312334227342625,40.87172303017095
54,15,2023-12-09,39.05246801512244,41.24952156131782
54,15,2023-12-16,39.975616226725556,41.71044835732494
54,15,2023-12-23,39.77000995377591,42.5692637029461
54,15,2023-12-30,37.43482985576409,43.89721771410053
54,15,2024-01-06,33.97926199499359,43.67315938325754
54,15,2024-01-13,31.462041819946542,42.886512959187954
54,15,2024-01-20,28.761000899985213,42.89566474530612
54,15,2024-01-27,27.269892928013196,42.61076407642725
54,15,2024-02-03,26.612115532951005,42.52884838931561
54,15,2024-02-10,27.09018486995455,42.661228153656474
54,15,2024-02-17,28.634598470696954,42.5813135812785
54,15,2024-02-24,28.378550097927693,39.44976600100943
54,15,2024-03-02,27.326813822719295,36.43126875511555
54,15,2024-03-09,25.93349462725529,30.30776536127734
54,15,2024-03-16,22.316691442431416,25.087667338721275
54,15,2024-03-23,19.305511298335112,21.7413848162963
54,15,2024-03-30,18.29136394455734,18.8876466087655
54,15,2024-04-06,17.281401358768537,15.155289781423889
54,15,2024-04-13,15.479062712581948,8.359753241357158
54,15,2024-04-20,6.423020629898995,7.972064502616092
54,25,2023-11-04,35.99765094105903,39.85179852459681
54,25,2023-11-11,36.798200054581834,40.06843899339608
54,25,2023-11-18,38.43459849697874,40.39143981765971
54,25,2023-11-25,37.878482082131605,40.57385321121727
54,25,2023-12-02,37.72947626992661,40.87172303017095
54,25,2023-12-09,38.500059171038785,41.24952156131782
54,25,2023-12-16,39.46482618579043,41.71044835732494
54,25,2023-12-23,39.90571940453861,42.5692637029461
54,25,2023-12-30,38.32930818336135,43.89721771410053
54,25,2024-01-06,35.64686011110856,43.67315938325754
54,25,2024-01-13,32.25704610270168,42.886512959187954
54,25,2024-01-20,29.59651601876524,42.89566474530612
54,25,2024-01-27,29.26558486204457,42.61076407642725
54,25,2024-02-03,29.456274166337305,42.52884838931561
54,25,2024-02-10,29.95152748618127,42.661228153656474
54,25,2024-02-17,31.041698108664946,42.5813135812785
54,25,2024-02-24,31.299970515617304,39.44976600100943
54,25,2024-03-02,29.862190993835387,36.43126875511555
54,25,2024-03-09,28.142061610948165,30.30776536127734
54,25,2024-03-16,24.099396643349564,25.087667338721275
54,25,2024-03-23,20.54081005256969,21.7413848162963
54,25,2024-03-30,19.22015306878112,18.8876466087655
54,25,2024-04-06,18.16878192372827,15.155289781423889
54,25,2024-04-13,16.238472649385958,8.359753241357158
54,25,2024-04-20,6.899044290358647,7.972064502616092
54,50,2023-11-04,33.69203007529663,39.85179852459681
54,50,2023-11-11,34.49793807727093,40.06843899339608
54,50,2023-11-18,35.63261333737647,40.39143981765971
54,50,2023-11-25,35.784325242432615,40.57385321121727
54,50,2023-12-02,36.07750602278172,40.87172303017095
54,50,2023-12-09,36.51913517863041,41.24952156131782
54,50,2023-12-16,37.0873086902422,41.71044835732494
54,50,2023-12-23,37.56267199092488,42.5692637029461
54,50,2023-12-30,38.24018357411734,43.89721771410053
54,50,2024-01-06,38.98929342770539,43.67315938325754
54,50,2024-01-13,36.925035564013015,42.886512959187954
54,50,2024-01-20,34.672316030504945,42.89566474530612
54,50,2024-01-27,34.640347143974104,42.61076407642725
54,50,2024-02-03,34.69405202978633,42.52884838931561
54,50,2024-02-10,35.28076066481861,42.661228153656474
54,50,2024-02-17,36.28368590228729,42.5813135812785
54,50,2024-02-24,36.595655523731274,39.44976600100943
54,50,2024-03-02,34.461390991817886,36.43126875511555
54,50,2024-03-09,32.16185815470542,30.30776536127734
54,50,2024-03-16,26.981194929355713,25.087667338721275
54,50,2024-03-23,22.772887799565943,21.7413848162963
54,50,2024-03-30,20.745222948274073,18.8876466087655
54,50,2024-04-06,19.152770269621563,15.155289781423889
54,50,2024-04-13,16.814521752953944,8.359753241357158
54,50,2024-04-20,7.311892913308091,7.972064502616092
54,75,2023-11-04,36.06401393182138,39.85179852459681
54,75,2023-11-11,36.44960580482327,40.06843899339608
54,75,2023-11-18,37.332292446868955,40.39143981765971
54,75,2023-11-25,38.04930776757939,40.57385321121727
54,75,2023-12-02,38.7549435760965,40.87172303017095
54,75,2023-12-09,39.47302808883319,41.24952156131782
54,75,2023-12-16,39.96124032267269,41.71044835732494
54,75,2023-12-23,40.44873087978121,42.5692637029461
54,75,2023-12-30,41.26633872457494,43.89721771410053
54,75,2024-01-06,42.656619361247145,43.67315938325754
54,75,2024-01-13,42.37736047689714,42.886512959187954
54,75,2024-01-20,41.58739455567643,42.89566474530612
54,75,2024-01-27,41.90441506802249,42.61076407642725
54,75,2024-02-03,42.15568006714709,42.52884838931561
54,75,2024-02-10,42.603270449825864,42.661228153656474
54,75,2024-02-17,43.544850468611386,42.5813135812785
54,75,2024-02-24,44.23728650784724,39.44976600100943
54,75,2024-03-02,41.37901511115427,36.43126875511555
54,75,2024-03-09,39.00461080512594,30.30776536127734
54,75,2024-03-16,32.86859833370999,25.087667338721275
54,75,2024-03-23,27.750574573849878,21.7413848162963
54,75,2024-03-30,24.99110487043155,18.8876466087655
54,75,2024-04-06,22.87411785637593,15.155289781423889
54,75,2024-04-13,19.652641456887423,8.359753241357158
54,75,2024-04-20,8.15898663815659,7.972064502616092
55,5,2023-11-04,41.79689431865008,57.552336857156995
55,5,2023-11-11,57.48704218654738,59.1498996950467
55,5,2023-11-18,57.28187423816105,60.61899681311329
55,5,2023-11-25,49.01007118249429,61.698542416895855
55,5,2023-12-02,54.188791531662275,62.61619130715021
55,5,2023-12-09,62.75933078037099,63.143696269544
55,5,2023-12-16,75.78969297529584,63.17064523237379
55,5,2023-12-23,76.28844158378118,62.759087476044776
55,5,2023-12-30,76.37429532796462,62.1497058691547
55,5,2024-01-06,97.26375929428391,60.82364014784017
55,5,2024-01-13,79.61376432296672,59.669825162730255
55,5,2024-01-20,76.69896600208317,58.41022921838002
55,5,2024-01-27,66.43327143847158,57.044016486126885
55,5,2024-02-03,51.69187105005926,55.37765318813216
55,5,2024-02-10,42.88050243240685,54.04524438149054
55,5,2024-02-17,40.83625093891247,52.77010278837827
55,5,2024-02-24,41.25149890618343,51.03528582117751
55,5,2024-03-02,43.76841062394204,48.72158035045975
55,5,2024-03-09,41.26657336391594,46.103705627556835
55,5,2024-03-16,38.98424816354415,42.709426815797585
55,5,2024-03-23,37.26027348001459,38.62395565740502
55,5,2024-03-30,33.34777570671947,36.355850332722014
55,5,2024-04-06,31.259514598290508,33.15799317687758
55,5,2024-04-13,29.38193618953958,26.82447244733724
55,5,2024-04-20,22.027072757893382,23.69306066517079
55,15,2023-11-04,44.891071874720225,57.552336857156995
55,15,2023-11-11,52.43205384406187,59.1498996950467
55,15,2023-11-18,56.554700544679214,60.61899681311329
55,15,2023-11-25,52.891054666631845,61.698542416895855
55,15,2023-12-02,55.00762520493184,62.61619130715021
55,15,2023-12-09,59.857207008779895,63.143696269544
55,15,2023-12-16,65.55480043168754,63.17064523237379
55,15,2023-12-23,68.3450224724939,62.759087476044776
55,15,2023-12-30,70.7597509929978,62.1497058691547
55,15,2024-01-06,81.29794713944042,60.82364014784017
55,15,2024-01-13,74.45193079572772,59.669825162730255
55,15,2024-01-20,71.00139698875495,58.41022921838002
55,15,2024-01-27,65.59250049076016,57.044016486126885
55,15,2024-02-03,55.38979514220779,55.37765318813216
55,15,2024-02-10,48.40332488880733,54.04524438149054
55,15,2024-02-17,45.14328913392323,52.77010278837827
55,15,2024-02-24,43.27303407656114,51.03528582117751
55,15,2024-03-02,44.24145581050193,48.72158035045975
55,15,2024-03-09,42.20539672246963,46.103705627556835
55,15,2024-03-16,40.67653797023362,42.709426815797585
55,15,2024-03-23,37.44848966208518,38.62395565740502
55,15,2024-03-30,33.836278817286164,36.355850332722014
55,15,2024-04-06,32.846822034313455,33.15799317687758
55,15,2024-04-13,31.503094761375703,26.82447244733724
55,15,2024-04-20,23.731609205615772,23.69306066517079
55,25,2023-11-04,45.83935169124841,57.552336857156995
55,25,2023-11-11,51.469131218989595,59.1498996950467
55,25,2023-11-18,55.136506697929356,60.61899681311329
55,25,2023-11-25,53.35575290684192,61.698542416895855
55,25,2023-12-02,55.96892535501247,62.61619130715021
55,25,2023-12-09,59.47044781188873,63.143696269544
55,25,2023-12-16,63.838876323714025,63.17064523237379
55,25,2023-12-23,64.50627998679036,62.759087476044776
55,25,2023-12-30,66.53684038928537,62.1497058691547
55,25,2024-01-06,72.81431388425416,60.82364014784017
55,25,2024-01-13,70.84047729596871,59.669825162730255
55,25,2024-01-20,67.6585733326011,58.41022921838002
55,25,2024-01-27,63.95057369785175,57.044016486126885
55,25,2024-02-03,55.98869315555739,55.37765318813216
55,25,2024-02-10,48.109454085683566,54.04524438149054
55,25,2024-02-17,45.0132726994871,52.77010278837827
55,25,2024-02-24,43.51583837466943,51.03528582117751
55,25,2024-03-02,42.869703950765256,48.72158035045975
55,25,2024-03-09,41.22361668398015,46.103705627556835
55,25,2024-03-16,40.24240884483278,42.709426815797585
55,25,2024-03-23,38.54865042120772,38.62395565740502
55,25,2024-03-30,35.924182294490876,36.355850332722014
55,25,2024-04-06,35.393165723950666,33.15799317687758
55,25,2024-04-13,34.63829130883711,26.82447244733724
55,25,2024-04-20,27.302507884897288,23.69306066517079
55,50,2023-11-04,47.50318209997902,57.552336857156995
55,50,2023-11-11,50.68317789914632,59.1498996950467
55,50,2023-11-18,52.949301795467285,60.61899681311329
55,50,2023-11-25,52.76015720695882,61.698542416895855
55,50,2023-12-02,54.52820080464659,62.61619130715021
55,50,2023-12-09,56.54914375942494,63.143696269544
55,50,2023-12-16,58.56981212153905,63.17064523237379
55,50,2023-12-23,59.27361931058964,62.759087476044776
55,50,2023-12-30,59.70928652283308,62.1497058691547
55,50,2024-01-06,61.753631565977,60.82364014784017
55,50,2024-01-13,59.952006252287894,59.669825162730255
55,50,2024-01-20,57.831225018999596,58.41022921838002
55,50,2024-01-27,54.90975984222244,57.044016486126885
55,50,2024-02-03,53.37677095088922,55.37765318813216
55,50,2024-02-10,51.42307830284977,54.04524438149054
55,50,2024-02-17,50.83378285361603,52.77010278837827
55,50,2024-02-24,51.164433394582666,51.03528582117751
55,50,2024-03-02,51.07941839026637,48.72158035045975
55,50,2024-03-09,49.47481862135709,46.103705627556835
55,50,2024-03-16,47.88287640578013,42.709426815797585
55,50,2024-03-23,45.14356266973702,38.62395565740502
55,50,2024-03-30,42.11947375544771,36.355850332722014
55,50,2024-04-06,41.120098936553575,33.15799317687758
55,50,2024-04-13,39.475801049825044,26.82447244733724
55,50,2024-04-20,31.851954401696762,23.69306066517079
55,75,2023-11-04,51.720787181054,57.552336857156995
55,75,2023-11-11,53.68781288111069,59.1498996950467
55,75,2023-11-18,55.75975096628241,60.61899681311329
55,75,2023-11-25,57.52219235427708,61.698542416895855
55,75,2023-12-02,59.525080950421064,62.61619130715021
55,75,2023-12-09,61.49660483366824,63.143696269544
55,75,2023-12-16,63.022166325496386,63.17064523237379
55,75,2023-12-23,64.079929163949,62.759087476044776
55,75,2023-12-30,64.60578266341282,62.1497058691547
55,75,2024-01-06,64.63086450034848,60.82364014784017
55,75,2024-01-13,63.413401908100894,59.669825162730255
55,75,2024-01-20,62.56129954766275,58.41022921838002
55,75,2024-01-27,61.58395751963782,57.044016486126885
55,75,2024-02-03,60.10404595653597,55.37765318813216
55,75,2024-02-10,57.644280212791436,54.04524438149054
55,75,2024-02-17,56.74765700926795,52.77010278837827
55,75,2024-02-24,55.94706352602305,51.03528582117751
55,75,2024-03-02,55.26898763919411,48.72158035045975
55,75,2024-03-09,52.863634460068475,46.103705627556835
55,75,2024-03-16,50.54939719209535,42.709426815797585
55,75,2024-03-23,47.48893433312922,38.62395565740502
55,75,2024-03-30,43.51296586753636,36.355850332722014
55,75,2024-04-06,42.13491672320398,33.15799317687758
55,75,2024-04-13,40.01942364960618,26.82447244733724
55,75,2024-04-20,31.641384042655154,23.69306066517079
53,5,2023-11-04,56.8539970751983,61.61173880027835
53,5,2023-11-11,55.69077576268216,59.35454640346079
53,5,2023-11-18,53.11306464999762,56.1607694450708
53,5,2023-11-25,53.93340528815184,52.46340935070151
53,5,2023-12-02,52.083697345782184,48.13148029138653
53,5,2023-12-09,51.9301758457324,43.68774179253948
53,5,2023-12-16,55.78691403971909,38.787320161500965
53,5,2023-12-23,55.6365424473702,34.119745548347424
53,5,2023-12-30,60.06620616696958,30.46494074698991
53,5,2024-01-06,61.3709145960967,27.90904089411682
53,5,2024-01-13,60.71510377116327,25.92682568851035
53,5,2024-01-20,57.74191828789781,24.12979954203506
53,5,2024-01-27,50.64625040730315,22.628270511670788
53,5,2024-02-03,42.18872183316346,21.328131127908367
53,5,2024-02-10,33.12827344278145,20.29625200717219
53,5,2024-02-17,26.18398297775814,19.409614643714168
53,5,2024-02-24,20.881230020208033,18.948992010616447
53,5,2024-03-02,18.200485625653812,18.380361342510508
53,5,2024-03-09,17.967486593207195,18.233476636427824
53,5,2024-03-16,17.37369714002567,18.676030571410255
53,5,2024-03-23,17.2076990732248,17.128286235061665
53,5,2024-03-30,15.255580119713658,14.614922609459597
53,5,2024-04-06,12.566088161199945,13.527123083571551
53,5,2024-04-13,10.890064369079813,13.253834616962811
53,5,2024-04-20,11.120661078530357,12.09840097517397
53,15,2023-11-04,57.93368979236613,61.61173880027835
53,15,2023-11-11,58.10457987918554,59.35454640346079
53,15,2023-11-18,55.21419072353304,56.1607694450708
53,15,2023-11-25,54.55791625114613,52.46340935070151
53,15,2023-12-02,51.053250515756105,48.13148029138653
53,15,2023-12-09,50.58165964369066,43.68774179253948
53,15,2023-12-16,48.910675091679074,38.787320161500965
53,15,2023-12-23,48.542589282591365,34.119745548347424
53,15,2023-12-30,50.13003891112691,30.46494074698991
53,15,2024-01-06,49.03386468514144,27.90904089411682
53,15,2024-01-13,48.13558625553618,25.92682568851035
53,15,2024-01-20,46.00176875770906,24.12979954203506
53,15,2024-01-27,41.73455354235007,22.628270511670788
53,15,2024-02-03,35.33571067952805,21.328131127908367
53,15,2024-02-10,29.249890819266863,20.29625200717219
53,15,2024-02-17,24.665315417693392,19.409614643714168
53,15,2024-02-24,20.71335553720998,18.948992010616447
53,15,2024-03-02,18.40790827900343,18.380361342510508
53,15,2024-03-09,17.744188149314162,18.233476636427824
53,15,2024-03-16,17.497694962547154,18.676030571410255
53,15,2024-03-23,17.094381705238426,17.128286235061665
53,15,2024-03-30,15.702670852302987,14.614922609459597
53,15,2024-04-06,13.367901219492659,13.527123083571551
53,15,2024-04-13,11.993531005726979,13.253834616962811
53,15,2024-04-20,11.985425494745634,12.09840097517397
53,25,2023-11-04,59.2238273410128,61.61173880027835
53,25,2023-11-11,58.032317388385756,59.35454640346079
53,25,2023-11-18,54.950694609109355,56.1607694450708
53,25,2023-11-25,55.338378144324594,52.46340935070151
53,25,2023-12-02,51.3578951983746,48.13148029138653
53,25,2023-12-09,49.743598801428874,43.68774179253948
53,25,2023-12-16,47.6614469060608,38.787320161500965
53,25,2023-12-23,45.78813562800916,34.119745548347424
53,25,2023-12-30,45.152760694140945,30.46494074698991
53,25,2024-01-06,43.541123006854484,27.90904089411682
53,25,2024-01-13,42.18280828625143,25.92682568851035
53,25,2024-01-20,40.101630944471474,24.12979954203506
53,25,2024-01-27,37.791344109956036,22.628270511670788
53,25,2024-02-03,32.59272953494812,21.328131127908367
53,25,2024-02-10,28.585729981725898,20.29625200717219
53,25,2024-02-17,24.172940675315324,19.409614643714168
53,25,2024-02-24,20.765321503442788,18.948992010616447
53,25,2024-03-02,19.21193271105335,18.380361342510508
53,25,2024-03-09,18.325108469504634,18.233476636427824
53,25,2024-03-16,17.743418164190015,18.676030571410255
53,25,2024-03-23,17.550432953422998,17.128286235061665
53,25,2024-03-30,16.03894502231327,14.614922609459597
53,25,2024-04-06,13.611791985229466,13.527123083571551
53,25,2024-04-13,12.405929517964552,13.253834616962811
53,25,2024-04-20,12.578344340890109,12.09840097517397
53,50,2023-11-04,60.34869273705631,61.61173880027835
53,50,2023-11-11,58.30948553385938,59.35454640346079
53,50,2023-11-18,56.08712964405604,56.1607694450708
53,50,2023-11-25,54.63737890058795,52.46340935070151
53,50,2023-12-02,52.70184801105452,48.13148029138653
53,50,2023-12-09,50.055871145667155,43.68774179253948
53,50,2023-12-16,47.346980155233204,38.787320161500965
53,50,2023-12-23,44.056132534764494,34.119745548347424
53,50,2023-12-30,40.369528582663236,30.46494074698991
53,50,2024-01-06,37.09450900331483,27.90904089411682
53,50,2024-01-13,34.77721847568906,25.92682568851035
53,50,2024-01-20,32.72841332989697,24.12979954203506
53,50,2024-01-27,30.552012318328295,22.628270511670788
53,50,2024-02-03,27.792245325494346,21.328131127908367
53,50,2024-02-10,24.589580098008398,20.29625200717219
53,50,2024-02-17,22.074052085656973,19.409614643714168
53,50,2024-02-24,19.831890072399247,18.948992010616447
53,50,2024-03-02,18.78554421900794,18.380361342510508
53,50,2024-03-09,18.14034745804378,18.233476636427824
53,50,2024-03-16,18.02040085258012,18.676030571410255
53,50,2024-03-23,18.40202731670672,17.128286235061665
53,50,2024-03-30,16.888861626432956,14.614922609459597
53,50,2024-04-06,14.034910942624565,13.527123083571551
53,50,2024-04-13,12.834068009092547,13.253834616962811
53,50,2024-04-20,13.170781120515375,12.09840097517397
53,75,2023-11-04,61.376495334732525,61.61173880027835
53,75,2023-11-11,60.39153513120376,59.35454640346079
53,75,2023-11-18,59.22693517862549,56.1607694450708
53,75,2023-11-25,57.17622140654043,52.46340935070151
53,75,2023-12-02,54.78472041004833,48.13148029138653
53,75,2023-12-09,51.678838452396135,43.68774179253948
53,75,2023-12-16,48.20067867165633,38.787320161500965
53,75,2023-12-23,43.94698377025143,34.119745548347424
53,75,2023-12-30,39.30216441367024,30.46494074698991
53,75,2024-01-06,35.33580389865145,27.90904089411682
53,75,2024-01-13,32.14924865631432,25.92682568851035
53,75,2024-01-20,29.59087003059697,24.12979954203506
53,75,2024-01-27,27.08239295870065,22.628270511670788
53,75,2024-02-03,25.062030187837962,21.328131127908367
53,75,2024-02-10,22.996854566181714,20.29625200717219
53,75,2024-02-17,21.546559881612126,19.409614643714168
53,75,2024-02-24,20.308963583976013,18.948992010616447
53,75,2024-03-02,19.929100307246905,18.380361342510508
53,75,2024-03-09,19.482199882078735,18.233476636427824
53,75,2024-03-16,19.697102916870847,18.676030571410255
53,75,2024-03-23,20.70537576839026,17.128286235061665
53,75,2024-03-30,19.043616948129603,14.614922609459597
53,75,2024-04-06,15.77205890461112,13.527123083571551
53,75,2024-04-13,14.462094831038275,13.253834616962811
53,75,2024-04-20,14.994276414249644,12.09840097517397
50,5,2023-11-04,6.125588394005957,10.486039016996859
50,5,2023-11-11,5.7476921962763585,10.38531375262993
50,5,2023-11-18,6.225380631168433,10.190092695142093
50,5,2023-11-25,6.243207669270581,9.931524620980795
50,5,2023-12-02,6.008819299040534,9.585857409411398
50,5,2023-12-09,5.892827132088007,9.226807377728909
50,5,2023-12-16,5.880002417144877,8.956727180649999
50,5,2023-12-23,5.647960277264392,8.759285973353245
50,5,2023-12-30,5.607487712243911,8.711354015903975
50,5,2024-01-06,5.96688507217439,8.780353316093901
50,5,2024-01-13,6.01604223835288,8.92018460296898
50,5,2024-01-20,6.20076710400299,9.01830584760014
50,5,2024-01-27,6.373469309706351,9.024200396238038
50,5,2024-02-03,6.205866968690767,9.127574806851332
50,5,2024-02-10,6.0867433364433134,9.305456170102664
50,5,2024-02-17,6.2183645598973,9.410805779503816
50,5,2024-02-24,5.994247506929375,9.478741435045555
50,5,2024-03-02,6.161454411355464,9.253637254509645
50,5,2024-03-09,6.3638298876494,8.55594336874058
50,5,2024-03-16,5.136201788229342,7.614321693431384
50,5,2024-03-23,4.426132308483325,6.771672946983895
50,5,2024-03-30,3.831705325898866,6.258162899817683
50,5,2024-04-06,3.9345419684421796,5.845807916218637
50,5,2024-04-13,4.097614132622206,6.267560052234291
50,5,2024-04-20,5.555557299068556,4.602229973609285
50,15,2023-11-04,6.084451987491098,10.486039016996859
50,15,2023-11-11,5.831631888177848,10.38531375262993
50,15,2023-11-18,6.025683920087635,10.190092695142093
50,15,2023-11-25,6.347191313354853,9.931524620980795
50,15,2023-12-02,6.191885351278516,9.585857409411398
50,15,2023-12-09,6.411062266327052,9.226807377728909
50,15,2023-12-16,6.085600671721176,8.956727180649999
50,15,2023-12-23,6.014756322390107,8.759285973353245
50,15,2023-12-30,5.955881627902231,8.711354015903975
50,15,2024-01-06,6.043183335175227,8.780353316093901
50,15,2024-01-13,6.250807044258408,8.92018460296898
50,15,2024-01-20,6.366770255503339,9.01830584760014
50,15,2024-01-27,6.529348695162455,9.024200396238038
50,15,2024-02-03,6.4360800636442255,9.127574806851332
50,15,2024-02-10,6.562611892926029,9.305456170102664
50,15,2024-02-17,6.648289686614885,9.410805779503816
50,15,2024-02-24,6.961052716369742,9.478741435045555
50,15,2024-03-02,7.065435598403701,9.253637254509645
50,15,2024-03-09,6.98744765610728,8.55594336874058
50,15,2024-03-16,6.158591699586611,7.614321693431384
50,15,2024-03-23,5.487598722753677,6.771672946983895
50,15,2024-03-30,5.04382988441877,6.258162899817683
50,15,2024-04-06,4.750743955757938,5.845807916218637
50,15,2024-04-13,4.87919905108887,6.267560052234291
50,15,2024-04-20,6.785917539975133,4.602229973609285
50,25,2023-11-04,6.464911133893371,10.486039016996859
50,25,2023-11-11,6.357065500999738,10.38531375262993
50,25,2023-11-18,6.525011605602111,10.190092695142093
50,25,2023-11-25,6.720182961503025,9.931524620980795
50,25,2023-12-02,6.812531339417932,9.585857409411398
50,25,2023-12-09,6.8959907075761935,9.226807377728909
50,25,2023-12-16,6.8243412676041,8.956727180649999
50,25,2023-12-23,6.732836597240418,8.759285973353245
50,25,2023-12-30,6.639035249021016,8.711354015903975
50,25,2024-01-06,6.678086167480767,8.780353316093901
50,25,2024-01-13,6.8288328779864615,8.92018460296898
50,25,2024-01-20,7.001051892364657,9.01830584760014
50,25,2024-01-27,7.024600748845993,9.024200396238038
50,25,2024-02-03,6.974356350112166,9.127574806851332
50,25,2024-02-10,7.080774335168033,9.305456170102664
50,25,2024-02-17,7.323611226613833,9.410805779503816
50,25,2024-02-24,7.453731530413206,9.478741435045555
50,25,2024-03-02,7.376580966908528,9.253637254509645
50,25,2024-03-09,7.459584863788071,8.55594336874058
50,25,2024-03-16,6.909676091494876,7.614321693431384
50,25,2024-03-23,6.098120044104046,6.771672946983895
50,25,2024-03-30,5.38709739485265,6.258162899817683
50,25,2024-04-06,5.198786884041904,5.845807916218637
50,25,2024-04-13,5.279602462053155,6.267560052234291
50,25,2024-04-20,7.379171219801797,4.602229973609285
50,50,2023-11-04,7.76326168065806,10.486039016996859
50,50,2023-11-11,7.91820732126028,10.38531375262993
50,50,2023-11-18,8.075459045006403,10.190092695142093
50,50,2023-11-25,8.241894847340928,9.931524620980795
50,50,2023-12-02,8.395094620130628,9.585857409411398
50,50,2023-12-09,8.457064829510097,9.226807377728909
50,50,2023-12-16,8.283539419898341,8.956727180649999
50,50,2023-12-23,8.135638542076984,8.759285973353245
50,50,2023-12-30,7.995586361095384,8.711354015903975
50,50,2024-01-06,7.90515441048296,8.780353316093901
50,50,2024-01-13,7.988145800577682,8.92018460296898
50,50,2024-01-20,8.128544472767029,9.01830584760014
50,50,2024-01-27,8.185453964584699,9.024200396238038
50,50,2024-02-03,8.22128108296637,9.127574806851332
50,50,2024-02-10,8.182798558327358,9.305456170102664
50,50,2024-02-17,8.358012032421023,9.410805779503816
50,50,2024-02-24,8.569128872013358,9.478741435045555
50,50,2024-03-02,8.675630020700407,9.253637254509645
50,50,2024-03-09,8.552277060323837,8.55594336874058
50,50,2024-03-16,7.94406973243273,7.614321693431384
50,50,2024-03-23,7.093831966715003,6.771672946983895
50,50,2024-03-30,6.366039008268226,6.258162899817683
50,50,2024-04-06,6.040143693609349,5.845807916218637
50,50,2024-04-13,5.9730873099532,6.267560052234291
50,50,2024-04-20,8.227681115490856,4.602229973609285
50,75,2023-11-04,9.448295745966165,10.486039016996859
50,75,2023-11-11,9.61833062000097,10.38531375262993
50,75,2023-11-18,9.712205908976534,10.190092695142093
50,75,2023-11-25,9.701020830673356,9.931524620980795
50,75,2023-12-02,9.623088876130433,9.585857409411398
50,75,2023-12-09,9.447246837568429,9.226807377728909
50,75,2023-12-16,9.154734784343814,8.956727180649999
50,75,2023-12-23,8.915812229556632,8.759285973353245
50,75,2023-12-30,8.727499008580125,8.711354015903975
50,75,2024-01-06,8.670328224596798,8.780353316093901
50,75,2024-01-13,8.732422880819696,8.92018460296898
50,75,2024-01-20,8.863383080598943,9.01830584760014
50,75,2024-01-27,8.957919117527593,9.024200396238038
50,75,2024-02-03,8.990492686956747,9.127574806851332
50,75,2024-02-10,9.149021147371636,9.305456170102664
50,75,2024-02-17,9.395356912498924,9.410805779503816
50,75,2024-02-24,9.613309941032965,9.478741435045555
50,75,2024-03-02,9.791367051987574,9.253637254509645
50,75,2024-03-09,9.671397956183531,8.55594336874058
50,75,2024-03-16,9.023322516072772,7.614321693431384
50,75,2024-03-23,8.064383676848758,6.771672946983895
50,75,2024-03-30,7.209182644111999,6.258162899817683
50,75,2024-04-06,6.795144690271983,5.845807916218637
50,75,2024-04-13,6.604238761800652,6.267560052234291
50,75,2024-04-20,8.997892986189791,4.602229973609285
51,5,2023-11-04,93.47661587666443,73.03475302326048
51,5,2023-11-11,81.70410699126893,73.82086278133568
51,5,2023-11-18,72.22098920461688,73.97120810224594
51,5,2023-11-25,69.75360705609457,73.53020474320951
51,5,2023-12-02,65.81321785564585,72.45361713741346
51,5,2023-12-09,65.70928548359437,70.76861782904066
51,5,2023-12-16,68.36828621568594,68.51839938817356
51,5,2023-12-23,68.5188127310249,66.29290514240293
51,5,2023-12-30,71.01877010512902,63.79599010313359
51,5,2024-01-06,82.61795071925391,56.63119969089728
51,5,2024-01-13,77.28202873754918,53.48092444334099
51,5,2024-01-20,67.57240499395104,52.190566097900714
51,5,2024-01-27,59.08541632704959,51.22346985176376
51,5,2024-02-03,51.351293757401386,50.37372709340433
51,5,2024-02-10,47.7768129702007,49.48265351714188
51,5,2024-02-17,45.89162416828508,49.14186231061785
51,5,2024-02-24,49.88039329625488,49.05984429309737
51,5,2024-03-02,57.17597946735103,48.85902650773049
51,5,2024-03-09,63.79757704272033,47.73836584438053
51,5,2024-03-16,67.03466962422301,45.904922448733885
51,5,2024-03-23,68.56936969541405,45.278618934829616
51,5,2024-03-30,70.66918938828337,44.62841064034665
51,5,2024-04-06,73.62422041636871,46.08967730353278
51,5,2024-04-13,86.85595413109958,35.99194931401333
51,5,2024-04-20,66.56383039750047,28.757949486331782
51,15,2023-11-04,92.34155633752985,73.03475302326048
51,15,2023-11-11,83.2954551661465,73.82086278133568
51,15,2023-11-18,78.9086253483501,73.97120810224594
51,15,2023-11-25,75.48950477398301,73.53020474320951
51,15,2023-12-02,70.9400228326754,72.45361713741346
51,15,2023-12-09,68.56767299502303,70.76861782904066
51,15,2023-12-16,69.06509395681485,68.51839938817356
51,15,2023-12-23,69.45727487180794,66.29290514240293
51,15,2023-12-30,70.73204314998084,63.79599010313359
51,15,2024-01-06,73.79242218528375,56.63119969089728
51,15,2024-01-13,69.4916249296013,53.48092444334099
51,15,2024-01-20,63.62936352488799,52.190566097900714
51,15,2024-01-27,57.56837538101127,51.22346985176376
51,15,2024-02-03,52.39342915881654,50.37372709340433
51,15,2024-02-10,47.15958985078994,49.48265351714188
51,15,2024-02-17,42.70674429911113,49.14186231061785
51,15,2024-02-24,41.66951207730054,49.05984429309737
51,15,2024-03-02,44.41909961217827,48.85902650773049
51,15,2024-03-09,48.41507069840947,47.73836584438053
51,15,2024-03-16,51.076720398406046,45.904922448733885
51,15,2024-03-23,53.210757084027065,45.278618934829616
51,15,2024-03-30,56.846746097355705,44.62841064034665
51,15,2024-04-06,59.972158538667976,46.08967730353278
51,15,2024-04-13,69.08107997934592,35.99194931401333
51,15,2024-04-20,52.42348612158412,28.757949486331782
51,25,2023-11-04,84.41357593935656,73.03475302326048
51,25,2023-11-11,80.94982938090271,73.82086278133568
51,25,2023-11-18,76.55626479113582,73.97120810224594
51,25,2023-11-25,74.85539673476083,73.53020474320951
51,25,2023-12-02,73.17008231337597,72.45361713741346
51,25,2023-12-09,70.95160820697478,70.76861782904066
51,25,2023-12-16,70.14389899407013,68.51839938817356
51,25,2023-12-23,70.53450524316581,66.29290514240293
51,25,2023-12-30,70.51673085101496,63.79599010313359
51,25,2024-01-06,70.7105973412564,56.63119969089728
51,25,2024-01-13,65.65914922350468,53.48092444334099
51,25,2024-01-20,62.33556892350707,52.190566097900714
51,25,2024-01-27,58.65884377015181,51.22346985176376
51,25,2024-02-03,53.473891677461445,50.37372709340433
51,25,2024-02-10,48.21653284828876,49.48265351714188
51,25,2024-02-17,42.94183444580677,49.14186231061785
51,25,2024-02-24,40.93320131414124,49.05984429309737
51,25,2024-03-02,42.05309546626298,48.85902650773049
51,25,2024-03-09,43.99101314115607,47.73836584438053
51,25,2024-03-16,45.83827015514333,45.904922448733885
51,25,2024-03-23,46.866515591243406,45.278618934829616
51,25,2024-03-30,49.85417125479195,44.62841064034665
51,25,2024-04-06,53.058058423224026,46.08967730353278
51,25,2024-04-13,62.342299005457505,35.99194931401333
51,25,2024-04-20,48.687663618214486,28.757949486331782
51,50,2023-11-04,74.50796024690793,73.03475302326048
51,50,2023-11-11,74.07993836067381,73.82086278133568
51,50,2023-11-18,72.99205766620771,73.97120810224594
51,50,2023-11-25,72.4390257035035,73.53020474320951
51,50,2023-12-02,71.84674252410889,72.45361713741346
51,50,2023-12-09,71.44065071417933,70.76861782904066
51,50,2023-12-16,71.13667113179945,68.51839938817356
51,50,2023-12-23,71.09066217532364,66.29290514240293
51,50,2023-12-30,70.39414105401535,63.79599010313359
51,50,2024-01-06,68.78242579287424,56.63119969089728
51,50,2024-01-13,61.149090441422366,53.48092444334099
51,50,2024-01-20,58.271448079453634,52.190566097900714
51,50,2024-01-27,56.561116644502654,51.22346985176376
51,50,2024-02-03,52.9139826464121,50.37372709340433
51,50,2024-02-10,48.61184388746974,49.48265351714188
51,50,2024-02-17,43.84423711887265,49.14186231061785
51,50,2024-02-24,41.09208353744493,49.05984429309737
51,50,2024-03-02,41.3233394348011,48.85902650773049
51,50,2024-03-09,42.37752215614126,47.73836584438053
51,50,2024-03-16,43.04500077753023,45.904922448733885
51,50,2024-03-23,43.68609802983185,45.278618934829616
51,50,2024-03-30,45.589090372133946,44.62841064034665
51,50,2024-04-06,48.13092511842433,46.08967730353278
51,50,2024-04-13,56.43718335522033,35.99194931401333
51,50,2024-04-20,44.4051370176075,28.757949486331782
51,75,2023-11-04,71.28715196498686,73.03475302326048
51,75,2023-11-11,71.35157637559682,73.82086278133568
51,75,2023-11-18,71.09707124113511,73.97120810224594
51,75,2023-11-25,71.40998530798448,73.53020474320951
51,75,2023-12-02,71.75140345037588,72.45361713741346
51,75,2023-12-09,72.08212988194413,70.76861782904066
51,75,2023-12-16,71.8703260044257,68.51839938817356
51,75,2023-12-23,71.00795831391638,66.29290514240293
51,75,2023-12-30,69.90908167771198,63.79599010313359
51,75,2024-01-06,67.50643987734422,56.63119969089728
51,75,2024-01-13,58.83283683316391,53.48092444334099
51,75,2024-01-20,55.179105388098264,52.190566097900714
51,75,2024-01-27,53.67141730596536,51.22346985176376
51,75,2024-02-03,52.01149709444157,50.37372709340433
51,75,2024-02-10,50.06340806738618,49.48265351714188
51,75,2024-02-17,47.577946720260954,49.14186231061785
51,75,2024-02-24,46.744862249705996,49.05984429309737
51,75,2024-03-02,47.50732655444092,48.85902650773049
51,75,2024-03-09,48.56667156437761,47.73836584438053
51,75,2024-03-16,48.49718771368186,45.904922448733885
51,75,2024-03-23,47.93788721927251,45.278618934829616
51,75,2024-03-30,49.16697573740913,44.62841064034665
51,75,2024-04-06,50.975745020945595,46.08967730353278
51,75,2024-04-13,58.918525512618345,35.99194931401333
51,75,2024-04-20,46.68511210231209,28.757949486331782
49,5,2023-11-04,17.21866531027995,18.7723150627168
49,5,2023-11-11,18.639025702139424,18.90050309691762
49,5,2023-11-18,16.472452388731725,18.689388286433964
49,5,2023-11-25,15.79369588483385,18.207023075260967
49,5,2023-12-02,15.625530151911088,17.495396254131066
49,5,2023-12-09,15.684746201936093,16.65221525676931
49,5,2023-12-16,16.283572316666294,15.492853185139982
49,5,2023-12-23,17.28100274916522,14.209952515250777
49,5,2023-12-30,22.856027264690795,13.349457117218423
49,5,2024-01-06,27.05506508988909,12.67624081159757
49,5,2024-01-13,27.222832790781048,11.79634929799597
49,5,2024-01-20,27.2282078038794,10.685609721779848
49,5,2024-01-27,23.30788545631461,9.248673582311808
49,5,2024-02-03,18.94652556169149,8.195880654717705
49,5,2024-02-10,16.976272931280906,7.066885099272523
49,5,2024-02-17,15.660802934942287,5.736926022938531
49,5,2024-02-24,13.358075488468238,4.715992977442482
49,5,2024-03-02,10.888925658972548,3.5404718461527547
49,5,2024-03-09,8.22508746528265,2.8992681898444865
49,5,2024-03-16,6.42743170408825,2.408516483603417
49,5,2024-03-23,5.540827449354616,2.088104291243995
49,5,2024-03-30,4.865845003522276,1.862326180343458
49,5,2024-04-06,4.183383734892779,1.6863072446131084
49,5,2024-04-13,4.09343826203819,1.653443955393781
49,5,2024-04-20,4.377600582874397,1.4595021300936166
49,15,2023-11-04,18.654037193478885,18.7723150627168
49,15,2023-11-11,18.07932058197619,18.90050309691762
49,15,2023-11-18,17.08640926921658,18.689388286433964
49,15,2023-11-25,16.55308739543419,18.207023075260967
49,15,2023-12-02,16.572265320445407,17.495396254131066
49,15,2023-12-09,16.97387859930631,16.65221525676931
49,15,2023-12-16,18.214603386049145,15.492853185139982
49,15,2023-12-23,19.0648480369261,14.209952515250777
49,15,2023-12-30,21.93056045689207,13.349457117218423
49,15,2024-01-06,24.58380790481475,12.67624081159757
49,15,2024-01-13,25.37353195310732,11.79634929799597
49,15,2024-01-20,24.891009851265462,10.685609721779848
49,15,2024-01-27,22.238738984377868,9.248673582311808
49,15,2024-02-03,19.115292688068216,8.195880654717705
49,15,2024-02-10,16.85423675267802,7.066885099272523
49,15,2024-02-17,14.212830913054315,5.736926022938531
49,15,2024-02-24,11.308048574843454,4.715992977442482
49,15,2024-03-02,9.022202039674085,3.5404718461527547
49,15,2024-03-09,6.535024202426312,2.8992681898444865
49,15,2024-03-16,5.142744667242959,2.408516483603417
49,15,2024-03-23,4.307227312736581,2.088104291243995
49,15,2024-03-30,3.850127141253786,1.862326180343458
49,15,2024-04-06,3.53812985976649,1.6863072446131084
49,15,2024-04-13,3.636763470669891,1.653443955393781
49,15,2024-04-20,3.922387193732508,1.4595021300936166
49,25,2023-11-04,18.697155625333664,18.7723150627168
49,25,2023-11-11,18.64435505391228,18.90050309691762
49,25,2023-11-18,18.41651395402783,18.689388286433964
49,25,2023-11-25,17.85582511599161,18.207023075260967
49,25,2023-12-02,17.790655990642307,17.495396254131066
49,25,2023-12-09,18.38833394587585,16.65221525676931
49,25,2023-12-16,18.84404960348375,15.492853185139982
49,25,2023-12-23,19.328945794261706,14.209952515250777
49,25,2023-12-30,21.188641339888772,13.349457117218423
49,25,2024-01-06,22.652074732521903,12.67624081159757
49,25,2024-01-13,23.77517798522308,11.79634929799597
49,25,2024-01-20,23.504021478254995,10.685609721779848
49,25,2024-01-27,21.049510455629196,9.248673582311808
49,25,2024-02-03,18.62015474278828,8.195880654717705
49,25,2024-02-10,16.092297072978777,7.066885099272523
49,25,2024-02-17,12.793951022316199,5.736926022938531
49,25,2024-02-24,10.496102501176786,4.715992977442482
49,25,2024-03-02,8.545084014752376,3.5404718461527547
49,25,2024-03-09,6.264823259483454,2.8992681898444865
49,25,2024-03-16,4.976364342901597,2.408516483603417
49,25,2024-03-23,3.9750880261154435,2.088104291243995
49,25,2024-03-30,3.5134822790518525,1.862326180343458
49,25,2024-04-06,3.2164477423079165,1.6863072446131084
49,25,2024-04-13,3.250636758990793,1.653443955393781
49,25,2024-04-20,3.5485929606153874,1.4595021300936166
49,50,2023-11-04,19.664161071268996,18.7723150627168
49,50,2023-11-11,19.96588800933872,18.90050309691762
49,50,2023-11-18,19.524450989790015,18.689388286433964
49,50,2023-11-25,19.44243723876018,18.207023075260967
49,50,2023-12-02,19.526933361914782,17.495396254131066
49,50,2023-12-09,19.62806945975535,16.65221525676931
49,50,2023-12-16,19.668231620671442,15.492853185139982
49,50,2023-12-23,19.688055745425814,14.209952515250777
49,50,2023-12-30,19.9397655511087,13.349457117218423
49,50,2024-01-06,20.475062341970737,12.67624081159757
49,50,2024-01-13,20.654668386665644,11.79634929799597
49,50,2024-01-20,20.210460955016142,10.685609721779848
49,50,2024-01-27,18.286317768886615,9.248673582311808
49,50,2024-02-03,15.765731864568409,8.195880654717705
49,50,2024-02-10,13.444739534996417,7.066885099272523
49,50,2024-02-17,10.965227811861189,5.736926022938531
49,50,2024-02-24,8.430460068559723,4.715992977442482
49,50,2024-03-02,6.722985559054878,3.5404718461527547
49,50,2024-03-09,4.967285486001254,2.8992681898444865
49,50,2024-03-16,4.02075592211209,2.408516483603417
49,50,2024-03-23,3.3043724557610097,2.088104291243995
49,50,2024-03-30,2.956565577662241,1.862326180343458
49,50,2024-04-06,2.685036717640493,1.6863072446131084
49,50,2024-04-13,2.6575483221957756,1.653443955393781
49,50,2024-04-20,2.8717742556251573,1.4595021300936166
49,75,2023-11-04,19.531197660633094,18.7723150627168
49,75,2023-11-11,19.816862771057533,18.90050309691762
49,75,2023-11-18,19.85275700738467,18.689388286433964
49,75,2023-11-25,19.99998204074379,18.207023075260967
49,75,2023-12-02,19.941407524357356,17.495396254131066
49,75,2023-12-09,19.7392398968539,16.65221525676931
49,75,2023-12-16,19.469470227378565,15.492853185139982
49,75,2023-12-23,18.79521306318419,14.209952515250777
49,75,2023-12-30,18.131773549074598,13.349457117218423
49,75,2024-01-06,17.85524902908456,12.67624081159757
49,75,2024-01-13,17.473733125344026,11.79634929799597
49,75,2024-01-20,16.721577077699177,10.685609721779848
49,75,2024-01-27,15.079187683547246,9.248673582311808
49,75,2024-02-03,12.908113760368778,8.195880654717705
49,75,2024-02-10,11.201178070378752,7.066885099272523
49,75,2024-02-17,9.541282185330875,5.736926022938531
49,75,2024-02-24,7.672254876323401,4.715992977442482
49,75,2024-03-02,6.254814811874824,3.5404718461527547
49,75,2024-03-09,4.611509896451402,2.8992681898444865
49,75,2024-03-16,3.7487316701384157,2.408516483603417
49,75,2024-03-23,3.0841116996613946,2.088104291243995
49,75,2024-03-30,2.708076217057375,1.862326180343458
49,75,2024-04-06,2.4412120770366923,1.6863072446131084
49,75,2024-04-13,2.3425049738616233,1.653443955393781
49,75,2024-04-20,2.56103280713695,1.4595021300936166
48,5,2023-11-04,269.0369639922171,185.25629103970343
48,5,2023-11-11,277.9464879035375,189.02404080118532
48,5,2023-11-18,255.42822679566345,192.58243346363244
48,5,2023-11-25,227.32557122739956,196.64499082564907
48,5,2023-12-02,206.77632728927586,199.8196497044613
48,5,2023-12-09,189.7052279899529,202.11168535279427
48,5,2023-12-16,158.7457128179691,203.32962742372337
48,5,2023-12-23,149.310679090036,202.49146979922912
48,5,2023-12-30,166.20247838914727,197.40962100045735
48,5,2024-01-06,191.28891136963156,187.78428945266066
48,5,2024-01-13,198.70810453457517,177.615784863104
48,5,2024-01-20,180.5743163837024,171.502716081612
48,5,2024-01-27,138.37819973371563,165.25555924162282
48,5,2024-02-03,117.2026787981536,155.41899836678428
48,5,2024-02-10,106.0298712595259,142.59387467795332
48,5,2024-02-17,97.24729008227175,127.97485191541138
48,5,2024-02-24,85.33905706975973,112.77312062875646
48,5,2024-03-02,73.58469513323223,97.3911419351126
48,5,2024-03-09,65.10518349141711,83.14910104268714
48,5,2024-03-16,57.41527655431497,70.98446263389417
48,5,2024-03-23,50.18314391646146,61.093765583461625
48,5,2024-03-30,45.20451014075368,53.537270418378554
48,5,2024-04-06,40.74093616403874,47.28404603218698
48,5,2024-04-13,37.55707316489877,42.70214487184007
48,5,2024-04-20,34.04727158657997,39.549815248391155
48,15,2023-11-04,240.77849585621416,185.25629103970343
48,15,2023-11-11,256.53955408824896,189.02404080118532
48,15,2023-11-18,242.07442411647185,192.58243346363244
48,15,2023-11-25,231.32008304867867,196.64499082564907
48,15,2023-12-02,214.23802163995236,199.8196497044613
48,15,2023-12-09,201.94821342987726,202.11168535279427
48,15,2023-12-16,173.01920979110935,203.32962742372337
48,15,2023-12-23,170.4223540072258,202.49146979922912
48,15,2023-12-30,177.69685736317138,197.40962100045735
48,15,2024-01-06,186.39702979269057,187.78428945266066
48,15,2024-01-13,192.2890919458897,177.615784863104
48,15,2024-01-20,192.5715230630822,171.502716081612
48,15,2024-01-27,162.53966987184683,165.25555924162282
48,15,2024-02-03,149.86138714688215,155.41899836678428
48,15,2024-02-10,138.7691377700166,142.59387467795332
48,15,2024-02-17,127.64764157088533,127.97485191541138
48,15,2024-02-24,112.870279628687,112.77312062875646
48,15,2024-03-02,95.29325725009919,97.3911419351126
48,15,2024-03-09,79.09810920228563,83.14910104268714
48,15,2024-03-16,66.29797015097917,70.98446263389417
48,15,2024-03-23,53.087130863267895,61.093765583461625
48,15,2024-03-30,45.329321740224145,53.537270418378554
48,15,2024-04-06,39.2304507672699,47.28404603218698
48,15,2024-04-13,34.34601007309902,42.70214487184007
48,15,2024-04-20,30.903554342477836,39.549815248391155
48,25,2023-11-04,224.50898992441986,185.25629103970343
48,25,2023-11-11,228.83755221591915,189.02404080118532
48,25,2023-11-18,228.34361021727472,192.58243346363244
48,25,2023-11-25,221.67158320562837,196.64499082564907
48,25,2023-12-02,215.82627655689362,199.8196497044613
48,25,2023-12-09,198.63765942713275,202.11168535279427
48,25,2023-12-16,179.67771008233262,203.32962742372337
48,25,2023-12-23,178.94450511819247,202.49146979922912
48,25,2023-12-30,184.09039756186917,197.40962100045735
48,25,2024-01-06,188.91675823742247,187.78428945266066
48,25,2024-01-13,189.52529662383685,177.615784863104
48,25,2024-01-20,192.2024005734486,171.502716081612
48,25,2024-01-27,182.00758415966897,165.25555924162282
48,25,2024-02-03,167.45336982155956,155.41899836678428
48,25,2024-02-10,158.38726379927695,142.59387467795332
48,25,2024-02-17,146.14636007587882,127.97485191541138
48,25,2024-02-24,130.22644243201856,112.77312062875646
48,25,2024-03-02,106.64099854245758,97.3911419351126
48,25,2024-03-09,89.13521114235819,83.14910104268714
48,25,2024-03-16,73.38064878369887,70.98446263389417
48,25,2024-03-23,58.37561208769495,61.093765583461625
48,25,2024-03-30,50.012413921082384,53.537270418378554
48,25,2024-04-06,42.03381845996447,47.28404603218698
48,25,2024-04-13,36.51907103087944,42.70214487184007
48,25,2024-04-20,32.7189032814202,39.549815248391155
48,50,2023-11-04,191.7323800956491,185.25629103970343
48,50,2023-11-11,193.79698268925407,189.02404080118532
48,50,2023-11-18,197.99317003061083,192.58243346363244
48,50,2023-11-25,199.8557864881751,196.64499082564907
48,50,2023-12-02,201.23611324278153,199.8196497044613
48,50,2023-12-09,198.03503995148668,202.11168535279427
48,50,2023-12-16,194.57509606649228,203.32962742372337
48,50,2023-12-23,202.06271504930757,202.49146979922912
48,50,2023-12-30,203.59799208996753,197.40962100045735
48,50,2024-01-06,202.54821800976688,187.78428945266066
48,50,2024-01-13,197.43022317743763,177.615784863104
48,50,2024-01-20,192.55430845263433,171.502716081612
48,50,2024-01-27,193.23203771394563,165.25555924162282
48,50,2024-02-03,188.94004764155724,155.41899836678428
48,50,2024-02-10,180.81127588906298,142.59387467795332
48,50,2024-02-17,167.9836945452951,127.97485191541138
48,50,2024-02-24,150.79041685328457,112.77312062875646
48,50,2024-03-02,127.77821300745076,97.3911419351126
48,50,2024-03-09,107.03656828581016,83.14910104268714
48,50,2024-03-16,86.869111855409,70.98446263389417
48,50,2024-03-23,68.03698625266776,61.093765583461625
48,50,2024-03-30,57.69949541318539,53.537270418378554
48,50,2024-04-06,47.57773022687633,47.28404603218698
48,50,2024-04-13,40.51298504539206,42.70214487184007
48,50,2024-04-20,35.39796295291429,39.549815248391155
48,75,2023-11-04,186.04455570323253,185.25629103970343
48,75,2023-11-11,189.64217793802337,189.02404080118532
48,75,2023-11-18,192.2991475416895,192.58243346363244
48,75,2023-11-25,196.8903177956844,196.64499082564907
48,75,2023-12-02,201.6411249628714,199.8196497044613
48,75,2023-12-09,203.9700111166685,202.11168535279427
48,75,2023-12-16,205.2991351103526,203.32962742372337
48,75,2023-12-23,209.91539771132273,202.49146979922912
48,75,2023-12-30,211.25917802529491,197.40962100045735
48,75,2024-01-06,206.25353417397497,187.78428945266066
48,75,2024-01-13,196.5076855536732,177.615784863104
48,75,2024-01-20,186.6119372704586,171.502716081612
48,75,2024-01-27,181.20880282170418,165.25555924162282
48,75,2024-02-03,176.1525046627801,155.41899836678428
48,75,2024-02-10,168.14219912937776,142.59387467795332
48,75,2024-02-17,157.77741122819845,127.97485191541138
48,75,2024-02-24,143.7424933225518,112.77312062875646
48,75,2024-03-02,126.08576533050925,97.3911419351126
48,75,2024-03-09,108.72296949205732,83.14910104268714
48,75,2024-03-16,91.296740196651,70.98446263389417
48,75,2024-03-23,75.14495456540051,61.093765583461625
48,75,2024-03-30,63.88040641738618,53.537270418378554
48,75,2024-04-06,54.01732624806553,47.28404603218698
48,75,2024-04-13,46.4719720616453,42.70214487184007
48,75,2024-04-20,40.83168154598081,39.549815248391155
47,5,2023-11-04,71.23704776758098,66.54914090456258
47,5,2023-11-11,68.62534088282577,67.50667746519534
47,5,2023-11-18,57.81328620474178,67.83159739548073
47,5,2023-11-25,54.82183774727227,67.39723880873473
47,5,2023-12-02,54.252409276024686,66.07021995854967
47,5,2023-12-09,53.552669237912674,63.720702570272515
47,5,2023-12-16,52.663455340349046,60.65585171905565
47,5,2023-12-23,49.888210408033316,56.9639496023501
47,5,2023-12-30,48.80275821078172,53.632462031835026
47,5,2024-01-06,53.97483580230152,50.399801738619715
47,5,2024-01-13,50.36022586151929,47.62555983482408
47,5,2024-01-20,44.784366820792464,45.92482677714956
47,5,2024-01-27,42.12211457653269,44.56972697261062
47,5,2024-02-03,38.83274525813475,43.95533947138613
47,5,2024-02-10,34.31796793266272,43.66316884917496
47,5,2024-02-17,31.70964240748237,43.56082877113699
47,5,2024-02-24,31.320501961115813,43.31530219311785
47,5,2024-03-02,31.68040929662868,42.14728484392467
47,5,2024-03-09,31.79047942117064,37.822935491265454
47,5,2024-03-16,29.149180645906487,34.423593713235924
47,5,2024-03-23,27.71414526595681,33.30442780531469
47,5,2024-03-30,27.092746278222762,30.457485563268015
47,5,2024-04-06,25.472667890995087,30.730827862800787
47,5,2024-04-13,28.432580952805708,25.73352920850402
47,5,2024-04-20,23.854043426916384,22.098405094172062
47,15,2023-11-04,76.75567573962991,66.54914090456258
47,15,2023-11-11,68.87781060600435,67.50667746519534
47,15,2023-11-18,59.749590049573015,67.83159739548073
47,15,2023-11-25,59.27697608516758,67.39723880873473
47,15,2023-12-02,59.11037468871564,66.07021995854967
47,15,2023-12-09,56.34870261375615,63.720702570272515
47,15,2023-12-16,53.94996365990454,60.65585171905565
47,15,2023-12-23,52.10667607018277,56.9639496023501
47,15,2023-12-30,49.88832349691663,53.632462031835026
47,15,2024-01-06,49.67580479411147,50.399801738619715
47,15,2024-01-13,46.30667111414828,47.62555983482408
47,15,2024-01-20,41.853744921848296,45.92482677714956
47,15,2024-01-27,39.6585960236291,44.56972697261062
47,15,2024-02-03,38.37269387591826,43.95533947138613
47,15,2024-02-10,35.18615354055487,43.66316884917496
47,15,2024-02-17,33.17191869681808,43.56082877113699
47,15,2024-02-24,33.05231325309319,43.31530219311785
47,15,2024-03-02,33.33113158302052,42.14728484392467
47,15,2024-03-09,32.49662197605444,37.822935491265454
47,15,2024-03-16,29.751580983518437,34.423593713235924
47,15,2024-03-23,28.030195690681687,33.30442780531469
47,15,2024-03-30,27.74290088768498,30.457485563268015
47,15,2024-04-06,25.98928410956997,30.730827862800787
47,15,2024-04-13,28.924012343033937,25.73352920850402
47,15,2024-04-20,24.006360641080697,22.098405094172062
47,25,2023-11-04,78.68272570316479,66.54914090456258
47,25,2023-11-11,69.68553199429435,67.50667746519534
47,25,2023-11-18,61.35016791120705,67.83159739548073
47,25,2023-11-25,60.68993313381252,67.39723880873473
47,25,2023-12-02,60.18608437404596,66.07021995854967
47,25,2023-12-09,58.89236443287759,63.720702570272515
47,25,2023-12-16,56.606712561085224,60.65585171905565
47,25,2023-12-23,53.749294520879005,56.9639496023501
47,25,2023-12-30,50.60322480280447,53.632462031835026
47,25,2024-01-06,49.95133925030473,50.399801738619715
47,25,2024-01-13,45.76734101166726,47.62555983482408
47,25,2024-01-20,42.29920567922526,45.92482677714956
47,25,2024-01-27,39.683720217093125,44.56972697261062
47,25,2024-02-03,38.51389770224635,43.95533947138613
47,25,2024-02-10,36.58571996369217,43.66316884917496
47,25,2024-02-17,34.622273322825016,43.56082877113699
47,25,2024-02-24,33.858722793068424,43.31530219311785
47,25,2024-03-02,33.624976040074245,42.14728484392467
47,25,2024-03-09,32.451379985355146,37.822935491265454
47,25,2024-03-16,29.39957638089729,34.423593713235924
47,25,2024-03-23,27.650215663241283,33.30442780531469
47,25,2024-03-30,27.720635751522238,30.457485563268015
47,25,2024-04-06,26.253911261381333,30.730827862800787
47,25,2024-04-13,29.4070981988499,25.73352920850402
47,25,2024-04-20,24.482543421958596,22.098405094172062
47,50,2023-11-04,71.28687685685172,66.54914090456258
47,50,2023-11-11,67.34387234804163,67.50667746519534
47,50,2023-11-18,61.8559222425685,67.83159739548073
47,50,2023-11-25,61.52837143354886,67.39723880873473
47,50,2023-12-02,61.044581326548204,66.07021995854967
47,50,2023-12-09,60.16148327883936,63.720702570272515
47,50,2023-12-16,58.08898954390355,60.65585171905565
47,50,2023-12-23,55.7767709951784,56.9639496023501
47,50,2023-12-30,52.737550528248505,53.632462031835026
47,50,2024-01-06,49.96269179747338,50.399801738619715
47,50,2024-01-13,45.85704208679791,47.62555983482408
47,50,2024-01-20,42.30881432492639,45.92482677714956
47,50,2024-01-27,40.075117521851254,44.56972697261062
47,50,2024-02-03,38.825345056016786,43.95533947138613
47,50,2024-02-10,38.265474301424554,43.66316884917496
47,50,2024-02-17,37.266148601547755,43.56082877113699
47,50,2024-02-24,36.872870521341106,43.31530219311785
47,50,2024-03-02,36.678203820281944,42.14728484392467
47,50,2024-03-09,35.91380826195161,37.822935491265454
47,50,2024-03-16,32.410390571352146,34.423593713235924
47,50,2024-03-23,29.903231045054945,33.30442780531469
47,50,2024-03-30,29.912021170104513,30.457485563268015
47,50,2024-04-06,28.10740413510743,30.730827862800787
47,50,2024-04-13,31.156839492196298,25.73352920850402
47,50,2024-04-20,26.12000656427626,22.098405094172062
47,75,2023-11-04,67.1458601101124,66.54914090456258
47,75,2023-11-11,66.18524263428947,67.50667746519534
47,75,2023-11-18,63.43580307269803,67.83159739548073
47,75,2023-11-25,64.47756997037116,67.39723880873473
47,75,2023-12-02,65.0585703250611,66.07021995854967
47,75,2023-12-09,64.58962123250747,63.720702570272515
47,75,2023-12-16,62.76517301576009,60.65585171905565
47,75,2023-12-23,60.03960205781638,56.9639496023501
47,75,2023-12-30,56.2832936185637,53.632462031835026
47,75,2024-01-06,52.4829643955875,50.399801738619715
47,75,2024-01-13,48.91647421788701,47.62555983482408
47,75,2024-01-20,45.91039283295811,45.92482677714956
47,75,2024-01-27,44.14172433165929,44.56972697261062
47,75,2024-02-03,42.88812988571265,43.95533947138613
47,75,2024-02-10,42.30443674005516,43.66316884917496
47,75,2024-02-17,42.22604348991081,43.56082877113699
47,75,2024-02-24,42.18220328645772,43.31530219311785
47,75,2024-03-02,42.60930776562073,42.14728484392467
47,75,2024-03-09,42.02483481582387,37.822935491265454
47,75,2024-03-16,37.90237274065834,34.423593713235924
47,75,2024-03-23,34.79022476648272,33.30442780531469
47,75,2024-03-30,34.58927523652447,30.457485563268015
47,75,2024-04-06,32.17680900297038,30.730827862800787
47,75,2024-04-13,35.3494199818949,25.73352920850402
47,75,2024-04-20,29.573444551921902,22.098405094172062
46,5,2023-11-04,13.3843603865132,17.765299913563688
46,5,2023-11-11,13.400013285203537,17.701703904621382
46,5,2023-11-18,13.242169100653054,17.493584164272857
46,5,2023-11-25,13.284103124591438,17.100481135633828
46,5,2023-12-02,13.513965833254268,16.626171349136147
46,5,2023-12-09,12.968229172627385,16.22091216936898
46,5,2023-12-16,12.227724348239798,15.792646821466244
46,5,2023-12-23,11.904585129324333,15.597624522092925
46,5,2023-12-30,12.044405487685845,15.829734146907633
46,5,2024-01-06,12.558935971374368,16.258610824449356
46,5,2024-01-13,13.156618477624914,16.59722468511498
46,5,2024-01-20,13.326741947951726,17.310790636121872
46,5,2024-01-27,13.559865221828993,18.112589366732244
46,5,2024-02-03,13.557639384007254,19.062954226608618
46,5,2024-02-10,14.384621554263521,20.201870620359966
46,5,2024-02-17,15.824583563587268,21.618917390378453
46,5,2024-02-24,17.316051413541928,23.029232780549467
46,5,2024-03-02,18.355357310126646,23.438927091258613
46,5,2024-03-09,18.829055161319097,23.20091422425655
46,5,2024-03-16,18.197606951549847,23.62624884395484
46,5,2024-03-23,19.383836550713994,22.742025062493585
46,5,2024-03-30,18.452498050697187,17.839931765902055
46,5,2024-04-06,12.098063929008205,16.455525642252947
46,5,2024-04-13,11.768185731699703,12.261285789842459
46,5,2024-04-20,3.851040951592022,14.240597647654642
46,15,2023-11-04,14.098972880612019,17.765299913563688
46,15,2023-11-11,13.708496006426065,17.701703904621382
46,15,2023-11-18,13.665938114644545,17.493584164272857
46,15,2023-11-25,13.969677248729953,17.100481135633828
46,15,2023-12-02,13.949993765177888,16.626171349136147
46,15,2023-12-09,13.360354041673366,16.22091216936898
46,15,2023-12-16,12.919709933882658,15.792646821466244
46,15,2023-12-23,12.750624085098144,15.597624522092925
46,15,2023-12-30,12.810157119041351,15.829734146907633
46,15,2024-01-06,13.038260402562786,16.258610824449356
46,15,2024-01-13,13.497517908661603,16.59722468511498
46,15,2024-01-20,13.864964926663516,17.310790636121872
46,15,2024-01-27,14.294918479583721,18.112589366732244
46,15,2024-02-03,14.39286771955004,19.062954226608618
46,15,2024-02-10,15.341752893160061,20.201870620359966
46,15,2024-02-17,16.935450695412733,21.618917390378453
46,15,2024-02-24,18.506176142465407,23.029232780549467
46,15,2024-03-02,19.712167819218585,23.438927091258613
46,15,2024-03-09,20.02580544672384,23.20091422425655
46,15,2024-03-16,20.094623264062292,23.62624884395484
46,15,2024-03-23,21.35025031317293,22.742025062493585
46,15,2024-03-30,21.184060781999417,17.839931765902055
46,15,2024-04-06,14.828175075412611,16.455525642252947
46,15,2024-04-13,14.028779224874242,12.261285789842459
46,15,2024-04-20,5.114223502887774,14.240597647654642
46,25,2023-11-04,14.086001621107489,17.765299913563688
46,25,2023-11-11,13.889904301844554,17.701703904621382
46,25,2023-11-18,14.13064533857633,17.493584164272857
46,25,2023-11-25,14.223023974249967,17.100481135633828
46,25,2023-12-02,14.212657211686665,16.626171349136147
46,25,2023-12-09,13.90561784612325,16.22091216936898
46,25,2023-12-16,13.43876147120071,15.792646821466244
46,25,2023-12-23,13.091196229420644,15.597624522092925
46,25,2023-12-30,12.950457104472644,15.829734146907633
46,25,2024-01-06,13.230423228017926,16.258610824449356
46,25,2024-01-13,13.652261277280136,16.59722468511498
46,25,2024-01-20,13.970511273478548,17.310790636121872
46,25,2024-01-27,14.62079230292385,18.112589366732244
46,25,2024-02-03,14.987975485715245,19.062954226608618
46,25,2024-02-10,15.90360585827561,20.201870620359966
46,25,2024-02-17,17.24868629429388,21.618917390378453
46,25,2024-02-24,18.843852603229408,23.029232780549467
46,25,2024-03-02,20.23975275645704,23.438927091258613
46,25,2024-03-09,20.993644074522386,23.20091422425655
46,25,2024-03-16,21.185345431267926,23.62624884395484
46,25,2024-03-23,22.524582684223027,22.742025062493585
46,25,2024-03-30,22.36777827469559,17.839931765902055
46,25,2024-04-06,16.027382011911644,16.455525642252947
46,25,2024-04-13,14.958559320483223,12.261285789842459
46,25,2024-04-20,5.668376629393458,14.240597647654642
46,50,2023-11-04,14.610187084285185,17.765299913563688
46,50,2023-11-11,14.73443557374861,17.701703904621382
46,50,2023-11-18,14.91912743881855,17.493584164272857
46,50,2023-11-25,14.919854263818593,17.100481135633828
46,50,2023-12-02,14.805096583590181,16.626171349136147
46,50,2023-12-09,14.667759508874738,16.22091216936898
46,50,2023-12-16,14.429982332862293,15.792646821466244
46,50,2023-12-23,14.038755598118867,15.597624522092925
46,50,2023-12-30,13.774980019260118,15.829734146907633
46,50,2024-01-06,13.90470061692659,16.258610824449356
46,50,2024-01-13,14.307506801140217,16.59722468511498
46,50,2024-01-20,14.681712652941965,17.310790636121872
46,50,2024-01-27,15.429665244128595,18.112589366732244
46,50,2024-02-03,16.10128486256828,19.062954226608618
46,50,2024-02-10,17.211345139475977,20.201870620359966
46,50,2024-02-17,18.684528784573153,21.618917390378453
46,50,2024-02-24,20.268720854083973,23.029232780549467
46,50,2024-03-02,22.002846106581483,23.438927091258613
46,50,2024-03-09,22.861278658818076,23.20091422425655
46,50,2024-03-16,23.058561926902545,23.62624884395484
46,50,2024-03-23,24.411366985230046,22.742025062493585
46,50,2024-03-30,24.219730191565848,17.839931765902055
46,50,2024-04-06,17.714240751468747,16.455525642252947
46,50,2024-04-13,16.42627554097102,12.261285789842459
46,50,2024-04-20,6.605276618620851,14.240597647654642
46,75,2023-11-04,16.04305103288966,17.765299913563688
46,75,2023-11-11,16.26750683854019,17.701703904621382
46,75,2023-11-18,16.27428727651133,17.493584164272857
46,75,2023-11-25,16.24289221683627,17.100481135633828
46,75,2023-12-02,16.033719710315594,16.626171349136147
46,75,2023-12-09,15.680641240005311,16.22091216936898
46,75,2023-12-16,15.394015476159131,15.792646821466244
46,75,2023-12-23,15.035690492966163,15.597624522092925
46,75,2023-12-30,14.803264328635654,15.829734146907633
46,75,2024-01-06,15.001079309905265,16.258610824449356
46,75,2024-01-13,15.41330877696874,16.59722468511498
46,75,2024-01-20,15.75977044315722,17.310790636121872
46,75,2024-01-27,16.539639250048094,18.112589366732244
46,75,2024-02-03,17.369760766202447,19.062954226608618
46,75,2024-02-10,18.550480716617443,20.201870620359966
46,75,2024-02-17,20.03321497580775,21.618917390378453
46,75,2024-02-24,21.837768269300145,23.029232780549467
46,75,2024-03-02,23.70659258477266,23.438927091258613
46,75,2024-03-09,24.491156726381792,23.20091422425655
46,75,2024-03-16,24.58485078477125,23.62624884395484
46,75,2024-03-23,25.850445644550952,22.742025062493585
46,75,2024-03-30,25.596120867724814,17.839931765902055
46,75,2024-04-06,18.966964190969787,16.455525642252947
46,75,2024-04-13,17.54606002027111,12.261285789842459
46,75,2024-04-20,7.4401033030361345,14.240597647654642
45,5,2023-11-04,51.09331320858398,50.720015440030565
45,5,2023-11-11,49.71822667105608,52.14746464855282
45,5,2023-11-18,46.5744759892729,53.4390853347557
45,5,2023-11-25,45.453608466551806,54.47800200897945
45,5,2023-12-02,45.91728825564711,55.14694932760131
45,5,2023-12-09,46.14262264302769,55.14624319301158
45,5,2023-12-16,45.93815242348786,54.534854150083525
45,5,2023-12-23,46.85399268439651,52.90974258173335
45,5,2023-12-30,47.48591333475939,48.78599396082152
45,5,2024-01-06,48.73323798995081,37.86187733370152
45,5,2024-01-13,39.97396464668239,31.461006562921437
45,5,2024-01-20,33.10021183637805,29.305375494223505
45,5,2024-01-27,25.390483169124057,27.93336574734858
45,5,2024-02-03,23.08847225434253,26.502828485215527
45,5,2024-02-10,22.65227180050699,25.168015836979194
45,5,2024-02-17,23.544276453141357,24.00541825186501
45,5,2024-02-24,24.279097166794834,22.621427025359196
45,5,2024-03-02,24.63957902410735,21.222917267228766
45,5,2024-03-09,25.109694600477244,19.593018600456446
45,5,2024-03-16,24.81806791179574,17.990827878871603
45,5,2024-03-23,23.101594791472326,16.887761437641675
45,5,2024-03-30,22.261477539845206,16.042651436172378
45,5,2024-04-06,23.34299997738272,15.09094049617508
45,5,2024-04-13,23.89643695249699,15.581398430446699
45,5,2024-04-20,33.17298139759606,10.994753875231368
45,15,2023-11-04,49.35563442012657,50.720015440030565
45,15,2023-11-11,48.34545359958744,52.14746464855282
45,15,2023-11-18,46.765424862091045,53.4390853347557
45,15,2023-11-25,46.645602341497714,54.47800200897945
45,15,2023-12-02,47.617435800601775,55.14694932760131
45,15,2023-12-09,47.480654392831354,55.14624319301158
45,15,2023-12-16,48.17298979897809,54.534854150083525
45,15,2023-12-23,48.77892263764788,52.90974258173335
45,15,2023-12-30,48.37940306422423,48.78599396082152
45,15,2024-01-06,45.705781717669616,37.86187733370152
45,15,2024-01-13,37.916158190775384,31.461006562921437
45,15,2024-01-20,33.25836418474732,29.305375494223505
45,15,2024-01-27,28.631462121483363,27.93336574734858
45,15,2024-02-03,24.234225639745816,26.502828485215527
45,15,2024-02-10,22.679542050913717,25.168015836979194
45,15,2024-02-17,21.985071778042883,24.00541825186501
45,15,2024-02-24,22.08701199726961,22.621427025359196
45,15,2024-03-02,21.965236490936157,21.222917267228766
45,15,2024-03-09,22.07734087109634,19.593018600456446
45,15,2024-03-16,21.47402215048633,17.990827878871603
45,15,2024-03-23,21.075618254394456,16.887761437641675
45,15,2024-03-30,21.451123243123902,16.042651436172378
45,15,2024-04-06,22.068178570027627,15.09094049617508
45,15,2024-04-13,22.727133400218705,15.581398430446699
45,15,2024-04-20,31.97362948895314,10.994753875231368
45,25,2023-11-04,48.35623915329594,50.720015440030565
45,25,2023-11-11,47.720452050478265,52.14746464855282
45,25,2023-11-18,47.98360895475911,53.4390853347557
45,25,2023-11-25,48.42702275323051,54.47800200897945
45,25,2023-12-02,49.43396837101092,55.14694932760131
45,25,2023-12-09,49.7830359786514,55.14624319301158
45,25,2023-12-16,50.851468329643126,54.534854150083525
45,25,2023-12-23,51.22936248875217,52.90974258173335
45,25,2023-12-30,50.487465148083274,48.78599396082152
45,25,2024-01-06,47.46818694071567,37.86187733370152
45,25,2024-01-13,38.670027250590266,31.461006562921437
45,25,2024-01-20,35.02125289176878,29.305375494223505
45,25,2024-01-27,30.791738741281605,27.93336574734858
45,25,2024-02-03,26.85585861336024,26.502828485215527
45,25,2024-02-10,24.731729376379118,25.168015836979194
45,25,2024-02-17,23.30978166234252,24.00541825186501
45,25,2024-02-24,22.251703920043077,22.621427025359196
45,25,2024-03-02,21.736053706734154,21.222917267228766
45,25,2024-03-09,21.29578964080864,19.593018600456446
45,25,2024-03-16,20.77874686647732,17.990827878871603
45,25,2024-03-23,19.99385743009208,16.887761437641675
45,25,2024-03-30,20.26133163054837,16.042651436172378
45,25,2024-04-06,20.958246765546217,15.09094049617508
45,25,2024-04-13,21.692236067134196,15.581398430446699
45,25,2024-04-20,30.00522133315209,10.994753875231368
45,50,2023-11-04,48.462201077206565,50.720015440030565
45,50,2023-11-11,49.352687348327585,52.14746464855282
45,50,2023-11-18,50.38521543248256,53.4390853347557
45,50,2023-11-25,51.945000059846286,54.47800200897945
45,50,2023-12-02,54.038723876720745,55.14694932760131
45,50,2023-12-09,55.27766053020618,55.14624319301158
45,50,2023-12-16,56.28829722811583,54.534854150083525
45,50,2023-12-23,56.252360970412646,52.90974258173335
45,50,2023-12-30,54.93108717269429,48.78599396082152
45,50,2024-01-06,49.99272546588298,37.86187733370152
45,50,2024-01-13,39.111367192939085,31.461006562921437
45,50,2024-01-20,34.62069307340493,29.305375494223505
45,50,2024-01-27,32.38763792845621,27.93336574734858
45,50,2024-02-03,29.38735258287664,26.502828485215527
45,50,2024-02-10,27.597276862882925,25.168015836979194
45,50,2024-02-17,25.80950379066751,24.00541825186501
45,50,2024-02-24,24.108230972816294,22.621427025359196
45,50,2024-03-02,22.17303569275996,21.222917267228766
45,50,2024-03-09,20.802056473081684,19.593018600456446
45,50,2024-03-16,19.519525585528122,17.990827878871603
45,50,2024-03-23,18.307597392687505,16.887761437641675
45,50,2024-03-30,17.88185626151747,16.042651436172378
45,50,2024-04-06,18.036258069762074,15.09094049617508
45,50,2024-04-13,18.41746639225442,15.581398430446699
45,50,2024-04-20,24.781044740104686,10.994753875231368
45,75,2023-11-04,49.89799946957018,50.720015440030565
45,75,2023-11-11,51.34371119781682,52.14746464855282
45,75,2023-11-18,53.03435744419688,53.4390853347557
45,75,2023-11-25,55.36011528190281,54.47800200897945
45,75,2023-12-02,57.50150581138545,55.14694932760131
45,75,2023-12-09,58.78890001703759,55.14624319301158
45,75,2023-12-16,59.524815401914445,54.534854150083525
45,75,2023-12-23,59.19239676601675,52.90974258173335
45,75,2023-12-30,57.6571897068901,48.78599396082152
45,75,2024-01-06,52.23137784081399,37.86187733370152
45,75,2024-01-13,39.758223325890455,31.461006562921437
45,75,2024-01-20,33.33434658145204,29.305375494223505
45,75,2024-01-27,31.508943835724434,27.93336574734858
45,75,2024-02-03,30.43124648632765,26.502828485215527
45,75,2024-02-10,28.748635651178464,25.168015836979194
45,75,2024-02-17,26.880061210847764,24.00541825186501
45,75,2024-02-24,25.130382796885197,22.621427025359196
45,75,2024-03-02,23.650789636615094,21.222917267228766
45,75,2024-03-09,22.293850164475547,19.593018600456446
45,75,2024-03-16,20.903483731655168,17.990827878871603
45,75,2024-03-23,19.551709123283594,16.887761437641675
45,75,2024-03-30,18.77163212987394,16.042651436172378
45,75,2024-04-06,18.551280016037477,15.09094049617508
45,75,2024-04-13,18.543977588196963,15.581398430446699
45,75,2024-04-20,24.262379681839697,10.994753875231368
44,5,2023-11-04,10.927433146785914,15.255383272753594
44,5,2023-11-11,10.533698719036947,14.716404563930295
44,5,2023-11-18,10.693230175277805,14.012750033319216
44,5,2023-11-25,9.789926318524449,13.115792311728228
44,5,2023-12-02,9.095795769264303,12.23996123901681
44,5,2023-12-09,8.571567023663047,11.42587161944978
44,5,2023-12-16,8.099270717253685,10.690713834330985
44,5,2023-12-23,7.776144033065751,10.387784324248008
44,5,2023-12-30,7.45648892219685,10.219764719758855
44,5,2024-01-06,7.348127356869836,10.30169124527348
44,5,2024-01-13,7.567892941784055,10.21648838073271
44,5,2024-01-20,7.377339947026089,10.384810783291282
44,5,2024-01-27,7.228977460016802,10.373067734230805
44,5,2024-02-03,7.19716925650123,10.53843690201265
44,5,2024-02-10,7.29402109825607,11.006464425089817
44,5,2024-02-17,7.851207952905075,11.28179673169128
44,5,2024-02-24,8.288485031319306,10.959358278160684
44,5,2024-03-02,7.942303206826457,10.066229364543089
44,5,2024-03-09,7.36713068395715,9.518287559441916
44,5,2024-03-16,7.0241991626282285,8.965394557902693
44,5,2024-03-23,6.126117942308098,8.306737531976136
44,5,2024-03-30,5.604213433025189,8.399349679161425
44,5,2024-04-06,5.927009605686506,8.391490029311734
44,5,2024-04-13,6.470488681493959,7.565132713412678
44,5,2024-04-20,6.29677437791974,6.3848387021274995
44,15,2023-11-04,12.060493742621906,15.255383272753594
44,15,2023-11-11,11.56378338846204,14.716404563930295
44,15,2023-11-18,11.182410891631351,14.012750033319216
44,15,2023-11-25,10.395226377170873,13.115792311728228
44,15,2023-12-02,9.819393630054199,12.23996123901681
44,15,2023-12-09,9.18190782776776,11.42587161944978
44,15,2023-12-16,8.589143472298753,10.690713834330985
44,15,2023-12-23,7.7093534264940695,10.387784324248008
44,15,2023-12-30,7.359530960923299,10.219764719758855
44,15,2024-01-06,7.111749468478592,10.30169124527348
44,15,2024-01-13,7.328419614462382,10.21648838073271
44,15,2024-01-20,7.3467587183180685,10.384810783291282
44,15,2024-01-27,7.484087522205479,10.373067734230805
44,15,2024-02-03,7.325367079951477,10.53843690201265
44,15,2024-02-10,7.444673046832957,11.006464425089817
44,15,2024-02-17,7.849094139710418,11.28179673169128
44,15,2024-02-24,8.157995621257196,10.959358278160684
44,15,2024-03-02,7.90437768864105,10.066229364543089
44,15,2024-03-09,7.043295264134154,9.518287559441916
44,15,2024-03-16,6.704000801610377,8.965394557902693
44,15,2024-03-23,6.40272751119894,8.306737531976136
44,15,2024-03-30,5.999692977977287,8.399349679161425
44,15,2024-04-06,6.475778196348247,8.391490029311734
44,15,2024-04-13,6.914939143977055,7.565132713412678
44,15,2024-04-20,6.6166996315502935,6.3848387021274995
44,25,2023-11-04,12.321390607326089,15.255383272753594
44,25,2023-11-11,11.882245310075973,14.716404563930295
44,25,2023-11-18,11.617770250394413,14.012750033319216
44,25,2023-11-25,10.819917721557568,13.115792311728228
44,25,2023-12-02,10.183201755170305,12.23996123901681
44,25,2023-12-09,9.527521084852113,11.42587161944978
44,25,2023-12-16,8.894598676905797,10.690713834330985
44,25,2023-12-23,7.891300467246787,10.387784324248008
44,25,2023-12-30,7.539210838687213,10.219764719758855
44,25,2024-01-06,7.233762742246548,10.30169124527348
44,25,2024-01-13,7.292515777873087,10.21648838073271
44,25,2024-01-20,7.300274047377958,10.384810783291282
44,25,2024-01-27,7.447585520711259,10.373067734230805
44,25,2024-02-03,7.399470289434821,10.53843690201265
44,25,2024-02-10,7.512229056825436,11.006464425089817
44,25,2024-02-17,8.064646785116109,11.28179673169128
44,25,2024-02-24,8.410728894500018,10.959358278160684
44,25,2024-03-02,8.161508062724494,10.066229364543089
44,25,2024-03-09,7.4589183381763124,9.518287559441916
44,25,2024-03-16,7.163574466696893,8.965394557902693
44,25,2024-03-23,6.822070212798563,8.306737531976136
44,25,2024-03-30,6.2666084291335995,8.399349679161425
44,25,2024-04-06,6.797751603906765,8.391490029311734
44,25,2024-04-13,7.479712779138874,7.565132713412678
44,25,2024-04-20,7.180372518142223,6.3848387021274995
44,50,2023-11-04,13.147382091733023,15.255383272753594
44,50,2023-11-11,12.678250723734882,14.716404563930295
44,50,2023-11-18,12.261768546280221,14.012750033319216
44,50,2023-11-25,11.692102673169186,13.115792311728228
44,50,2023-12-02,11.030965057790306,12.23996123901681
44,50,2023-12-09,10.368386763010536,11.42587161944978
44,50,2023-12-16,9.727029945315124,10.690713834330985
44,50,2023-12-23,9.000422553827214,10.387784324248008
44,50,2023-12-30,8.686545604578578,10.219764719758855
44,50,2024-01-06,8.221476222906485,10.30169124527348
44,50,2024-01-13,8.171709767963781,10.21648838073271
44,50,2024-01-20,8.05082383239471,10.384810783291282
44,50,2024-01-27,8.168026419290847,10.373067734230805
44,50,2024-02-03,8.232819187026955,10.53843690201265
44,50,2024-02-10,8.490921935337084,11.006464425089817
44,50,2024-02-17,9.03316418265456,11.28179673169128
44,50,2024-02-24,9.48217644336125,10.959358278160684
44,50,2024-03-02,9.319952139791681,10.066229364543089
44,50,2024-03-09,8.569166158165654,9.518287559441916
44,50,2024-03-16,8.199688476157457,8.965394557902693
44,50,2024-03-23,7.853395589531769,8.306737531976136
44,50,2024-03-30,7.355686213695321,8.399349679161425
44,50,2024-04-06,7.9099701510277525,8.391490029311734
44,50,2024-04-13,8.628198744505095,7.565132713412678
44,50,2024-04-20,8.283436964792791,6.3848387021274995
44,75,2023-11-04,14.332412991514637,15.255383272753594
44,75,2023-11-11,14.067981696279299,14.716404563930295
44,75,2023-11-18,13.681620767393884,14.012750033319216
44,75,2023-11-25,13.17704690306699,13.115792311728228
44,75,2023-12-02,12.48108660940036,12.23996123901681
44,75,2023-12-09,11.751860791424843,11.42587161944978
44,75,2023-12-16,11.001259994959696,10.690713834330985
44,75,2023-12-23,10.291404552601481,10.387784324248008
44,75,2023-12-30,9.964453318339153,10.219764719758855
44,75,2024-01-06,9.676342646895797,10.30169124527348
44,75,2024-01-13,9.683125478141513,10.21648838073271
44,75,2024-01-20,9.609587118232005,10.384810783291282
44,75,2024-01-27,9.767372129551877,10.373067734230805
44,75,2024-02-03,9.83386954170418,10.53843690201265
44,75,2024-02-10,10.168634004066364,11.006464425089817
44,75,2024-02-17,10.875836531381152,11.28179673169128
44,75,2024-02-24,11.36307540830752,10.959358278160684
44,75,2024-03-02,11.127882889962248,10.066229364543089
44,75,2024-03-09,10.207820840828047,9.518287559441916
44,75,2024-03-16,9.682692766165575,8.965394557902693
44,75,2024-03-23,9.185477258316851,8.306737531976136
44,75,2024-03-30,8.514828621673473,8.399349679161425
44,75,2024-04-06,9.012593703138336,8.391490029311734
44,75,2024-04-13,9.680285128474065,7.565132713412678
44,75,2024-04-20,9.332796485937886,6.3848387021274995
56,5,2023-11-04,10.134034581881899,11.772047306381571
56,5,2023-11-11,11.998225006784608,11.852884139245255
56,5,2023-11-18,10.13167304565546,11.938036701547153
56,5,2023-11-25,10.210667285628334,12.017503651557163
56,5,2023-12-02,10.251920478050312,12.125961009929282
56,5,2023-12-09,9.895427591644765,12.263552541226876
56,5,2023-12-16,9.829321919784332,12.25760030764923
56,5,2023-12-23,9.951956692280104,12.224684493806555
56,5,2023-12-30,10.062230700986973,12.501745346463885
56,5,2024-01-06,9.838968743058025,11.2965946943012
56,5,2024-01-13,9.133532912393912,9.389062702751417
56,5,2024-01-20,7.341202815888505,8.42800478245824
56,5,2024-01-27,7.139426528363686,8.476859363867721
56,5,2024-02-03,6.676503979397566,7.90446456197885
56,5,2024-02-10,5.667085565363679,7.198538437623177
56,5,2024-02-17,5.341555816492187,6.61775524528612
56,5,2024-02-24,4.899120440254983,5.296781966671893
56,5,2024-03-02,4.24394582307437,4.5979121368048235
56,5,2024-03-09,3.85231967331708,3.7954592253277712
56,5,2024-03-16,3.1564082308756123,3.394322508067219
56,5,2024-03-23,2.9931972772213826,3.1319615899273567
56,5,2024-03-30,2.9267574747171574,3.162951612956544
56,5,2024-04-06,3.067073537091918,2.6323566114037584
56,5,2024-04-13,2.4673194138088075,2.32146327082093
56,5,2024-04-20,2.2800320863954138,1.8994035086636036
56,15,2023-11-04,9.657862795836836,11.772047306381571
56,15,2023-11-11,11.524960539975991,11.852884139245255
56,15,2023-11-18,10.338458275196617,11.938036701547153
56,15,2023-11-25,10.420613150843886,12.017503651557163
56,15,2023-12-02,9.93192552116984,12.125961009929282
56,15,2023-12-09,9.975325155353907,12.263552541226876
56,15,2023-12-16,10.094237438678585,12.25760030764923
56,15,2023-12-23,10.153270750981765,12.224684493806555
56,15,2023-12-30,10.379008176308579,12.501745346463885
56,15,2024-01-06,10.377491249930408,11.2965946943012
56,15,2024-01-13,9.526401406100852,9.389062702751417
56,15,2024-01-20,8.022516123217951,8.42800478245824
56,15,2024-01-27,7.376805469542022,8.476859363867721
56,15,2024-02-03,6.773723193900914,7.90446456197885
56,15,2024-02-10,6.2926800201788184,7.198538437623177
56,15,2024-02-17,5.937421351896912,6.61775524528612
56,15,2024-02-24,5.51161819681831,5.296781966671893
56,15,2024-03-02,4.660778579540427,4.5979121368048235
56,15,2024-03-09,4.1406333036176415,3.7954592253277712
56,15,2024-03-16,3.586264555946604,3.394322508067219
56,15,2024-03-23,3.2313720888187,3.1319615899273567
56,15,2024-03-30,3.0140659084756933,3.162951612956544
56,15,2024-04-06,3.1479094534158567,2.6323566114037584
56,15,2024-04-13,2.604487017445521,2.32146327082093
56,15,2024-04-20,2.476156570953422,1.8994035086636036
56,25,2023-11-04,9.807430839538895,11.772047306381571
56,25,2023-11-11,11.589978918725658,11.852884139245255
56,25,2023-11-18,10.7043208811004,11.938036701547153
56,25,2023-11-25,10.84425924642349,12.017503651557163
56,25,2023-12-02,10.273246767545876,12.125961009929282
56,25,2023-12-09,10.352293929726486,12.263552541226876
56,25,2023-12-16,10.496009642022628,12.25760030764923
56,25,2023-12-23,10.548305412163415,12.224684493806555
56,25,2023-12-30,10.73833253955119,12.501745346463885
56,25,2024-01-06,10.934113365170019,11.2965946943012
56,25,2024-01-13,9.923203048094837,9.389062702751417
56,25,2024-01-20,8.297869188599718,8.42800478245824
56,25,2024-01-27,7.556141304595434,8.476859363867721
56,25,2024-02-03,7.0880283110270375,7.90446456197885
56,25,2024-02-10,6.447847324130065,7.198538437623177
56,25,2024-02-17,6.0978262521815685,6.61775524528612
56,25,2024-02-24,5.793732480999481,5.296781966671893
56,25,2024-03-02,4.737071390528776,4.5979121368048235
56,25,2024-03-09,4.261874587315683,3.7954592253277712
56,25,2024-03-16,3.536892083347255,3.394322508067219
56,25,2024-03-23,3.2161252370706714,3.1319615899273567
56,25,2024-03-30,3.076006437413952,3.162951612956544
56,25,2024-04-06,3.316676158477376,2.6323566114037584
56,25,2024-04-13,2.813313601041547,2.32146327082093
56,25,2024-04-20,2.6621813060612016,1.8994035086636036
56,50,2023-11-04,10.173594494429574,11.772047306381571
56,50,2023-11-11,11.585977949841912,11.852884139245255
56,50,2023-11-18,11.145242590714147,11.938036701547153
56,50,2023-11-25,11.315517174334165,12.017503651557163
56,50,2023-12-02,11.328434489366057,12.125961009929282
56,50,2023-12-09,11.530681680755517,12.263552541226876
56,50,2023-12-16,11.631940925978384,12.25760030764923
56,50,2023-12-23,11.609015098618512,12.224684493806555
56,50,2023-12-30,11.65670712357146,12.501745346463885
56,50,2024-01-06,11.919856545131278,11.2965946943012
56,50,2024-01-13,10.574205835825234,9.389062702751417
56,50,2024-01-20,8.552168352605458,8.42800478245824
56,50,2024-01-27,7.68982085179691,8.476859363867721
56,50,2024-02-03,7.685545948570858,7.90446456197885
56,50,2024-02-10,7.25085918381155,7.198538437623177
56,50,2024-02-17,6.684566691292728,6.61775524528612
56,50,2024-02-24,6.329306220577611,5.296781966671893
56,50,2024-03-02,5.068781782240615,4.5979121368048235
56,50,2024-03-09,4.511627861113198,3.7954592253277712
56,50,2024-03-16,3.845833318312508,3.394322508067219
56,50,2024-03-23,3.5875559544891225,3.1319615899273567
56,50,2024-03-30,3.4950568732529472,3.162951612956544
56,50,2024-04-06,3.6375843907125844,2.6323566114037584
56,50,2024-04-13,3.1223269669351508,2.32146327082093
56,50,2024-04-20,2.9791884601644756,1.8994035086636036
56,75,2023-11-04,11.236119649127788,11.772047306381571
56,75,2023-11-11,11.776046219828984,11.852884139245255
56,75,2023-11-18,12.032879371710157,11.938036701547153
56,75,2023-11-25,12.32345795317014,12.017503651557163
56,75,2023-12-02,12.509725141608994,12.125961009929282
56,75,2023-12-09,12.728766760830158,12.263552541226876
56,75,2023-12-16,12.886349367245009,12.25760030764923
56,75,2023-12-23,12.911919142379437,12.224684493806555
56,75,2023-12-30,12.945219688883647,12.501745346463885
56,75,2024-01-06,13.305800584832113,11.2965946943012
56,75,2024-01-13,11.898214824380688,9.389062702751417
56,75,2024-01-20,9.758614559613259,8.42800478245824
56,75,2024-01-27,8.715736374239313,8.476859363867721
56,75,2024-02-03,8.876160959180405,7.90446456197885
56,75,2024-02-10,8.37736776401059,7.198538437623177
56,75,2024-02-17,7.724371214370789,6.61775524528612
56,75,2024-02-24,7.222547562597261,5.296781966671893
56,75,2024-03-02,5.799843777652704,4.5979121368048235
56,75,2024-03-09,5.109747582782336,3.7954592253277712
56,75,2024-03-16,4.255927124346868,3.394322508067219
56,75,2024-03-23,3.8785542924287064,3.1319615899273567
56,75,2024-03-30,3.6679199508133857,3.162951612956544
56,75,2024-04-06,3.864070806868627,2.6323566114037584
56,75,2024-04-13,3.252887856444875,2.32146327082093
56,75,2024-04-20,3.0869485303054116,1.8994035086636036
72,5,2023-11-04,99.89997097826087,76.4743190468229
72,5,2023-11-11,103.67962089221015,76.50224918260886
72,5,2023-11-18,68.6616095463138,76.20418461050741
72,5,2023-11-25,47.316009132905144,74.65238910207958
72,5,2023-12-02,35.53627878623188,72.72632191699624
72,5,2023-12-09,30.470289048913042,69.3500569979298
72,5,2023-12-16,26.628318978832954,64.21857903260887
72,5,2023-12-23,22.552557835144928,58.411097391304544
72,5,2023-12-30,23.49192057225064,52.55450067632869
72,5,2024-01-06,25.829960737092392,47.33475874680325
72,5,2024-01-13,26.973022431159414,42.350509048913224
72,5,2024-01-20,28.61800336180124,38.67723433333349
72,5,2024-01-27,30.16224678093645,35.47916321428586
72,5,2024-02-03,32.288326059782605,33.22465941471587
72,5,2024-02-10,34.630508616600785,30.976555054347994
72,5,2024-02-17,36.44269942391304,30.37382636363653
72,5,2024-02-24,39.23451958937198,29.829072782608876
72,5,2024-03-02,38.27027394474638,29.56162355072483
72,5,2024-03-09,21.898057580227743,29.167122364130627
72,5,2024-03-16,15.080335872584543,28.696420776397726
72,5,2024-03-23,9.931078471014493,28.183411956521955
72,5,2024-03-30,11.587369338768116,28.016231304348054
72,5,2024-04-06,13.996048158212561,28.210236413043702
72,5,2024-04-13,18.854374773550724,28.294904637681384
72,5,2024-04-20,18.883163043478262,27.619834239130654
72,15,2023-11-04,80.63539942608696,76.4743190468229
72,15,2023-11-11,65.1511036231884,76.50224918260886
72,15,2023-11-18,49.88865333648392,76.20418461050741
72,15,2023-11-25,39.99460726284585,74.65238910207958
72,15,2023-12-02,31.19470880952381,72.72632191699624
72,15,2023-12-09,26.024990760869564,69.3500569979298
72,15,2023-12-16,21.31890757437071,64.21857903260887
72,15,2023-12-23,18.892738478260874,58.411097391304544
72,15,2023-12-30,18.695441611253198,52.55450067632869
72,15,2024-01-06,19.45631601902174,47.33475874680325
72,15,2024-01-13,20.32213889855073,42.350509048913224
72,15,2024-01-20,19.251156640786746,38.67723433333349
72,15,2024-01-27,21.092288355629876,35.47916321428586
72,15,2024-02-03,17.38583972826087,33.22465941471587
72,15,2024-02-10,18.421171620553356,30.976555054347994
72,15,2024-02-17,19.345755891304343,30.37382636363653
72,15,2024-02-24,16.067787657004832,29.829072782608876
72,15,2024-03-02,17.056219157608695,29.56162355072483
72,15,2024-03-09,14.712056708074536,29.167122364130627
72,15,2024-03-16,15.37960463768116,28.696420776397726
72,15,2024-03-23,16.306209260869565,28.183411956521955
72,15,2024-03-30,18.06882,28.016231304348054
72,15,2024-04-06,20.2963868115942,28.210236413043702
72,15,2024-04-13,22.50116239130435,28.294904637681384
72,15,2024-04-20,22.831047608695652,27.619834239130654
72,25,2023-11-04,65.3400736,76.4743190468229
72,25,2023-11-11,61.57540749094202,76.50224918260886
72,25,2023-11-18,49.83010481096408,76.20418461050741
72,25,2023-11-25,34.34382234189724,74.65238910207958
72,25,2023-12-02,28.428300672877846,72.72632191699624
72,25,2023-12-09,24.13130913043478,69.3500569979298
72,25,2023-12-16,19.68191707093821,64.21857903260887
72,25,2023-12-23,18.368127983091785,58.411097391304544
72,25,2023-12-30,17.787857595907926,52.55450067632869
72,25,2024-01-06,20.114697119565214,47.33475874680325
72,25,2024-01-13,21.160407637681157,42.350509048913224
72,25,2024-01-20,22.8410224068323,38.67723433333349
72,25,2024-01-27,24.17461946488294,35.47916321428586
72,25,2024-02-03,25.98709710144928,33.22465941471587
72,25,2024-02-10,27.46689077075099,30.976555054347994
72,25,2024-02-17,27.59584752173913,30.37382636363653
72,25,2024-02-24,29.23811289855072,29.829072782608876
72,25,2024-03-02,27.522324048913042,29.56162355072483
72,25,2024-03-09,27.643488229813663,29.167122364130627
72,25,2024-03-16,24.801943079710142,28.696420776397726
72,25,2024-03-23,26.533168869565213,28.183411956521955
72,25,2024-03-30,27.153453206521732,28.016231304348054
72,25,2024-04-06,25.874356739130434,28.210236413043702
72,25,2024-04-13,20.620631304347825,28.294904637681384
72,25,2024-04-20,20.869173913043475,27.619834239130654
72,50,2023-11-04,49.44426205217392,76.4743190468229
72,50,2023-11-11,48.636134447463775,76.50224918260886
72,50,2023-11-18,45.215812882797735,76.20418461050741
72,50,2023-11-25,41.99391428853755,74.65238910207958
72,50,2023-12-02,34.608958240165634,72.72632191699624
72,50,2023-12-09,31.00165322826087,69.3500569979298
72,50,2023-12-16,28.63631279176202,64.21857903260887
72,50,2023-12-23,27.385087729468605,58.411097391304544
72,50,2023-12-30,26.26985094629157,52.55450067632869
72,50,2024-01-06,26.55147085597826,47.33475874680325
72,50,2024-01-13,26.99527768115942,42.350509048913224
72,50,2024-01-20,28.004361506211186,38.67723433333349
72,50,2024-01-27,28.60389867892977,35.47916321428586
72,50,2024-02-03,29.108163641304355,33.22465941471587
72,50,2024-02-10,30.140080237154162,30.976555054347994
72,50,2024-02-17,29.95134013043479,30.37382636363653
72,50,2024-02-24,31.41485164251209,29.829072782608876
72,50,2024-03-02,32.400986684782616,29.56162355072483
72,50,2024-03-09,31.44180729813666,29.167122364130627
72,50,2024-03-16,29.534141521739148,28.696420776397726
72,50,2024-03-23,28.638834739130466,28.183411956521955
72,50,2024-03-30,29.233899130434814,28.016231304348054
72,50,2024-04-06,29.27429210144928,28.210236413043702
72,50,2024-04-13,25.58656630434784,28.294904637681384
72,50,2024-04-20,25.800338260869584,27.619834239130654
72,75,2023-11-04,56.98720690434783,76.4743190468229
72,75,2023-11-11,54.022445615942026,76.50224918260886
72,75,2023-11-18,52.27816951795841,76.20418461050741
72,75,2023-11-25,52.37023093873517,74.65238910207958
72,75,2023-12-02,50.45531974120083,72.72632191699624
72,75,2023-12-09,48.51380292391304,69.3500569979298
72,75,2023-12-16,46.54603767734553,64.21857903260887
72,75,2023-12-23,43.27990241545892,58.411097391304544
72,75,2023-12-30,40.297516675191815,52.55450067632869
72,75,2024-01-06,37.59592244565217,47.33475874680325
72,75,2024-01-13,35.421839086956524,42.350509048913224
72,75,2024-01-20,33.257774099378885,38.67723433333349
72,75,2024-01-27,32.02360130434783,35.47916321428586
72,75,2024-02-03,29.54557867753623,33.22465941471587
72,75,2024-02-10,28.949933083003952,30.976555054347994
72,75,2024-02-17,26.947943413043483,30.37382636363653
72,75,2024-02-24,27.550561666666667,29.829072782608876
72,75,2024-03-02,28.039388940217393,29.56162355072483
72,75,2024-03-09,27.642885341614903,29.167122364130627
72,75,2024-03-16,27.785929673913035,28.696420776397726
72,75,2024-03-23,27.704336652173897,28.183411956521955
72,75,2024-03-30,27.48952206521738,28.016231304348054
72,75,2024-04-06,27.582047971014475,28.210236413043702
72,75,2024-04-13,28.568091630434758,28.294904637681384
72,75,2024-04-20,28.912206304347798,27.619834239130654
38,5,2023-11-04,7.939124625030628,9.30525989430714
38,5,2023-11-11,7.8931127483870895,9.420510431466338
38,5,2023-11-18,8.090543890184726,9.529821809708258
38,5,2023-11-25,7.994885486176463,9.649572071843679
38,5,2023-12-02,8.504180913819047,9.680824208968138
38,5,2023-12-09,7.367658785496634,9.75771370119236
38,5,2023-12-16,7.058164027415529,9.774992047853756
38,5,2023-12-23,7.605233304367818,9.837754899585931
38,5,2023-12-30,7.630846615007596,9.994850573237587
38,5,2024-01-06,7.980011016698377,9.815805673643572
38,5,2024-01-13,7.92096887045069,9.508761781921617
38,5,2024-01-20,7.39788518317331,9.678371755413588
38,5,2024-01-27,6.952311312023029,9.587825790629868
38,5,2024-02-03,6.8988283871119895,9.143877317379658
38,5,2024-02-10,6.5327020300286,8.86491414270767
38,5,2024-02-17,6.511232370909409,8.79692511443803
38,5,2024-02-24,6.673834261592362,8.743654339770348
38,5,2024-03-02,6.948516485614075,8.798527920508517
38,5,2024-03-09,7.412084982541628,8.972579451499076
38,5,2024-03-16,8.090066371192846,9.224558531261764
38,5,2024-03-23,8.85954483584425,8.770996039178238
38,5,2024-03-30,8.761695816344055,8.980616046659197
38,5,2024-04-06,9.393804216411468,7.133269475746792
38,5,2024-04-13,6.668505054739964,6.532554998544138
38,5,2024-04-20,6.5077875179073885,5.573811703272546
38,15,2023-11-04,7.2202232285239525,9.30525989430714
38,15,2023-11-11,7.382432507201837,9.420510431466338
38,15,2023-11-18,7.584140882582843,9.529821809708258
38,15,2023-11-25,7.650188426097315,9.649572071843679
38,15,2023-12-02,8.215591125681035,9.680824208968138
38,15,2023-12-09,7.672921436359966,9.75771370119236
38,15,2023-12-16,7.22935473462151,9.774992047853756
38,15,2023-12-23,7.59410283246798,9.837754899585931
38,15,2023-12-30,7.5745344944800665,9.994850573237587
38,15,2024-01-06,7.820424213409829,9.815805673643572
38,15,2024-01-13,7.501415207425058,9.508761781921617
38,15,2024-01-20,7.115501249316787,9.678371755413588
38,15,2024-01-27,7.038072552222014,9.587825790629868
38,15,2024-02-03,7.002580237736216,9.143877317379658
38,15,2024-02-10,6.605030746104166,8.86491414270767
38,15,2024-02-17,6.481881373741906,8.79692511443803
38,15,2024-02-24,6.589393765057539,8.743654339770348
38,15,2024-03-02,6.779605193395596,8.798527920508517
38,15,2024-03-09,7.125394335562348,8.972579451499076
38,15,2024-03-16,7.670890632259411,9.224558531261764
38,15,2024-03-23,8.321752338787316,8.770996039178238
38,15,2024-03-30,8.1421443335449,8.980616046659197
38,15,2024-04-06,8.910297390798496,7.133269475746792
38,15,2024-04-13,6.430467216374869,6.532554998544138
38,15,2024-04-20,6.28197890905139,5.573811703272546
38,25,2023-11-04,7.031239469220197,9.30525989430714
38,25,2023-11-11,7.228597970775219,9.420510431466338
38,25,2023-11-18,7.309233783401851,9.529821809708258
38,25,2023-11-25,7.550557165016869,9.649572071843679
38,25,2023-12-02,7.854095378895876,9.680824208968138
38,25,2023-12-09,7.772483736747392,9.75771370119236
38,25,2023-12-16,7.673762010630497,9.774992047853756
38,25,2023-12-23,7.962619742744568,9.837754899585931
38,25,2023-12-30,7.868843653736413,9.994850573237587
38,25,2024-01-06,8.022934486687582,9.815805673643572
38,25,2024-01-13,7.516624350740679,9.508761781921617
38,25,2024-01-20,7.143441719759363,9.678371755413588
38,25,2024-01-27,7.209661342208392,9.587825790629868
38,25,2024-02-03,7.2421078669973395,9.143877317379658
38,25,2024-02-10,6.870865078405516,8.86491414270767
38,25,2024-02-17,6.644526294729228,8.79692511443803
38,25,2024-02-24,6.6336165152084545,8.743654339770348
38,25,2024-03-02,6.72883549006007,8.798527920508517
38,25,2024-03-09,7.003489291354839,8.972579451499076
38,25,2024-03-16,7.4167676143115955,9.224558531261764
38,25,2024-03-23,8.022248527588278,8.770996039178238
38,25,2024-03-30,7.853180064364016,8.980616046659197
38,25,2024-04-06,8.586923072048485,7.133269475746792
38,25,2024-04-13,6.250526852213262,6.532554998544138
38,25,2024-04-20,6.06250320375868,5.573811703272546
38,50,2023-11-04,7.314270075826929,9.30525989430714
38,50,2023-11-11,7.475762387183718,9.420510431466338
38,50,2023-11-18,7.679614662569306,9.529821809708258
38,50,2023-11-25,7.8664202704737285,9.649572071843679
38,50,2023-12-02,8.130909304241248,9.680824208968138
38,50,2023-12-09,8.241394794582211,9.75771370119236
38,50,2023-12-16,8.372625783766376,9.774992047853756
38,50,2023-12-23,8.558285931426749,9.837754899585931
38,50,2023-12-30,8.706977099157015,9.994850573237587
38,50,2024-01-06,8.772359196089518,9.815805673643572
38,50,2024-01-13,8.227684797172058,9.508761781921617
38,50,2024-01-20,7.756146972928102,9.678371755413588
38,50,2024-01-27,7.937642665152309,9.587825790629868
38,50,2024-02-03,7.874463516044195,9.143877317379658
38,50,2024-02-10,7.441190498829067,8.86491414270767
38,50,2024-02-17,7.196411857995626,8.79692511443803
38,50,2024-02-24,7.216398297485879,8.743654339770348
38,50,2024-03-02,7.302146165951173,8.798527920508517
38,50,2024-03-09,7.540200383731643,8.972579451499076
38,50,2024-03-16,7.951636691831381,9.224558531261764
38,50,2024-03-23,8.510936920204298,8.770996039178238
38,50,2024-03-30,8.329018378559523,8.980616046659197
38,50,2024-04-06,9.10323527533197,7.133269475746792
38,50,2024-04-13,6.810071605020442,6.532554998544138
38,50,2024-04-20,6.666586859877119,5.573811703272546
38,75,2023-11-04,8.140562973301927,9.30525989430714
38,75,2023-11-11,8.369485615330952,9.420510431466338
38,75,2023-11-18,8.561214527267621,9.529821809708258
38,75,2023-11-25,8.734135549821517,9.649572071843679
38,75,2023-12-02,8.94164190567756,9.680824208968138
38,75,2023-12-09,9.020358247211922,9.75771370119236
38,75,2023-12-16,9.109869602966404,9.774992047853756
38,75,2023-12-23,9.241447773058447,9.837754899585931
38,75,2023-12-30,9.333793150647312,9.994850573237587
38,75,2024-01-06,9.497235990082675,9.815805673643572
38,75,2024-01-13,9.208315444255922,9.508761781921617
38,75,2024-01-20,8.810732772091372,9.678371755413588
38,75,2024-01-27,9.033405138721765,9.587825790629868
38,75,2024-02-03,8.97560545938792,9.143877317379658
38,75,2024-02-10,8.55403793043762,8.86491414270767
38,75,2024-02-17,8.322262913775745,8.79692511443803
38,75,2024-02-24,8.360497962616265,8.743654339770348
38,75,2024-03-02,8.434751947166566,8.798527920508517
38,75,2024-03-09,8.638160627363963,8.972579451499076
38,75,2024-03-16,9.041856507482917,9.224558531261764
38,75,2024-03-23,9.608669846627516,8.770996039178238
38,75,2024-03-30,9.335636456120277,8.980616046659197
38,75,2024-04-06,10.181004282487017,7.133269475746792
38,75,2024-04-13,7.785238298633702,6.532554998544138
38,75,2024-04-20,7.623726248512642,5.573811703272546
31,5,2023-11-04,21.39544705986477,29.987755087133817
31,5,2023-11-11,19.530403321046588,30.368226507678948
31,5,2023-11-18,18.950504598485097,30.4711258115115
31,5,2023-11-25,18.60825216452802,30.20293916757862
31,5,2023-12-02,18.824938088600682,29.686103192373693
31,5,2023-12-09,18.906523949034444,28.79674650941089
31,5,2023-12-16,19.08339486284485,27.6303909614188
31,5,2023-12-23,18.837286169185727,26.295030084523656
31,5,2023-12-30,19.29974720005981,25.87333123143425
31,5,2024-01-06,22.852262222737487,25.563973885971258
31,5,2024-01-13,22.426749871421364,25.47668132424518
31,5,2024-01-20,20.930105447981365,25.68508681114436
31,5,2024-01-27,18.963684010756598,25.855646523549492
31,5,2024-02-03,17.811051558125097,26.601030926818744
31,5,2024-02-10,17.625509063788893,27.68062028173128
31,5,2024-02-17,18.50351440498715,28.966260242566804
31,5,2024-02-24,19.850594837338214,30.473282450924568
31,5,2024-03-02,21.157939441116213,30.60541842190835
31,5,2024-03-09,20.204714922729192,29.202466363527087
31,5,2024-03-16,19.02649741085084,26.92122397442333
31,5,2024-03-23,17.29230702334668,25.61995656992882
31,5,2024-03-30,17.286887392211863,24.161129952701884
31,5,2024-04-06,17.55244603134643,23.031339583387997
31,5,2024-04-13,19.204260202233343,18.84097431427849
31,5,2024-04-20,17.635463099147035,12.997383759091763
31,15,2023-11-04,23.851364881671415,29.987755087133817
31,15,2023-11-11,21.763851993409492,30.368226507678948
31,15,2023-11-18,21.17463400129307,30.4711258115115
31,15,2023-11-25,20.956954882501737,30.20293916757862
31,15,2023-12-02,20.944679835271035,29.686103192373693
31,15,2023-12-09,21.12732586021533,28.79674650941089
31,15,2023-12-16,21.244555739374345,27.6303909614188
31,15,2023-12-23,21.224849273504677,26.295030084523656
31,15,2023-12-30,20.904980120560293,25.87333123143425
31,15,2024-01-06,22.64507580983193,25.563973885971258
31,15,2024-01-13,22.725398761738372,25.47668132424518
31,15,2024-01-20,21.92091985918796,25.68508681114436
31,15,2024-01-27,20.418887045054817,25.855646523549492
31,15,2024-02-03,18.868506140167547,26.601030926818744
31,15,2024-02-10,19.145280010085504,27.68062028173128
31,15,2024-02-17,19.910879934687205,28.966260242566804
31,15,2024-02-24,21.249504311704325,30.473282450924568
31,15,2024-03-02,22.857081819807647,30.60541842190835
31,15,2024-03-09,22.906130047348647,29.202466363527087
31,15,2024-03-16,21.993409004690452,26.92122397442333
31,15,2024-03-23,20.542440400861302,25.61995656992882
31,15,2024-03-30,20.626764139321818,24.161129952701884
31,15,2024-04-06,20.99236086286871,23.031339583387997
31,15,2024-04-13,22.476137389669073,18.84097431427849
31,15,2024-04-20,20.926745011644666,12.997383759091763
31,25,2023-11-04,24.97537656681823,29.987755087133817
31,25,2023-11-11,22.91786070912491,30.368226507678948
31,25,2023-11-18,22.397216948386085,30.4711258115115
31,25,2023-11-25,22.300662326998292,30.20293916757862
31,25,2023-12-02,22.68148487949602,29.686103192373693
31,25,2023-12-09,22.719575593558304,28.79674650941089
31,25,2023-12-16,22.737088924898714,27.6303909614188
31,25,2023-12-23,22.55051416813196,26.295030084523656
31,25,2023-12-30,22.21586456803922,25.87333123143425
31,25,2024-01-06,22.600161730795616,25.563973885971258
31,25,2024-01-13,22.51103656267905,25.47668132424518
31,25,2024-01-20,21.969137509219102,25.68508681114436
31,25,2024-01-27,20.914905689177335,25.855646523549492
31,25,2024-02-03,19.900475590329343,26.601030926818744
31,25,2024-02-10,20.120249455043655,27.68062028173128
31,25,2024-02-17,20.780981171600292,28.966260242566804
31,25,2024-02-24,22.27100138183986,30.473282450924568
31,25,2024-03-02,23.955323439601028,30.60541842190835
31,25,2024-03-09,24.23926362051094,29.202466363527087
31,25,2024-03-16,23.476825228527545,26.92122397442333
31,25,2024-03-23,22.049553410616777,25.61995656992882
31,25,2024-03-30,22.059748381748193,24.161129952701884
31,25,2024-04-06,22.39209703067983,23.031339583387997
31,25,2024-04-13,24.201262709633696,18.84097431427849
31,25,2024-04-20,22.481535923151117,12.997383759091763
31,50,2023-11-04,26.646840568404315,29.987755087133817
31,50,2023-11-11,25.1296493282757,30.368226507678948
31,50,2023-11-18,24.787408656007297,30.4711258115115
31,50,2023-11-25,25.185718039634036,30.20293916757862
31,50,2023-12-02,25.40319139732136,29.686103192373693
31,50,2023-12-09,25.58380483667872,28.79674650941089
31,50,2023-12-16,25.473627008355912,27.6303909614188
31,50,2023-12-23,25.08130856913187,26.295030084523656
31,50,2023-12-30,24.39921795653001,25.87333123143425
31,50,2024-01-06,24.136375875340477,25.563973885971258
31,50,2024-01-13,23.73102743891123,25.47668132424518
31,50,2024-01-20,23.355189051395296,25.68508681114436
31,50,2024-01-27,23.100734752785907,25.855646523549492
31,50,2024-02-03,22.790989810976225,26.601030926818744
31,50,2024-02-10,23.52180599614527,27.68062028173128
31,50,2024-02-17,24.713578424238925,28.966260242566804
31,50,2024-02-24,26.272573768920576,30.473282450924568
31,50,2024-03-02,28.23070172251815,30.60541842190835
31,50,2024-03-09,28.56329956828739,29.202466363527087
31,50,2024-03-16,27.7020314393565,26.92122397442333
31,50,2024-03-23,26.04460129254553,25.61995656992882
31,50,2024-03-30,25.861140278512426,24.161129952701884
31,50,2024-04-06,25.91795039363215,23.031339583387997
31,50,2024-04-13,27.443073676185804,18.84097431427849
31,50,2024-04-20,25.482621588813963,12.997383759091763
31,75,2023-11-04,28.03592465496664,29.987755087133817
31,75,2023-11-11,27.55637148208598,30.368226507678948
31,75,2023-11-18,28.07111419056338,30.4711258115115
31,75,2023-11-25,28.51719027160889,30.20293916757862
31,75,2023-12-02,28.72893235405615,29.686103192373693
31,75,2023-12-09,28.68252385312298,28.79674650941089
31,75,2023-12-16,28.263463571885154,27.6303909614188
31,75,2023-12-23,27.59905136802819,26.295030084523656
31,75,2023-12-30,26.685062572955964,25.87333123143425
31,75,2024-01-06,26.316278842016175,25.563973885971258
31,75,2024-01-13,25.917107285616556,25.47668132424518
31,75,2024-01-20,25.65082641115686,25.68508681114436
31,75,2024-01-27,25.706265582690037,25.855646523549492
31,75,2024-02-03,25.81484725904485,26.601030926818744
31,75,2024-02-10,26.810988505938372,27.68062028173128
31,75,2024-02-17,28.434655316307335,28.966260242566804
31,75,2024-02-24,30.332516722127107,30.473282450924568
31,75,2024-03-02,32.43688207011,30.60541842190835
31,75,2024-03-09,32.95220621076693,29.202466363527087
31,75,2024-03-16,31.717343096770822,26.92122397442333
31,75,2024-03-23,29.711352625773184,25.61995656992882
31,75,2024-03-30,29.255404008339127,24.161129952701884
31,75,2024-04-06,29.05024823918556,23.031339583387997
31,75,2024-04-13,30.623484204877347,18.84097431427849
31,75,2024-04-20,28.31950211628033,12.997383759091763
33,5,2023-11-04,12.110785291692014,16.851551872773236
33,5,2023-11-11,10.357429142963879,16.825215977343277
33,5,2023-11-18,9.772441153004122,16.545305163455904
33,5,2023-11-25,9.773119146660646,15.983064349084374
33,5,2023-12-02,9.674125521235668,15.11230307824217
33,5,2023-12-09,10.539811909737528,14.22057897696367
33,5,2023-12-16,12.05753254423214,13.374418081116673
33,5,2023-12-23,14.859285270511789,12.746931768978298
33,5,2023-12-30,15.548872904853189,12.349950106711692
33,5,2024-01-06,17.263415812242883,12.067224771502197
33,5,2024-01-13,16.360514730036474,11.871379727895143
33,5,2024-01-20,14.655418359393565,11.725839063454654
33,5,2024-01-27,12.186949637577557,11.652589793531032
33,5,2024-02-03,9.515217445347728,11.632703970922678
33,5,2024-02-10,8.691352102496667,11.486884978802737
33,5,2024-02-17,8.783428922872341,11.006976145304035
33,5,2024-02-24,8.692080741759142,10.480442519189378
33,5,2024-03-02,8.362942189250045,10.095324525690298
33,5,2024-03-09,8.009040024145289,9.286297079554615
33,5,2024-03-16,7.522621786081028,8.591537253333762
33,5,2024-03-23,7.316532514273187,7.152940338073339
33,5,2024-03-30,5.9755945492245175,6.306613222158557
33,5,2024-04-06,5.229654508249293,5.895328786366922
33,5,2024-04-13,4.806285499750619,5.277565576187492
33,5,2024-04-20,4.515501267979396,4.414333608194397
33,15,2023-11-04,11.045610552304119,16.851551872773236
33,15,2023-11-11,11.236093789909853,16.825215977343277
33,15,2023-11-18,10.966314120712935,16.545305163455904
33,15,2023-11-25,10.414412850396245,15.983064349084374
33,15,2023-12-02,10.193925407465667,15.11230307824217
33,15,2023-12-09,10.383039245040958,14.22057897696367
33,15,2023-12-16,11.069184844481187,13.374418081116673
33,15,2023-12-23,11.893893130926163,12.746931768978298
33,15,2023-12-30,12.24776643575985,12.349950106711692
33,15,2024-01-06,13.139969706734774,12.067224771502197
33,15,2024-01-13,13.254761785889595,11.871379727895143
33,15,2024-01-20,13.182817182244317,11.725839063454654
33,15,2024-01-27,11.715323753269294,11.652589793531032
33,15,2024-02-03,9.941454761735898,11.632703970922678
33,15,2024-02-10,9.18388060253571,11.486884978802737
33,15,2024-02-17,8.98276405566905,11.006976145304035
33,15,2024-02-24,8.842859947456688,10.480442519189378
33,15,2024-03-02,8.440377547467762,10.095324525690298
33,15,2024-03-09,8.022512726226363,9.286297079554615
33,15,2024-03-16,7.510418250204297,8.591537253333762
33,15,2024-03-23,7.0231646893027175,7.152940338073339
33,15,2024-03-30,5.816715999665743,6.306613222158557
33,15,2024-04-06,5.2884449049048365,5.895328786366922
33,15,2024-04-13,5.196247916042417,5.277565576187492
33,15,2024-04-20,5.0407133641123405,4.414333608194397
33,25,2023-11-04,11.061368805813533,16.851551872773236
33,25,2023-11-11,11.10013979901943,16.825215977343277
33,25,2023-11-18,10.86970626425184,16.545305163455904
33,25,2023-11-25,10.790564387908404,15.983064349084374
33,25,2023-12-02,10.492674670431958,15.11230307824217
33,25,2023-12-09,10.452159978374324,14.22057897696367
33,25,2023-12-16,10.839654514529961,13.374418081116673
33,25,2023-12-23,11.126059927291443,12.746931768978298
33,25,2023-12-30,11.198551341433093,12.349950106711692
33,25,2024-01-06,11.542181820915147,12.067224771502197
33,25,2024-01-13,11.392732369299203,11.871379727895143
33,25,2024-01-20,11.476426651330367,11.725839063454654
33,25,2024-01-27,11.042598501949481,11.652589793531032
33,25,2024-02-03,9.70812405155157,11.632703970922678
33,25,2024-02-10,9.094800434329509,11.486884978802737
33,25,2024-02-17,8.964308943506932,11.006976145304035
33,25,2024-02-24,8.84884973317408,10.480442519189378
33,25,2024-03-02,8.718020793747213,10.095324525690298
33,25,2024-03-09,8.629074794451125,9.286297079554615
33,25,2024-03-16,8.118145767420392,8.591537253333762
33,25,2024-03-23,7.683662279607906,7.152940338073339
33,25,2024-03-30,6.505564292350397,6.306613222158557
33,25,2024-04-06,5.95123090498956,5.895328786366922
33,25,2024-04-13,5.8131906803478355,5.277565576187492
33,25,2024-04-20,5.551571179197308,4.414333608194397
33,50,2023-11-04,12.207011945963384,16.851551872773236
33,50,2023-11-11,12.416128553761064,16.825215977343277
33,50,2023-11-18,12.576074399635614,16.545305163455904
33,50,2023-11-25,12.61199469751149,15.983064349084374
33,50,2023-12-02,12.53717006636361,15.11230307824217
33,50,2023-12-09,12.348201177438067,14.22057897696367
33,50,2023-12-16,12.224920679618076,13.374418081116673
33,50,2023-12-23,12.062905088832743,12.746931768978298
33,50,2023-12-30,11.883927312229387,12.349950106711692
33,50,2024-01-06,11.5926958094782,12.067224771502197
33,50,2024-01-13,11.379672607559822,11.871379727895143
33,50,2024-01-20,11.298297361245803,11.725839063454654
33,50,2024-01-27,11.291070715868743,11.652589793531032
33,50,2024-02-03,11.281604416178538,11.632703970922678
33,50,2024-02-10,11.26527008911989,11.486884978802737
33,50,2024-02-17,11.277431549359378,11.006976145304035
33,50,2024-02-24,10.929776412354995,10.480442519189378
33,50,2024-03-02,10.641794424392693,10.095324525690298
33,50,2024-03-09,10.346976579382812,9.286297079554615
33,50,2024-03-16,9.667232338126194,8.591537253333762
33,50,2024-03-23,9.054438695778952,7.152940338073339
33,50,2024-03-30,7.6203772936154595,6.306613222158557
33,50,2024-04-06,6.898412403364449,5.895328786366922
33,50,2024-04-13,6.740233442802595,5.277565576187492
33,50,2024-04-20,6.424393023137167,4.414333608194397
33,75,2023-11-04,15.311181793457688,16.851551872773236
33,75,2023-11-11,15.508812743285615,16.825215977343277
33,75,2023-11-18,15.595165532273239,16.545305163455904
33,75,2023-11-25,15.526277196493771,15.983064349084374
33,75,2023-12-02,15.337444205238988,15.11230307824217
33,75,2023-12-09,14.892882857034682,14.22057897696367
33,75,2023-12-16,14.2889600413946,13.374418081116673
33,75,2023-12-23,13.71294678281799,12.746931768978298
33,75,2023-12-30,13.270521670384857,12.349950106711692
33,75,2024-01-06,12.953406659611176,12.067224771502197
33,75,2024-01-13,12.755467505598288,11.871379727895143
33,75,2024-01-20,12.657637013267484,11.725839063454654
33,75,2024-01-27,12.59792764996456,11.652589793531032
33,75,2024-02-03,12.628381490687332,11.632703970922678
33,75,2024-02-10,12.66964050714535,11.486884978802737
33,75,2024-02-17,12.59450916398,11.006976145304035
33,75,2024-02-24,12.158328226156495,10.480442519189378
33,75,2024-03-02,11.670241546761101,10.095324525690298
33,75,2024-03-09,11.338657075450651,9.286297079554615
33,75,2024-03-16,10.457520329497441,8.591537253333762
33,75,2024-03-23,9.774250425398417,7.152940338073339
33,75,2024-03-30,8.132770008956328,6.306613222158557
33,75,2024-04-06,7.234667262907844,5.895328786366922
33,75,2024-04-13,7.006840614345194,5.277565576187492
33,75,2024-04-20,6.722572870751657,4.414333608194397
30,5,2023-11-04,21.674731160760633,18.80774340845083
30,5,2023-11-11,20.791133115194825,19.156333808117026
30,5,2023-11-18,19.42114962915996,19.439049447386598
30,5,2023-11-25,21.32881020911392,19.579968943692542
30,5,2023-12-02,21.121115971541776,19.657747408102423
30,5,2023-12-09,19.539385793588327,19.744806144559966
30,5,2023-12-16,19.51884667477231,19.82401025406451
30,5,2023-12-23,19.354904704497315,20.003412448378963
30,5,2023-12-30,19.748966712087917,19.90564571300989
30,5,2024-01-06,18.54706348013674,18.67667520676499
30,5,2024-01-13,17.52511690036683,16.616454870615453
30,5,2024-01-20,16.04334310437344,14.791891057306186
30,5,2024-01-27,13.478199085892232,13.905278852577128
30,5,2024-02-03,12.492150214622855,11.773252739975383
30,5,2024-02-10,11.356396265088414,10.129525373560393
30,5,2024-02-17,10.304511361229167,8.255019309453946
30,5,2024-02-24,9.187847052735304,7.963522378379887
30,5,2024-03-02,8.073500443157123,7.718148318243714
30,5,2024-03-09,7.199444220823146,7.355891524746987
30,5,2024-03-16,6.964119616933194,6.910723408795748
30,5,2024-03-23,6.987535549484704,5.76287564589128
30,5,2024-03-30,6.152492853867401,5.276237830894379
30,5,2024-04-06,5.680280050883599,3.5235480634058645
30,5,2024-04-13,2.8991410555515724,3.376328541307099
30,5,2024-04-20,3.48427984385162,2.839960209511391
30,15,2023-11-04,19.910855212911102,18.80774340845083
30,15,2023-11-11,20.26938044801115,19.156333808117026
30,15,2023-11-18,19.487655973298093,19.439049447386598
30,15,2023-11-25,20.914410077883602,19.579968943692542
30,15,2023-12-02,21.403691773406486,19.657747408102423
30,15,2023-12-09,20.473738616990794,19.744806144559966
30,15,2023-12-16,20.78118170215577,19.82401025406451
30,15,2023-12-23,20.551061462138275,20.003412448378963
30,15,2023-12-30,20.93170161013844,19.90564571300989
30,15,2024-01-06,19.038081700453997,18.67667520676499
30,15,2024-01-13,17.228362763937692,16.616454870615453
30,15,2024-01-20,15.32449870183034,14.791891057306186
30,15,2024-01-27,13.934068760083697,13.905278852577128
30,15,2024-02-03,13.436233975332248,11.773252739975383
30,15,2024-02-10,12.264820494083601,10.129525373560393
30,15,2024-02-17,11.30494792611951,8.255019309453946
30,15,2024-02-24,9.640908534746586,7.963522378379887
30,15,2024-03-02,8.176847823408732,7.718148318243714
30,15,2024-03-09,7.284354293741691,7.355891524746987
30,15,2024-03-16,7.192348978155269,6.910723408795748
30,15,2024-03-23,6.978625591524517,5.76287564589128
30,15,2024-03-30,5.982141592391066,5.276237830894379
30,15,2024-04-06,5.762487858988242,3.5235480634058645
30,15,2024-04-13,3.031429825362273,3.376328541307099
30,15,2024-04-20,3.260141363452549,2.839960209511391
30,25,2023-11-04,19.02344723868239,18.80774340845083
30,25,2023-11-11,19.87150583433956,19.156333808117026
30,25,2023-11-18,19.13781840074821,19.439049447386598
30,25,2023-11-25,20.770168087401796,19.579968943692542
30,25,2023-12-02,21.272727673264956,19.657747408102423
30,25,2023-12-09,20.81810995628803,19.744806144559966
30,25,2023-12-16,21.229450333453567,19.82401025406451
30,25,2023-12-23,21.73400065639162,20.003412448378963
30,25,2023-12-30,22.061864079054274,19.90564571300989
30,25,2024-01-06,19.744650163006376,18.67667520676499
30,25,2024-01-13,17.67253630012136,16.616454870615453
30,25,2024-01-20,15.462074812998567,14.791891057306186
30,25,2024-01-27,14.238822953784391,13.905278852577128
30,25,2024-02-03,13.725621097820664,11.773252739975383
30,25,2024-02-10,12.52022152302117,10.129525373560393
30,25,2024-02-17,11.5141894523482,8.255019309453946
30,25,2024-02-24,9.734407330461217,7.963522378379887
30,25,2024-03-02,8.313943096308147,7.718148318243714
30,25,2024-03-09,7.463031621116266,7.355891524746987
30,25,2024-03-16,7.227126240940716,6.910723408795748
30,25,2024-03-23,7.217372296615276,5.76287564589128
30,25,2024-03-30,6.102728856904184,5.276237830894379
30,25,2024-04-06,5.935470919913495,3.5235480634058645
30,25,2024-04-13,3.0759611849358173,3.376328541307099
30,25,2024-04-20,3.525779189451497,2.839960209511391
30,50,2023-11-04,18.02600448518225,18.80774340845083
30,50,2023-11-11,18.64591369114053,19.156333808117026
30,50,2023-11-18,19.27903633844402,19.439049447386598
30,50,2023-11-25,19.93973256871556,19.579968943692542
30,50,2023-12-02,20.82886058062539,19.657747408102423
30,50,2023-12-09,21.476959228179986,19.744806144559966
30,50,2023-12-16,22.022740391754763,19.82401025406451
30,50,2023-12-23,22.500084774407085,20.003412448378963
30,50,2023-12-30,22.869055803368326,19.90564571300989
30,50,2024-01-06,21.57357135659054,18.67667520676499
30,50,2024-01-13,19.300644457781587,16.616454870615453
30,50,2024-01-20,16.803267474740966,14.791891057306186
30,50,2024-01-27,15.015723432878785,13.905278852577128
30,50,2024-02-03,14.34701884354356,11.773252739975383
30,50,2024-02-10,12.305652099508036,10.129525373560393
30,50,2024-02-17,10.906532015395515,8.255019309453946
30,50,2024-02-24,9.110707449458015,7.963522378379887
30,50,2024-03-02,8.544276471644775,7.718148318243714
30,50,2024-03-09,8.144327830242336,7.355891524746987
30,50,2024-03-16,7.89179411488416,6.910723408795748
30,50,2024-03-23,7.656896970820999,5.76287564589128
30,50,2024-03-30,6.630542062358479,5.276237830894379
30,50,2024-04-06,6.39183140323146,3.5235480634058645
30,50,2024-04-13,3.979649518165365,3.376328541307099
30,50,2024-04-20,4.081372402850848,2.839960209511391
30,75,2023-11-04,18.042612094724213,18.80774340845083
30,75,2023-11-11,18.617411124767273,19.156333808117026
30,75,2023-11-18,19.12152320950032,19.439049447386598
30,75,2023-11-25,19.672648654355534,19.579968943692542
30,75,2023-12-02,20.167909286422024,19.657747408102423
30,75,2023-12-09,20.569730655287323,19.744806144559966
30,75,2023-12-16,20.915552962293752,19.82401025406451
30,75,2023-12-23,21.311393297419798,20.003412448378963
30,75,2023-12-30,21.805689750645655,19.90564571300989
30,75,2024-01-06,21.618369003573072,18.67667520676499
30,75,2024-01-13,20.103043853932,16.616454870615453
30,75,2024-01-20,17.70365647192725,14.791891057306186
30,75,2024-01-27,15.743377668132428,13.905278852577128
30,75,2024-02-03,14.855485422608112,11.773252739975383
30,75,2024-02-10,12.664617209104625,10.129525373560393
30,75,2024-02-17,11.081396759915492,8.255019309453946
30,75,2024-02-24,9.264640755912374,7.963522378379887
30,75,2024-03-02,8.909924115994263,7.718148318243714
30,75,2024-03-09,8.565701519162419,7.355891524746987
30,75,2024-03-16,8.285084766346712,6.910723408795748
30,75,2024-03-23,7.966737300163048,5.76287564589128
30,75,2024-03-30,6.8550046350328895,5.276237830894379
30,75,2024-04-06,6.594564693498875,3.5235480634058645
30,75,2024-04-13,4.289964386763609,3.376328541307099
30,75,2024-04-20,4.378410467197613,2.839960209511391
35,5,2023-11-04,29.736253126912494,31.878998289795828
35,5,2023-11-11,28.479653617627235,32.3978782717328
35,5,2023-11-18,30.896657606610553,32.689332856692374
35,5,2023-11-25,33.476104303664435,32.77817524779307
35,5,2023-12-02,33.233571251525,32.78394348319377
35,5,2023-12-09,30.744998135215077,32.87312224856297
35,5,2023-12-16,29.04970961278742,32.97985224957738
35,5,2023-12-23,30.77814222079017,32.64603667398999
35,5,2023-12-30,31.339422638658863,30.45035506734719
35,5,2024-01-06,31.15058409400286,27.602039983314995
35,5,2024-01-13,30.49755143397728,24.20561336293907
35,5,2024-01-20,28.197527995958954,22.751884438917536
35,5,2024-01-27,21.518218143199192,22.054984551956984
35,5,2024-02-03,19.46973490447217,21.297627268237083
35,5,2024-02-10,18.217193102144975,20.845364929681182
35,5,2024-02-17,17.926593788462007,20.19141163792944
35,5,2024-02-24,18.330797660148345,19.411522886494915
35,5,2024-03-02,18.673450359660002,18.82387097906797
35,5,2024-03-09,19.405115039661304,18.049996342822283
35,5,2024-03-16,19.410832996767827,16.288570690479013
35,5,2024-03-23,17.13750319928801,15.866711385890907
35,5,2024-03-30,17.160682996278695,13.847175137613258
35,5,2024-04-06,14.087928446695587,12.923705214355529
35,5,2024-04-13,13.427954810375933,10.384036811439731
35,5,2024-04-20,7.54541061588124,10.379557032024191
35,15,2023-11-04,28.132974143149035,31.878998289795828
35,15,2023-11-11,27.29823227972595,32.3978782717328
35,15,2023-11-18,29.06976045098828,32.689332856692374
35,15,2023-11-25,31.417182707468463,32.77817524779307
35,15,2023-12-02,32.58569982660443,32.78394348319377
35,15,2023-12-09,31.559289817233417,32.87312224856297
35,15,2023-12-16,31.24401350142159,32.97985224957738
35,15,2023-12-23,31.107364294906592,32.64603667398999
35,15,2023-12-30,31.03801294800983,30.45035506734719
35,15,2024-01-06,29.902094934305836,27.602039983314995
35,15,2024-01-13,29.625764647222624,24.20561336293907
35,15,2024-01-20,27.208012786825503,22.751884438917536
35,15,2024-01-27,24.12256921005679,22.054984551956984
35,15,2024-02-03,21.3075582503724,21.297627268237083
35,15,2024-02-10,19.899654919297173,20.845364929681182
35,15,2024-02-17,19.37240951188617,20.19141163792944
35,15,2024-02-24,18.65785767789744,19.411522886494915
35,15,2024-03-02,18.57901972826958,18.82387097906797
35,15,2024-03-09,18.87589278643741,18.049996342822283
35,15,2024-03-16,18.338272275778536,16.288570690479013
35,15,2024-03-23,16.24620631288118,15.866711385890907
35,15,2024-03-30,16.446255668162006,13.847175137613258
35,15,2024-04-06,13.585144715765809,12.923705214355529
35,15,2024-04-13,12.772108929508583,10.384036811439731
35,15,2024-04-20,6.900983824546924,10.379557032024191
35,25,2023-11-04,28.083886650993737,31.878998289795828
35,25,2023-11-11,28.0366241474526,32.3978782717328
35,25,2023-11-18,29.759121950478466,32.689332856692374
35,25,2023-11-25,31.533489525066674,32.77817524779307
35,25,2023-12-02,32.71672697059306,32.78394348319377
35,25,2023-12-09,32.51860728979592,32.87312224856297
35,25,2023-12-16,32.36149226260297,32.97985224957738
35,25,2023-12-23,31.94511534089036,32.64603667398999
35,25,2023-12-30,31.543375464789566,30.45035506734719
35,25,2024-01-06,29.89920097758467,27.602039983314995
35,25,2024-01-13,28.541719895268606,24.20561336293907
35,25,2024-01-20,26.72302808272758,22.751884438917536
35,25,2024-01-27,24.78456138268721,22.054984551956984
35,25,2024-02-03,22.26636148496388,21.297627268237083
35,25,2024-02-10,20.668113272900214,20.845364929681182
35,25,2024-02-17,19.428436337846176,20.19141163792944
35,25,2024-02-24,18.656351918451577,19.411522886494915
35,25,2024-03-02,17.270782898544848,18.82387097906797
35,25,2024-03-09,17.179986919613025,18.049996342822283
35,25,2024-03-16,17.004491047510374,16.288570690479013
35,25,2024-03-23,15.402765789485539,15.866711385890907
35,25,2024-03-30,15.952587894905808,13.847175137613258
35,25,2024-04-06,13.434471617162478,12.923705214355529
35,25,2024-04-13,12.957979523963317,10.384036811439731
35,25,2024-04-20,7.485179542884239,10.379557032024191
35,50,2023-11-04,28.50514003956036,31.878998289795828
35,50,2023-11-11,29.127044722577512,32.3978782717328
35,50,2023-11-18,30.26146804500245,32.689332856692374
35,50,2023-11-25,31.581452741885997,32.77817524779307
35,50,2023-12-02,32.68390245316072,32.78394348319377
35,50,2023-12-09,33.286415632442214,32.87312224856297
35,50,2023-12-16,33.73769044585605,32.97985224957738
35,50,2023-12-23,33.51766699666245,32.64603667398999
35,50,2023-12-30,32.51804050051457,30.45035506734719
35,50,2024-01-06,29.846699789035664,27.602039983314995
35,50,2024-01-13,27.165357613666185,24.20561336293907
35,50,2024-01-20,24.17319089699692,22.751884438917536
35,50,2024-01-27,22.63349134092507,22.054984551956984
35,50,2024-02-03,21.27959219882298,21.297627268237083
35,50,2024-02-10,19.17628436709932,20.845364929681182
35,50,2024-02-17,18.293084823263293,20.19141163792944
35,50,2024-02-24,17.88759855174665,19.411522886494915
35,50,2024-03-02,17.883958128123,18.82387097906797
35,50,2024-03-09,18.016961742474884,18.049996342822283
35,50,2024-03-16,17.88510822653181,16.288570690479013
35,50,2024-03-23,16.54403578513406,15.866711385890907
35,50,2024-03-30,16.786845150511848,13.847175137613258
35,50,2024-04-06,14.638034698246324,12.923705214355529
35,50,2024-04-13,14.189007628428536,10.384036811439731
35,50,2024-04-20,9.154719479619924,10.379557032024191
35,75,2023-11-04,29.699885953927527,31.878998289795828
35,75,2023-11-11,30.38363690386205,32.3978782717328
35,75,2023-11-18,31.403561007710298,32.689332856692374
35,75,2023-11-25,32.16094942799825,32.77817524779307
35,75,2023-12-02,32.9205987895011,32.78394348319377
35,75,2023-12-09,33.44355702041864,32.87312224856297
35,75,2023-12-16,34.036965706636636,32.97985224957738
35,75,2023-12-23,34.43572997991682,32.64603667398999
35,75,2023-12-30,33.63794344714219,30.45035506734719
35,75,2024-01-06,30.692371584371486,27.602039983314995
35,75,2024-01-13,27.27776579139146,24.20561336293907
35,75,2024-01-20,23.44905800113693,22.751884438917536
35,75,2024-01-27,22.094019935925527,22.054984551956984
35,75,2024-02-03,21.636518950763094,21.297627268237083
35,75,2024-02-10,21.19676921515166,20.845364929681182
35,75,2024-02-17,20.988957289509006,20.19141163792944
35,75,2024-02-24,20.629580573145315,19.411522886494915
35,75,2024-03-02,20.241827795222697,18.82387097906797
35,75,2024-03-09,19.93365613826924,18.049996342822283
35,75,2024-03-16,19.42574742841033,16.288570690479013
35,75,2024-03-23,17.720496672040422,15.866711385890907
35,75,2024-03-30,17.7303190243829,13.847175137613258
35,75,2024-04-06,15.543945747598954,12.923705214355529
35,75,2024-04-13,14.969301927321787,10.384036811439731
35,75,2024-04-20,10.22438899197732,10.379557032024191
34,5,2023-11-04,102.6643602890786,96.8805873375969
34,5,2023-11-11,72.88082420876843,98.42556609027716
34,5,2023-11-18,77.07709638344514,99.4470228891203
34,5,2023-11-25,82.2819671477138,99.20857552507141
34,5,2023-12-02,80.65920434150476,98.37669336522755
34,5,2023-12-09,76.85701604465723,96.8192396549078
34,5,2023-12-16,76.81940294647994,94.35922617071046
34,5,2023-12-23,77.2885510149243,92.25634108396929
34,5,2023-12-30,80.79616914258742,90.2470804781999
34,5,2024-01-06,87.39658352166114,86.05780905223584
34,5,2024-01-13,86.99619843349865,82.872591377369
34,5,2024-01-20,80.1170197536975,81.40604377671518
34,5,2024-01-27,78.5553690420733,81.22457328793516
34,5,2024-02-03,70.93552132380579,81.3744433410302
34,5,2024-02-10,64.271967341824,81.80428703324303
34,5,2024-02-17,63.077771937363686,82.38418828939729
34,5,2024-02-24,62.99640471368342,81.04125069627308
34,5,2024-03-02,64.3460747782303,81.23538317741404
34,5,2024-03-09,64.47207878291222,76.94148650049466
34,5,2024-03-16,62.56945840733948,74.466455845862
34,5,2024-03-23,64.01293567040105,73.33319492209333
34,5,2024-03-30,65.99585731310039,73.96943917898808
34,5,2024-04-06,70.72600363854903,69.87404636127059
34,5,2024-04-13,67.41112921776062,63.14950170534009
34,5,2024-04-20,59.40114744909496,59.16759753020868
34,15,2023-11-04,104.34435398128181,96.8805873375969
34,15,2023-11-11,77.14752762981065,98.42556609027716
34,15,2023-11-18,80.23719947516823,99.4470228891203
34,15,2023-11-25,82.17301587394884,99.20857552507141
34,15,2023-12-02,82.56201012073889,98.37669336522755
34,15,2023-12-09,79.95857190227555,96.8192396549078
34,15,2023-12-16,79.80615539081386,94.35922617071046
34,15,2023-12-23,79.41717401325654,92.25634108396929
34,15,2023-12-30,81.09357994922277,90.2470804781999
34,15,2024-01-06,83.53313111094003,86.05780905223584
34,15,2024-01-13,80.44281570268905,82.872591377369
34,15,2024-01-20,76.92683462041798,81.40604377671518
34,15,2024-01-27,76.2056497107796,81.22457328793516
34,15,2024-02-03,71.32542248974407,81.3744433410302
34,15,2024-02-10,65.13576958132946,81.80428703324303
34,15,2024-02-17,64.03893584958735,82.38418828939729
34,15,2024-02-24,64.50758847347154,81.04125069627308
34,15,2024-03-02,66.62554350883062,81.23538317741404
34,15,2024-03-09,68.6216026469639,76.94148650049466
34,15,2024-03-16,66.27680673213271,74.466455845862
34,15,2024-03-23,66.25222880903696,73.33319492209333
34,15,2024-03-30,69.32002518589513,73.96943917898808
34,15,2024-04-06,76.1473738066259,69.87404636127059
34,15,2024-04-13,74.26904914248459,63.14950170534009
34,15,2024-04-20,65.6227234392308,59.16759753020868
34,25,2023-11-04,97.63590976877379,96.8805873375969
34,25,2023-11-11,81.60028057770332,98.42556609027716
34,25,2023-11-18,82.47896122286384,99.4470228891203
34,25,2023-11-25,82.36049742098555,99.20857552507141
34,25,2023-12-02,82.60040677809704,98.37669336522755
34,25,2023-12-09,81.29212251280345,96.8192396549078
34,25,2023-12-16,81.12493427549656,94.35922617071046
34,25,2023-12-23,80.24222056467275,92.25634108396929
34,25,2023-12-30,80.71202930599254,90.2470804781999
34,25,2024-01-06,81.96463250847276,86.05780905223584
34,25,2024-01-13,78.81936929488312,82.872591377369
34,25,2024-01-20,74.27787116656023,81.40604377671518
34,25,2024-01-27,72.8236625125405,81.22457328793516
34,25,2024-02-03,69.85442057568554,81.3744433410302
34,25,2024-02-10,64.34023355038352,81.80428703324303
34,25,2024-02-17,62.10050250977294,82.38418828939729
34,25,2024-02-24,62.23268474004083,81.04125069627308
34,25,2024-03-02,65.08378777810854,81.23538317741404
34,25,2024-03-09,66.04343281258492,76.94148650049466
34,25,2024-03-16,64.68760486751361,74.466455845862
34,25,2024-03-23,65.78698751283919,73.33319492209333
34,25,2024-03-30,68.08527930599583,73.96943917898808
34,25,2024-04-06,73.98257883056016,69.87404636127059
34,25,2024-04-13,72.08601991898503,63.14950170534009
34,25,2024-04-20,63.61992080862775,59.16759753020868
34,50,2023-11-04,91.17876214116845,96.8805873375969
34,50,2023-11-11,85.87073192619323,98.42556609027716
34,50,2023-11-18,85.63948668356704,99.4470228891203
34,50,2023-11-25,83.21264134281887,99.20857552507141
34,50,2023-12-02,84.15994928339686,98.37669336522755
34,50,2023-12-09,84.21995760987751,96.8192396549078
34,50,2023-12-16,83.97503586187058,94.35922617071046
34,50,2023-12-23,82.81800505005059,92.25634108396929
34,50,2023-12-30,82.23382917819912,90.2470804781999
34,50,2024-01-06,80.90758531434327,86.05780905223584
34,50,2024-01-13,75.27773203798743,82.872591377369
34,50,2024-01-20,70.25190518183506,81.40604377671518
34,50,2024-01-27,67.59994061729938,81.22457328793516
34,50,2024-02-03,66.06813997836029,81.3744433410302
34,50,2024-02-10,63.113858566319,81.80428703324303
34,50,2024-02-17,61.30689931693954,82.38418828939729
34,50,2024-02-24,61.25759895692253,81.04125069627308
34,50,2024-03-02,62.228911671832385,81.23538317741404
34,50,2024-03-09,62.99638511265997,76.94148650049466
34,50,2024-03-16,61.27273251882682,74.466455845862
34,50,2024-03-23,61.469567294880946,73.33319492209333
34,50,2024-03-30,63.18303634420702,73.96943917898808
34,50,2024-04-06,67.96951225984199,69.87404636127059
34,50,2024-04-13,66.56034998177634,63.14950170534009
34,50,2024-04-20,58.839066886634185,59.16759753020868
34,75,2023-11-04,88.53615276592981,96.8805873375969
34,75,2023-11-11,86.58537116999547,98.42556609027716
34,75,2023-11-18,88.49182641153195,99.4470228891203
34,75,2023-11-25,88.59282598643408,99.20857552507141
34,75,2023-12-02,89.96101536807251,98.37669336522755
34,75,2023-12-09,90.4947976050514,96.8192396549078
34,75,2023-12-16,90.48663791749728,94.35922617071046
34,75,2023-12-23,88.89183994521095,92.25634108396929
34,75,2023-12-30,86.90185695683701,90.2470804781999
34,75,2024-01-06,84.04285677004168,86.05780905223584
34,75,2024-01-13,78.32753829126798,82.872591377369
34,75,2024-01-20,74.447408796027,81.40604377671518
34,75,2024-01-27,72.93766955747458,81.22457328793516
34,75,2024-02-03,72.27818721553407,81.3744433410302
34,75,2024-02-10,71.89149211333223,81.80428703324303
34,75,2024-02-17,71.98800009220128,82.38418828939729
34,75,2024-02-24,72.81690418902721,81.04125069627308
34,75,2024-03-02,73.13428903036865,81.23538317741404
34,75,2024-03-09,73.93521423805264,76.94148650049466
34,75,2024-03-16,70.69192067671997,74.466455845862
34,75,2024-03-23,69.5388327035748,73.33319492209333
34,75,2024-03-30,70.42304621585896,73.96943917898808
34,75,2024-04-06,74.69502610681957,69.87404636127059
34,75,2024-04-13,72.44904962198751,63.14950170534009
34,75,2024-04-20,63.97511490798333,59.16759753020868
36,5,2023-11-04,148.3392730881155,173.8754085882883
36,5,2023-11-11,147.9369799789612,177.41558988783058
36,5,2023-11-18,147.82696925822964,180.5075526965767
36,5,2023-11-25,148.04663679559525,182.8793071690131
36,5,2023-12-02,142.9093901308323,184.26114248918518
36,5,2023-12-09,150.7307179752152,184.4479715558927
36,5,2023-12-16,162.03341390524457,183.17513850051643
36,5,2023-12-23,165.32147062511427,181.14091664355652
36,5,2023-12-30,167.79981112915655,179.48942334444493
36,5,2024-01-06,176.05703449396412,173.7834952213467
36,5,2024-01-13,167.0646058224719,169.49775247313204
36,5,2024-01-20,161.0430933524419,168.39091500149456
36,5,2024-01-27,143.36818625315627,167.5141014201231
36,5,2024-02-03,130.79067484499794,166.02667599821203
36,5,2024-02-10,126.37443738550213,164.9499938731656
36,5,2024-02-17,126.66903824872793,163.81837132762624
36,5,2024-02-24,128.6479446568778,160.32380492145097
36,5,2024-03-02,129.91910675923677,153.73945663915123
36,5,2024-03-09,128.9695235496744,143.600893091692
36,5,2024-03-16,125.35925160027311,138.34246138692083
36,5,2024-03-23,127.02754834688855,141.141875894441
36,5,2024-03-30,141.8422986122808,147.53640646810157
36,5,2024-04-06,167.9053432696662,145.4987205057709
36,5,2024-04-13,181.194558680221,126.41981552529431
36,5,2024-04-20,175.72467347131553,92.52139528727811
36,15,2023-11-04,152.68114146240237,173.8754085882883
36,15,2023-11-11,154.97620729285268,177.41558988783058
36,15,2023-11-18,157.68313639855512,180.5075526965767
36,15,2023-11-25,146.73258947430074,182.8793071690131
36,15,2023-12-02,147.60436935929096,184.26114248918518
36,15,2023-12-09,154.18729822690804,184.4479715558927
36,15,2023-12-16,156.3829760765913,183.17513850051643
36,15,2023-12-23,159.9832585675852,181.14091664355652
36,15,2023-12-30,164.76632946434154,179.48942334444493
36,15,2024-01-06,170.26012804343884,173.7834952213467
36,15,2024-01-13,165.74525831681467,169.49775247313204
36,15,2024-01-20,154.35504574250203,168.39091500149456
36,15,2024-01-27,146.312125964551,167.5141014201231
36,15,2024-02-03,134.99300312567027,166.02667599821203
36,15,2024-02-10,127.1306911303594,164.9499938731656
36,15,2024-02-17,121.9657344141826,163.81837132762624
36,15,2024-02-24,120.88272767164595,160.32380492145097
36,15,2024-03-02,122.9819158003011,153.73945663915123
36,15,2024-03-09,121.66024853268007,143.600893091692
36,15,2024-03-16,118.4186111105776,138.34246138692083
36,15,2024-03-23,122.11550623446169,141.141875894441
36,15,2024-03-30,137.7237948693319,147.53640646810157
36,15,2024-04-06,162.61316242235648,145.4987205057709
36,15,2024-04-13,177.64310505116455,126.41981552529431
36,15,2024-04-20,175.58803761417718,92.52139528727811
36,25,2023-11-04,154.80661278976774,173.8754085882883
36,25,2023-11-11,158.81605175577516,177.41558988783058
36,25,2023-11-18,164.305680770751,180.5075526965767
36,25,2023-11-25,154.3996623125284,182.8793071690131
36,25,2023-12-02,152.53647954945055,184.26114248918518
36,25,2023-12-09,156.51793719368737,184.4479715558927
36,25,2023-12-16,155.44676734804358,183.17513850051643
36,25,2023-12-23,157.57468590002722,181.14091664355652
36,25,2023-12-30,160.08903076178024,179.48942334444493
36,25,2024-01-06,166.10873672320417,173.7834952213467
36,25,2024-01-13,163.4705412971529,169.49775247313204
36,25,2024-01-20,154.39919577137226,168.39091500149456
36,25,2024-01-27,147.18645080404022,167.5141014201231
36,25,2024-02-03,136.06700626789421,166.02667599821203
36,25,2024-02-10,127.60307662765446,164.9499938731656
36,25,2024-02-17,122.5209830060572,163.81837132762624
36,25,2024-02-24,118.35807413136321,160.32380492145097
36,25,2024-03-02,119.67572466412807,153.73945663915123
36,25,2024-03-09,119.2784924212871,143.600893091692
36,25,2024-03-16,117.69140516723758,138.34246138692083
36,25,2024-03-23,121.92568965770754,141.141875894441
36,25,2024-03-30,136.32264256379182,147.53640646810157
36,25,2024-04-06,161.07242497537268,145.4987205057709
36,25,2024-04-13,179.87087864590646,126.41981552529431
36,25,2024-04-20,176.8461600726635,92.52139528727811
36,50,2023-11-04,154.81619311489152,173.8754085882883
36,50,2023-11-11,158.1548181080853,177.41558988783058
36,50,2023-11-18,162.66959214478885,180.5075526965767
36,50,2023-11-25,161.75262066836444,182.8793071690131
36,50,2023-12-02,160.42354389325206,184.26114248918518
36,50,2023-12-09,163.2597226391804,184.4479715558927
36,50,2023-12-16,162.90244398995105,183.17513850051643
36,50,2023-12-23,163.48075368004754,181.14091664355652
36,50,2023-12-30,163.48142568494606,179.48942334444493
36,50,2024-01-06,164.02499416455527,173.7834952213467
36,50,2024-01-13,157.29663073049807,169.49775247313204
36,50,2024-01-20,150.40940304122455,168.39091500149456
36,50,2024-01-27,145.2616348305864,167.5141014201231
36,50,2024-02-03,140.15713707068258,166.02667599821203
36,50,2024-02-10,135.46002409777066,164.9499938731656
36,50,2024-02-17,130.7807388830962,163.81837132762624
36,50,2024-02-24,127.78888913120211,160.32380492145097
36,50,2024-03-02,127.17233228051495,153.73945663915123
36,50,2024-03-09,124.83175219544697,143.600893091692
36,50,2024-03-16,120.32687225173929,138.34246138692083
36,50,2024-03-23,121.15557873582256,141.141875894441
36,50,2024-03-30,133.12315060783428,147.53640646810157
36,50,2024-04-06,154.942784440417,145.4987205057709
36,50,2024-04-13,172.74108281953886,126.41981552529431
36,50,2024-04-20,172.6440113198871,92.52139528727811
36,75,2023-11-04,158.07604135316046,173.8754085882883
36,75,2023-11-11,162.06270441098619,177.41558988783058
36,75,2023-11-18,166.59192354614734,180.5075526965767
36,75,2023-11-25,169.08806740714888,182.8793071690131
36,75,2023-12-02,170.2144614659516,184.26114248918518
36,75,2023-12-09,173.34096354588092,184.4479715558927
36,75,2023-12-16,175.04206489717936,183.17513850051643
36,75,2023-12-23,174.95773718286688,181.14091664355652
36,75,2023-12-30,173.56706757638185,179.48942334444493
36,75,2024-01-06,172.10682844294348,173.7834952213467
36,75,2024-01-13,165.04084170708236,169.49775247313204
36,75,2024-01-20,160.5394229305622,168.39091500149456
36,75,2024-01-27,158.89987964894678,167.5141014201231
36,75,2024-02-03,155.86497874440047,166.02667599821203
36,75,2024-02-10,155.46339400394055,164.9499938731656
36,75,2024-02-17,153.9876942301966,163.81837132762624
36,75,2024-02-24,156.00240649618937,160.32380492145097
36,75,2024-03-02,154.87179987812266,153.73945663915123
36,75,2024-03-09,150.4081000536793,143.600893091692
36,75,2024-03-16,142.46403481816174,138.34246138692083
36,75,2024-03-23,140.7876530048605,141.141875894441
36,75,2024-03-30,150.9679851063058,147.53640646810157
36,75,2024-04-06,170.7232493750265,145.4987205057709
36,75,2024-04-13,186.3739689699055,126.41981552529431
36,75,2024-04-20,183.78647222986996,92.52139528727811
39,5,2023-11-04,92.21061629845906,149.00369738824833
39,5,2023-11-11,86.920136421785,150.90319496280142
39,5,2023-11-18,89.65269740040125,151.6272434444804
39,5,2023-11-25,98.32982405858989,151.4105696191275
39,5,2023-12-02,94.03588223661896,150.0551261233318
39,5,2023-12-09,93.44902804456441,147.96004965662624
39,5,2023-12-16,84.8416197036811,144.88002230895864
39,5,2023-12-23,91.68758302337996,141.68567559035557
39,5,2023-12-30,95.08451256817978,139.64711664638378
39,5,2024-01-06,110.97963901997213,138.5316743482754
39,5,2024-01-13,95.55968870361713,137.89324833884194
39,5,2024-01-20,95.23170018004046,138.08940675836766
39,5,2024-01-27,88.13937580208223,138.8160972242558
39,5,2024-02-03,82.20813620905659,139.47453627203558
39,5,2024-02-10,81.17753459526706,139.88405831096702
39,5,2024-02-17,83.27448397103794,138.79888114946007
39,5,2024-02-24,92.27116018787355,135.53359187381136
39,5,2024-03-02,92.37292521341124,126.70535859236732
39,5,2024-03-09,86.15411573719727,113.64692123268077
39,5,2024-03-16,77.50157673138439,93.17723560852048
39,5,2024-03-23,62.65149541915881,87.56037458517285
39,5,2024-03-30,65.6710557539556,85.88391403477394
39,5,2024-04-06,73.8551158313954,81.92278671680998
39,5,2024-04-13,83.83776205659656,61.780972915599
39,5,2024-04-20,64.75990653261154,43.2675049828252
39,15,2023-11-04,105.07225012799029,149.00369738824833
39,15,2023-11-11,100.5450761299236,150.90319496280142
39,15,2023-11-18,101.02494547846229,151.6272434444804
39,15,2023-11-25,105.61111818942449,151.4105696191275
39,15,2023-12-02,103.63844936956056,150.0551261233318
39,15,2023-12-09,106.13008411861361,147.96004965662624
39,15,2023-12-16,101.5083576780538,144.88002230895864
39,15,2023-12-23,102.87693610961539,141.68567559035557
39,15,2023-12-30,105.78970855969885,139.64711664638378
39,15,2024-01-06,113.70300502953884,138.5316743482754
39,15,2024-01-13,104.3918589096276,137.89324833884194
39,15,2024-01-20,98.99206622144449,138.08940675836766
39,15,2024-01-27,96.70755431497408,138.8160972242558
39,15,2024-02-03,93.09239224777811,139.47453627203558
39,15,2024-02-10,90.5850878037493,139.88405831096702
39,15,2024-02-17,90.31111149946227,138.79888114946007
39,15,2024-02-24,95.3425846603703,135.53359187381136
39,15,2024-03-02,93.87515840590609,126.70535859236732
39,15,2024-03-09,90.3299276405518,113.64692123268077
39,15,2024-03-16,85.04755637718547,93.17723560852048
39,15,2024-03-23,70.25213784552052,87.56037458517285
39,15,2024-03-30,72.22821443628038,85.88391403477394
39,15,2024-04-06,78.97341288902128,81.92278671680998
39,15,2024-04-13,88.21842103702093,61.780972915599
39,15,2024-04-20,70.71422536550061,43.2675049828252
39,25,2023-11-04,111.3686222923572,149.00369738824833
39,25,2023-11-11,105.70806556735431,150.90319496280142
39,25,2023-11-18,107.48536762502923,151.6272434444804
39,25,2023-11-25,113.41250585681755,151.4105696191275
39,25,2023-12-02,112.93582470046067,150.0551261233318
39,25,2023-12-09,116.22180938782927,147.96004965662624
39,25,2023-12-16,111.94840541563197,144.88002230895864
39,25,2023-12-23,113.73647201567623,141.68567559035557
39,25,2023-12-30,114.23157051398663,139.64711664638378
39,25,2024-01-06,117.58921873541122,138.5316743482754
39,25,2024-01-13,111.69735921308873,137.89324833884194
39,25,2024-01-20,104.04635652735081,138.08940675836766
39,25,2024-01-27,100.9062894652748,138.8160972242558
39,25,2024-02-03,98.6011135638443,139.47453627203558
39,25,2024-02-10,98.39847407785223,139.88405831096702
39,25,2024-02-17,97.96354970805109,138.79888114946007
39,25,2024-02-24,100.20965990204675,135.53359187381136
39,25,2024-03-02,101.08780778001979,126.70535859236732
39,25,2024-03-09,98.44998637146851,113.64692123268077
39,25,2024-03-16,91.4079386749105,93.17723560852048
39,25,2024-03-23,75.20176466542031,87.56037458517285
39,25,2024-03-30,76.56449443102859,85.88391403477394
39,25,2024-04-06,83.07992564753381,81.92278671680998
39,25,2024-04-13,91.64577284723832,61.780972915599
39,25,2024-04-20,74.24874819637546,43.2675049828252
39,50,2023-11-04,120.8614802794205,149.00369738824833
39,50,2023-11-11,118.96763280585343,150.90319496280142
39,50,2023-11-18,120.81308375788349,151.6272434444804
39,50,2023-11-25,125.99943894863705,151.4105696191275
39,50,2023-12-02,127.79315078588475,150.0551261233318
39,50,2023-12-09,130.06737478098438,147.96004965662624
39,50,2023-12-16,128.37100375623845,144.88002230895864
39,50,2023-12-23,128.43063385693443,141.68567559035557
39,50,2023-12-30,126.10390593594802,139.64711664638378
39,50,2024-01-06,125.03958017894941,138.5316743482754
39,50,2024-01-13,120.38700298318426,137.89324833884194
39,50,2024-01-20,116.07933277997459,138.08940675836766
39,50,2024-01-27,114.10611947280267,138.8160972242558
39,50,2024-02-03,113.44985375578574,139.47453627203558
39,50,2024-02-10,115.2837664397533,139.88405831096702
39,50,2024-02-17,117.25970780729517,138.79888114946007
39,50,2024-02-24,120.84964118522625,135.53359187381136
39,50,2024-03-02,121.94685883491876,126.70535859236732
39,50,2024-03-09,117.34028758603039,113.64692123268077
39,50,2024-03-16,108.13866761329702,93.17723560852048
39,50,2024-03-23,88.89056701071084,87.56037458517285
39,50,2024-03-30,88.13300264208624,85.88391403477394
39,50,2024-04-06,94.04252203140989,81.92278671680998
39,50,2024-04-13,101.21048864736969,61.780972915599
39,50,2024-04-20,82.5630986066935,43.2675049828252
39,75,2023-11-04,132.6151636997703,149.00369738824833
39,75,2023-11-11,130.25380802153987,150.90319496280142
39,75,2023-11-18,134.25002298622073,151.6272434444804
39,75,2023-11-25,137.62372965250708,151.4105696191275
39,75,2023-12-02,140.73684550935275,150.0551261233318
39,75,2023-12-09,142.76876822325016,147.96004965662624
39,75,2023-12-16,143.39564258116155,144.88002230895864
39,75,2023-12-23,141.96186383929165,141.68567559035557
39,75,2023-12-30,140.0495943251532,139.64711664638378
39,75,2024-01-06,138.05539308819047,138.5316743482754
39,75,2024-01-13,136.32042696313084,137.89324833884194
39,75,2024-01-20,135.289395879674,138.08940675836766
39,75,2024-01-27,135.56496681568916,138.8160972242558
39,75,2024-02-03,136.19239554547465,139.47453627203558
39,75,2024-02-10,137.63959382840304,139.88405831096702
39,75,2024-02-17,139.70805682075215,138.79888114946007
39,75,2024-02-24,141.8219554327366,135.53359187381136
39,75,2024-03-02,141.2719956855774,126.70535859236732
39,75,2024-03-09,135.1805834496533,113.64692123268077
39,75,2024-03-16,123.47499095937924,93.17723560852048
39,75,2024-03-23,101.50325805607956,87.56037458517285
39,75,2024-03-30,99.47963172124935,85.88391403477394
39,75,2024-04-06,105.09070778985482,81.92278671680998
39,75,2024-04-13,112.19390102078185,61.780972915599
39,75,2024-04-20,91.83472601003936,43.2675049828252
40,5,2023-11-04,65.05471124753223,61.724006645674244
40,5,2023-11-11,54.37548359227191,63.22535063002477
40,5,2023-11-18,68.33314823951856,64.64736000580733
40,5,2023-11-25,58.639775783558235,65.75413249388863
40,5,2023-12-02,54.15517241523222,66.33504122811982
40,5,2023-12-09,51.50162035451335,66.91163326313688
40,5,2023-12-16,51.81322844120473,66.8393387820317
40,5,2023-12-23,51.54852838131081,66.83263144443704
40,5,2023-12-30,52.67075231686242,67.46747585333611
40,5,2024-01-06,51.203990549416865,68.27188840526205
40,5,2024-01-13,51.695910530061646,69.36958256158822
40,5,2024-01-20,49.47683587775571,69.99996925372511
40,5,2024-01-27,49.029539966524716,69.87907301419061
40,5,2024-02-03,46.475427788406286,66.73988859900426
40,5,2024-02-10,45.679281251797384,59.466907617459526
40,5,2024-02-17,44.13881731551645,48.090243055534636
40,5,2024-02-24,36.08106329772537,38.32897828309048
40,5,2024-03-02,29.439822762962386,35.87601313145025
40,5,2024-03-09,27.190329040426487,32.541645805790495
40,5,2024-03-16,25.673616268537344,28.280439780030463
40,5,2024-03-23,22.978384485067863,24.751731251158457
40,5,2024-03-30,20.149809762678732,22.453790443791583
40,5,2024-04-06,18.76387134197976,19.262422253325795
40,5,2024-04-13,16.358885540149583,16.9182972545799
40,5,2024-04-20,13.751038421358077,15.835647760105132
40,15,2023-11-04,66.3570033743121,61.724006645674244
40,15,2023-11-11,56.24774166396053,63.22535063002477
40,15,2023-11-18,71.72594841616318,64.64736000580733
40,15,2023-11-25,63.872906421364,65.75413249388863
40,15,2023-12-02,60.01863334695986,66.33504122811982
40,15,2023-12-09,57.46816685972391,66.91163326313688
40,15,2023-12-16,56.41342560795467,66.8393387820317
40,15,2023-12-23,55.84945590096626,66.83263144443704
40,15,2023-12-30,56.509729426720185,67.46747585333611
40,15,2024-01-06,56.79903814996527,68.27188840526205
40,15,2024-01-13,57.00573706566262,69.36958256158822
40,15,2024-01-20,57.49338461492441,69.99996925372511
40,15,2024-01-27,57.228026684174424,69.87907301419061
40,15,2024-02-03,56.575873541977245,66.73988859900426
40,15,2024-02-10,54.67624210692329,59.466907617459526
40,15,2024-02-17,50.46961048051898,48.090243055534636
40,15,2024-02-24,42.784298201793895,38.32897828309048
40,15,2024-03-02,35.82059334065987,35.87601313145025
40,15,2024-03-09,31.74459719983603,32.541645805790495
40,15,2024-03-16,29.184802299989865,28.280439780030463
40,15,2024-03-23,25.04342713398,24.751731251158457
40,15,2024-03-30,23.08422848886727,22.453790443791583
40,15,2024-04-06,20.758248184712702,19.262422253325795
40,15,2024-04-13,17.10876001902642,16.9182972545799
40,15,2024-04-20,14.583856303651553,15.835647760105132
40,25,2023-11-04,66.67200661096577,61.724006645674244
40,25,2023-11-11,57.907523189806035,63.22535063002477
40,25,2023-11-18,68.42487799439199,64.64736000580733
40,25,2023-11-25,65.51700919866677,65.75413249388863
40,25,2023-12-02,61.77581434764732,66.33504122811982
40,25,2023-12-09,60.26767833284023,66.91163326313688
40,25,2023-12-16,58.63525156313594,66.8393387820317
40,25,2023-12-23,57.492644518896704,66.83263144443704
40,25,2023-12-30,57.4449512637468,67.46747585333611
40,25,2024-01-06,57.83793440893439,68.27188840526205
40,25,2024-01-13,59.75154471006422,69.36958256158822
40,25,2024-01-20,61.447439674768866,69.99996925372511
40,25,2024-01-27,62.32999565060831,69.87907301419061
40,25,2024-02-03,61.83560276245325,66.73988859900426
40,25,2024-02-10,59.937466257304166,59.466907617459526
40,25,2024-02-17,54.610421997403435,48.090243055534636
40,25,2024-02-24,45.71811733427469,38.32897828309048
40,25,2024-03-02,37.7966824156786,35.87601313145025
40,25,2024-03-09,34.450860759588515,32.541645805790495
40,25,2024-03-16,31.27880455575685,28.280439780030463
40,25,2024-03-23,27.096675453397143,24.751731251158457
40,25,2024-03-30,24.174315779793734,22.453790443791583
40,25,2024-04-06,23.203350627466808,19.262422253325795
40,25,2024-04-13,20.780641818606934,16.9182972545799
40,25,2024-04-20,18.879499009777867,15.835647760105132
40,50,2023-11-04,65.83064992961435,61.724006645674244
40,50,2023-11-11,59.91220027751776,63.22535063002477
40,50,2023-11-18,64.20547588432251,64.64736000580733
40,50,2023-11-25,62.309832115525886,65.75413249388863
40,50,2023-12-02,61.45315251303579,66.33504122811982
40,50,2023-12-09,61.51909017137748,66.91163326313688
40,50,2023-12-16,61.2605319195118,66.8393387820317
40,50,2023-12-23,62.027415393890514,66.83263144443704
40,50,2023-12-30,62.48368545522722,67.46747585333611
40,50,2024-01-06,63.69766292642485,68.27188840526205
40,50,2024-01-13,65.40882037171978,69.36958256158822
40,50,2024-01-20,68.03073082930099,69.99996925372511
40,50,2024-01-27,70.22943109010632,69.87907301419061
40,50,2024-02-03,70.7020239737826,66.73988859900426
40,50,2024-02-10,67.77813384099356,59.466907617459526
40,50,2024-02-17,60.08026343036003,48.090243055534636
40,50,2024-02-24,48.06754169732076,38.32897828309048
40,50,2024-03-02,38.388661360863786,35.87601313145025
40,50,2024-03-09,36.760911212945906,32.541645805790495
40,50,2024-03-16,34.86005120322967,28.280439780030463
40,50,2024-03-23,31.694812040807886,24.751731251158457
40,50,2024-03-30,29.064287555685105,22.453790443791583
40,50,2024-04-06,27.236477906781897,19.262422253325795
40,50,2024-04-13,24.18422936672502,16.9182972545799
40,50,2024-04-20,21.634699822736366,15.835647760105132
40,75,2023-11-04,62.153083837717624,61.724006645674244
40,75,2023-11-11,59.40467564548828,63.22535063002477
40,75,2023-11-18,61.518307815435186,64.64736000580733
40,75,2023-11-25,62.47003705549358,65.75413249388863
40,75,2023-12-02,63.58279624332745,66.33504122811982
40,75,2023-12-09,64.95216063615676,66.91163326313688
40,75,2023-12-16,66.55950358409514,66.8393387820317
40,75,2023-12-23,67.42746187545883,66.83263144443704
40,75,2023-12-30,68.02294967703719,67.46747585333611
40,75,2024-01-06,69.35651497957483,68.27188840526205
40,75,2024-01-13,70.86541710503302,69.36958256158822
40,75,2024-01-20,72.87389998007555,69.99996925372511
40,75,2024-01-27,74.20889101224054,69.87907301419061
40,75,2024-02-03,74.68528160941175,66.73988859900426
40,75,2024-02-10,71.93316178779754,59.466907617459526
40,75,2024-02-17,64.71454842525955,48.090243055534636
40,75,2024-02-24,52.45878354271258,38.32897828309048
40,75,2024-03-02,42.410097144932465,35.87601313145025
40,75,2024-03-09,40.229779627832606,32.541645805790495
40,75,2024-03-16,36.90352132287479,28.280439780030463
40,75,2024-03-23,32.63879937781972,24.751731251158457
40,75,2024-03-30,29.10161337402795,22.453790443791583
40,75,2024-04-06,26.807480220592662,19.262422253325795
40,75,2024-04-13,23.26067170095587,16.9182972545799
40,75,2024-04-20,19.89888685770402,15.835647760105132
41,5,2023-11-04,44.767324716412475,44.84867915353075
41,5,2023-11-11,40.57359679366953,44.54901884951897
41,5,2023-11-18,38.25332963486852,43.78210270866558
41,5,2023-11-25,37.91829230946721,42.500775937640086
41,5,2023-12-02,35.515594210258534,40.49165902712819
41,5,2023-12-09,33.989010144862924,37.96388321784816
41,5,2023-12-16,33.450123565080595,35.28487669803711
41,5,2023-12-23,34.78973013857293,32.225682055353815
41,5,2023-12-30,35.0880590330213,29.88025772083162
41,5,2024-01-06,37.58723416360132,28.097425681210485
41,5,2024-01-13,36.844724955360654,26.714235815214174
41,5,2024-01-20,34.602884784370545,25.63836106783815
41,5,2024-01-27,29.028966328794784,24.718937437620006
41,5,2024-02-03,24.138401095193135,24.356834649879303
41,5,2024-02-10,21.29007546358139,24.33038538692075
41,5,2024-02-17,19.323240265362323,24.49159114339165
41,5,2024-02-24,18.955737510889566,25.0698605220868
41,5,2024-03-02,18.71149049545619,25.03288006569842
41,5,2024-03-09,18.888027867143517,25.34870192184181
41,5,2024-03-16,18.93166949199482,25.264684040517245
41,5,2024-03-23,18.88188892060628,25.550120727481296
41,5,2024-03-30,19.736860899817227,21.199994625869856
41,5,2024-04-06,15.607393047849678,19.027696413753265
41,5,2024-04-13,13.204968440955447,17.12052020045901
41,5,2024-04-20,9.79625884234686,18.146479186317958
41,15,2023-11-04,46.47726599940163,44.84867915353075
41,15,2023-11-11,41.79226746105544,44.54901884951897
41,15,2023-11-18,38.94858443421507,43.78210270866558
41,15,2023-11-25,38.709816241712836,42.500775937640086
41,15,2023-12-02,36.17519741395939,40.49165902712819
41,15,2023-12-09,34.374237893593396,37.96388321784816
41,15,2023-12-16,34.125673162808134,35.28487669803711
41,15,2023-12-23,33.17621263077034,32.225682055353815
41,15,2023-12-30,31.89535213957883,29.88025772083162
41,15,2024-01-06,32.65627521205653,28.097425681210485
41,15,2024-01-13,31.230305197336914,26.714235815214174
41,15,2024-01-20,29.93655760287331,25.63836106783815
41,15,2024-01-27,28.098406138264348,24.718937437620006
41,15,2024-02-03,24.080738055789055,24.356834649879303
41,15,2024-02-10,21.872735217685214,24.33038538692075
41,15,2024-02-17,20.155436209130475,24.49159114339165
41,15,2024-02-24,19.469719831479672,25.0698605220868
41,15,2024-03-02,19.046527275187664,25.03288006569842
41,15,2024-03-09,19.07347115676988,25.34870192184181
41,15,2024-03-16,19.386134798230245,25.264684040517245
41,15,2024-03-23,19.719951770589965,25.550120727481296
41,15,2024-03-30,20.181703826465974,21.199994625869856
41,15,2024-04-06,15.700671384934708,19.027696413753265
41,15,2024-04-13,13.389926291548136,17.12052020045901
41,15,2024-04-20,10.005315628616525,18.146479186317958
41,25,2023-11-04,46.56437848806334,44.84867915353075
41,25,2023-11-11,42.777900246335996,44.54901884951897
41,25,2023-11-18,40.07753589937713,43.78210270866558
41,25,2023-11-25,39.44518732969087,42.500775937640086
41,25,2023-12-02,37.06291213862772,40.49165902712819
41,25,2023-12-09,35.01630427139633,37.96388321784816
41,25,2023-12-16,33.81752906965268,35.28487669803711
41,25,2023-12-23,32.644141527408216,32.225682055353815
41,25,2023-12-30,30.699790621114676,29.88025772083162
41,25,2024-01-06,29.797886228246853,28.097425681210485
41,25,2024-01-13,28.510605329484655,26.714235815214174
41,25,2024-01-20,26.925443236672454,25.63836106783815
41,25,2024-01-27,25.696702140433914,24.718937437620006
41,25,2024-02-03,23.535738757627897,24.356834649879303
41,25,2024-02-10,21.793624225444702,24.33038538692075
41,25,2024-02-17,20.70906766117432,24.49159114339165
41,25,2024-02-24,19.922351221933,25.0698605220868
41,25,2024-03-02,19.7306686901107,25.03288006569842
41,25,2024-03-09,19.636398013640417,25.34870192184181
41,25,2024-03-16,19.94033163427684,25.264684040517245
41,25,2024-03-23,20.471410210334284,25.550120727481296
41,25,2024-03-30,21.076852555573804,21.199994625869856
41,25,2024-04-06,16.4904325024527,19.027696413753265
41,25,2024-04-13,14.090080071463927,17.12052020045901
41,25,2024-04-20,10.55642991158601,18.146479186317958
41,50,2023-11-04,45.46251659846964,44.84867915353075
41,50,2023-11-11,43.19588720347745,44.54901884951897
41,50,2023-11-18,41.3856127087641,43.78210270866558
41,50,2023-11-25,41.0949749223705,42.500775937640086
41,50,2023-12-02,39.71362555891998,40.49165902712819
41,50,2023-12-09,38.12024706054544,37.96388321784816
41,50,2023-12-16,36.492535958869304,35.28487669803711
41,50,2023-12-23,34.473220325209546,32.225682055353815
41,50,2023-12-30,31.776864110773506,29.88025772083162
41,50,2024-01-06,29.669472871905278,28.097425681210485
41,50,2024-01-13,27.759402477642663,26.714235815214174
41,50,2024-01-20,26.155658165498885,25.63836106783815
41,50,2024-01-27,24.74716670692392,24.718937437620006
41,50,2024-02-03,23.170485093011205,24.356834649879303
41,50,2024-02-10,22.130127407891727,24.33038538692075
41,50,2024-02-17,21.671039414228602,24.49159114339165
41,50,2024-02-24,21.817155328909976,25.0698605220868
41,50,2024-03-02,22.47200970216515,25.03288006569842
41,50,2024-03-09,22.771762411766236,25.34870192184181
41,50,2024-03-16,23.61861274363361,25.264684040517245
41,50,2024-03-23,24.170438106902605,25.550120727481296
41,50,2024-03-30,25.20720345364817,21.199994625869856
41,50,2024-04-06,19.9452197918497,19.027696413753265
41,50,2024-04-13,17.117244999096915,17.12052020045901
41,50,2024-04-20,12.749084816585716,18.146479186317958
41,75,2023-11-04,44.15008445871848,44.84867915353075
41,75,2023-11-11,43.91332472092662,44.54901884951897
41,75,2023-11-18,44.225625622551945,43.78210270866558
41,75,2023-11-25,44.32546520484371,42.500775937640086
41,75,2023-12-02,43.29204108514418,40.49165902712819
41,75,2023-12-09,41.83474117160987,37.96388321784816
41,75,2023-12-16,39.81388737576907,35.28487669803711
41,75,2023-12-23,37.363140807855274,32.225682055353815
41,75,2023-12-30,34.243956968053375,29.88025772083162
41,75,2024-01-06,31.409086711336997,28.097425681210485
41,75,2024-01-13,29.03716438975221,26.714235815214174
41,75,2024-01-20,27.13485937862399,25.63836106783815
41,75,2024-01-27,25.596075551625347,24.718937437620006
41,75,2024-02-03,24.141864043441455,24.356834649879303
41,75,2024-02-10,23.634991352257735,24.33038538692075
41,75,2024-02-17,23.623306954879162,24.49159114339165
41,75,2024-02-24,24.003580332057386,25.0698605220868
41,75,2024-03-02,24.863162038346644,25.03288006569842
41,75,2024-03-09,25.112241975910983,25.34870192184181
41,75,2024-03-16,26.061988443704326,25.264684040517245
41,75,2024-03-23,26.648439241052188,25.550120727481296
41,75,2024-03-30,27.722640495166598,21.199994625869856
41,75,2024-04-06,22.01858213678697,19.027696413753265
41,75,2024-04-13,18.80270911650356,17.12052020045901
41,75,2024-04-20,14.05531563479738,18.146479186317958
42,5,2023-11-04,118.67989780324588,137.9478824737027
42,5,2023-11-11,111.16520899012683,140.49686778688942
42,5,2023-11-18,119.65114203979044,142.84301509654608
42,5,2023-11-25,114.00819911681,144.06820783454728
42,5,2023-12-02,116.56169521608221,144.19200295066818
42,5,2023-12-09,119.41557140646758,143.1560095597763
42,5,2023-12-16,129.3582852562647,140.72940527715005
42,5,2023-12-23,134.16749382866888,137.63839545528808
42,5,2023-12-30,146.0528532790548,134.31088602688394
42,5,2024-01-06,163.56183962027382,128.40614501698184
42,5,2024-01-13,152.09287065819714,124.85018965908995
42,5,2024-01-20,134.61320445144386,121.92546812273942
42,5,2024-01-27,113.45927610865077,118.93498826907967
42,5,2024-02-03,94.19195756937513,116.66081578770878
42,5,2024-02-10,77.58912190980665,115.65473625016885
42,5,2024-02-17,78.91521297904697,115.21579234297286
42,5,2024-02-24,90.35109148060876,113.41573347445578
42,5,2024-03-02,91.62020394291973,110.5048900173165
42,5,2024-03-09,92.65994878904016,103.57399351009036
42,5,2024-03-16,85.31453008983412,93.65572840282948
42,5,2024-03-23,76.53716233685851,88.82328753621708
42,5,2024-03-30,75.48880949196564,80.91888479375415
42,5,2024-04-06,70.99275903113158,76.15894334754067
42,5,2024-04-13,67.96937130018802,65.07293908334978
42,5,2024-04-20,55.588547894487704,55.60391223551545
42,15,2023-11-04,128.5075130665271,137.9478824737027
42,15,2023-11-11,116.93131397528629,140.49686778688942
42,15,2023-11-18,117.40338122912232,142.84301509654608
42,15,2023-11-25,119.62324634965516,144.06820783454728
42,15,2023-12-02,121.87268519396619,144.19200295066818
42,15,2023-12-09,122.52762899489528,143.1560095597763
42,15,2023-12-16,124.14051375941936,140.72940527715005
42,15,2023-12-23,128.71115583310683,137.63839545528808
42,15,2023-12-30,134.92582287428903,134.31088602688394
42,15,2024-01-06,139.108777617893,128.40614501698184
42,15,2024-01-13,135.98360361697328,124.85018965908995
42,15,2024-01-20,124.92305510238548,121.92546812273942
42,15,2024-01-27,105.08565529793228,118.93498826907967
42,15,2024-02-03,93.29347025624821,116.66081578770878
42,15,2024-02-10,85.76937094935127,115.65473625016885
42,15,2024-02-17,83.59078888781404,115.21579234297286
42,15,2024-02-24,82.65234834682231,113.41573347445578
42,15,2024-03-02,87.73267192704944,110.5048900173165
42,15,2024-03-09,86.37870381778264,103.57399351009036
42,15,2024-03-16,80.19343225061269,93.65572840282948
42,15,2024-03-23,72.61923581207266,88.82328753621708
42,15,2024-03-30,70.58361950791166,80.91888479375415
42,15,2024-04-06,65.35523378145356,76.15894334754067
42,15,2024-04-13,65.01661671960352,65.07293908334978
42,15,2024-04-20,55.46047242277101,55.60391223551545
42,25,2023-11-04,131.64183415713669,137.9478824737027
42,25,2023-11-11,119.3057824726592,140.49686778688942
42,25,2023-11-18,123.0273113835687,142.84301509654608
42,25,2023-11-25,124.92747081958537,144.06820783454728
42,25,2023-12-02,126.8790309162893,144.19200295066818
42,25,2023-12-09,127.80620305709856,143.1560095597763
42,25,2023-12-16,128.47160853471152,140.72940527715005
42,25,2023-12-23,129.8899160690836,137.63839545528808
42,25,2023-12-30,133.65793171627124,134.31088602688394
42,25,2024-01-06,135.71455385982938,128.40614501698184
42,25,2024-01-13,131.29998756345833,124.85018965908995
42,25,2024-01-20,124.05206451354843,121.92546812273942
42,25,2024-01-27,107.9739442518259,118.93498826907967
42,25,2024-02-03,97.25860510901504,116.66081578770878
42,25,2024-02-10,89.29916604659995,115.65473625016885
42,25,2024-02-17,86.5865204612164,115.21579234297286
42,25,2024-02-24,85.08861229803286,113.41573347445578
42,25,2024-03-02,84.23467089661304,110.5048900173165
42,25,2024-03-09,81.9663533587312,103.57399351009036
42,25,2024-03-16,76.61640442583625,93.65572840282948
42,25,2024-03-23,69.44349012841667,88.82328753621708
42,25,2024-03-30,67.77048210329002,80.91888479375415
42,25,2024-04-06,63.473017523242014,76.15894334754067
42,25,2024-04-13,62.13747141118286,65.07293908334978
42,25,2024-04-20,53.53951660778822,55.60391223551545
42,50,2023-11-04,127.11082256516187,137.9478824737027
42,50,2023-11-11,124.3166569275326,140.49686778688942
42,50,2023-11-18,126.55140662832879,142.84301509654608
42,50,2023-11-25,128.64910079405692,144.06820783454728
42,50,2023-12-02,130.53245178800802,144.19200295066818
42,50,2023-12-09,132.4959244709632,143.1560095597763
42,50,2023-12-16,133.6862248715157,140.72940527715005
42,50,2023-12-23,133.7717515711227,137.63839545528808
42,50,2023-12-30,134.0467383589402,134.31088602688394
42,50,2024-01-06,132.20900193972466,128.40614501698184
42,50,2024-01-13,125.38890512098693,124.85018965908995
42,50,2024-01-20,121.33876082212684,121.92546812273942
42,50,2024-01-27,114.57850942084681,118.93498826907967
42,50,2024-02-03,107.97697238828374,116.66081578770878
42,50,2024-02-10,100.39035130080215,115.65473625016885
42,50,2024-02-17,97.43431628859001,115.21579234297286
42,50,2024-02-24,97.34923352536663,113.41573347445578
42,50,2024-03-02,98.55902819597874,110.5048900173165
42,50,2024-03-09,96.96354320130233,103.57399351009036
42,50,2024-03-16,91.59361157866702,93.65572840282948
42,50,2024-03-23,85.16096860781074,88.82328753621708
42,50,2024-03-30,82.96094572778935,80.91888479375415
42,50,2024-04-06,77.54174585342639,76.15894334754067
42,50,2024-04-13,77.25310527843232,65.07293908334978
42,50,2024-04-20,66.72430497939926,55.60391223551545
42,75,2023-11-04,130.51850067360292,137.9478824737027
42,75,2023-11-11,130.576941757949,140.49686778688942
42,75,2023-11-18,132.23716318564271,142.84301509654608
42,75,2023-11-25,136.54092462512637,144.06820783454728
42,75,2023-12-02,140.2994124699379,144.19200295066818
42,75,2023-12-09,142.72199356850584,143.1560095597763
42,75,2023-12-16,143.54641367496342,140.72940527715005
42,75,2023-12-23,142.9069434956641,137.63839545528808
42,75,2023-12-30,140.44216457115894,134.31088602688394
42,75,2024-01-06,136.72049386704958,128.40614501698184
42,75,2024-01-13,129.95644975161846,124.85018965908995
42,75,2024-01-20,125.95164143036108,121.92546812273942
42,75,2024-01-27,121.84607770514475,118.93498826907967
42,75,2024-02-03,117.03749900080551,116.66081578770878
42,75,2024-02-10,112.82881567036421,115.65473625016885
42,75,2024-02-17,111.68910870255891,115.21579234297286
42,75,2024-02-24,111.39321115023908,113.41573347445578
42,75,2024-03-02,112.39179904178593,110.5048900173165
42,75,2024-03-09,110.82231204313901,103.57399351009036
42,75,2024-03-16,104.68281171269895,93.65572840282948
42,75,2024-03-23,95.32670382608151,88.82328753621708
42,75,2024-03-30,92.32512967114573,80.91888479375415
42,75,2024-04-06,85.86435780464787,76.15894334754067
42,75,2024-04-13,85.2917433996863,65.07293908334978
42,75,2024-04-20,74.01906187788596,55.60391223551545
32,5,2023-11-04,28.157304990026866,31.632870177472732
32,5,2023-11-11,27.376722368401715,30.146099613993844
32,5,2023-11-18,26.33949859382243,28.53480529189751
32,5,2023-11-25,24.772680993306015,26.802156288231508
32,5,2023-12-02,23.39304788228301,24.956921676187775
32,5,2023-12-09,21.894121023191698,23.042465310209057
32,5,2023-12-16,20.566318103578087,21.42108512036152
32,5,2023-12-23,19.946533832377995,20.17099188436738
32,5,2023-12-30,19.772115606627835,19.12352752618763
32,5,2024-01-06,18.59810132641082,17.95509833592047
32,5,2024-01-13,17.52388946054401,16.939256336740137
32,5,2024-01-20,15.922274707811583,15.280863274078493
32,5,2024-01-27,13.687999483237316,14.955299677764032
32,5,2024-02-03,12.596837653717195,14.788460176652134
32,5,2024-02-10,12.251673348224188,14.750290003823672
32,5,2024-02-17,12.394606483518988,15.068898693677387
32,5,2024-02-24,12.670021253143725,15.01913884902753
32,5,2024-03-02,13.81657512010725,15.18751530028172
32,5,2024-03-09,15.008980935167026,14.954716120967031
32,5,2024-03-16,15.113355980217882,14.870223593565369
32,5,2024-03-23,15.617282602460978,14.943379947338295
32,5,2024-03-30,15.937767995700813,14.30441272679991
32,5,2024-04-06,14.761764354746504,15.318014246072108
32,5,2024-04-13,16.91073626135224,14.050561012593173
32,5,2024-04-20,13.473763841663779,14.80708828533177
32,15,2023-11-04,29.27751258328099,31.632870177472732
32,15,2023-11-11,28.458568301044977,30.146099613993844
32,15,2023-11-18,27.592456090863017,28.53480529189751
32,15,2023-11-25,25.619194902155083,26.802156288231508
32,15,2023-12-02,24.248167979354463,24.956921676187775
32,15,2023-12-09,22.690278773050863,23.042465310209057
32,15,2023-12-16,21.519771841822383,21.42108512036152
32,15,2023-12-23,20.51431850817311,20.17099188436738
32,15,2023-12-30,19.16133682401317,19.12352752618763
32,15,2024-01-06,17.64861403135083,17.95509833592047
32,15,2024-01-13,16.371074730560093,16.939256336740137
32,15,2024-01-20,15.264202075606905,15.280863274078493
32,15,2024-01-27,13.850943079044656,14.955299677764032
32,15,2024-02-03,12.984236342456205,14.788460176652134
32,15,2024-02-10,12.434841267482359,14.750290003823672
32,15,2024-02-17,12.222916451184428,15.068898693677387
32,15,2024-02-24,12.339430248390617,15.01913884902753
32,15,2024-03-02,12.669436730015914,15.18751530028172
32,15,2024-03-09,13.164456621182328,14.954716120967031
32,15,2024-03-16,13.212660913721459,14.870223593565369
32,15,2024-03-23,13.636924637958202,14.943379947338295
32,15,2024-03-30,14.030420740641423,14.30441272679991
32,15,2024-04-06,13.422604557561314,15.318014246072108
32,15,2024-04-13,15.601928500737456,14.050561012593173
32,15,2024-04-20,12.076440458679365,14.80708828533177
32,25,2023-11-04,29.300407194953355,31.632870177472732
32,25,2023-11-11,28.68682006388134,30.146099613993844
32,25,2023-11-18,27.321679747534958,28.53480529189751
32,25,2023-11-25,25.534881873996802,26.802156288231508
32,25,2023-12-02,24.009202949880034,24.956921676187775
32,25,2023-12-09,22.41685182925442,23.042465310209057
32,25,2023-12-16,20.84158514133059,21.42108512036152
32,25,2023-12-23,19.43564351241291,20.17099188436738
32,25,2023-12-30,18.30552578697566,19.12352752618763
32,25,2024-01-06,17.151342292849186,17.95509833592047
32,25,2024-01-13,16.258363365032356,16.939256336740137
32,25,2024-01-20,15.375053895150893,15.280863274078493
32,25,2024-01-27,14.30261502424361,14.955299677764032
32,25,2024-02-03,13.431918632223827,14.788460176652134
32,25,2024-02-10,12.717420409382633,14.750290003823672
32,25,2024-02-17,12.29984799129193,15.068898693677387
32,25,2024-02-24,12.04658485235552,15.01913884902753
32,25,2024-03-02,12.106619808050976,15.18751530028172
32,25,2024-03-09,12.440259323339413,14.954716120967031
32,25,2024-03-16,12.434559680278902,14.870223593565369
32,25,2024-03-23,12.695272170633512,14.943379947338295
32,25,2024-03-30,13.128234732386147,14.30441272679991
32,25,2024-04-06,12.614350296386172,15.318014246072108
32,25,2024-04-13,14.726267507780861,14.050561012593173
32,25,2024-04-20,11.337685383335455,14.80708828533177
32,50,2023-11-04,30.390709953407654,31.632870177472732
32,50,2023-11-11,29.238167416158408,30.146099613993844
32,50,2023-11-18,27.90907901191473,28.53480529189751
32,50,2023-11-25,26.138820408196032,26.802156288231508
32,50,2023-12-02,24.635730530997325,24.956921676187775
32,50,2023-12-09,22.946734222613145,23.042465310209057
32,50,2023-12-16,21.27799873996089,21.42108512036152
32,50,2023-12-23,19.553058934057468,20.17099188436738
32,50,2023-12-30,18.056982084169586,19.12352752618763
32,50,2024-01-06,16.928623094641107,17.95509833592047
32,50,2024-01-13,15.954793877275318,16.939256336740137
32,50,2024-01-20,15.234180676290379,15.280863274078493
32,50,2024-01-27,14.175713626351289,14.955299677764032
32,50,2024-02-03,13.67664941090574,14.788460176652134
32,50,2024-02-10,13.025874311602001,14.750290003823672
32,50,2024-02-17,12.201233876511507,15.068898693677387
32,50,2024-02-24,11.652307610571743,15.01913884902753
32,50,2024-03-02,11.596019532767638,15.18751530028172
32,50,2024-03-09,11.834385566593957,14.954716120967031
32,50,2024-03-16,11.8398531640162,14.870223593565369
32,50,2024-03-23,12.026777256349328,14.943379947338295
32,50,2024-03-30,12.404505489618938,14.30441272679991
32,50,2024-04-06,11.8404896899005,15.318014246072108
32,50,2024-04-13,13.786992963417136,14.050561012593173
32,50,2024-04-20,10.821161553776422,14.80708828533177
32,75,2023-11-04,31.70125651834373,31.632870177472732
32,75,2023-11-11,30.252433153528937,30.146099613993844
32,75,2023-11-18,28.68004669299675,28.53480529189751
32,75,2023-11-25,27.322385267662003,26.802156288231508
32,75,2023-12-02,25.822799084138822,24.956921676187775
32,75,2023-12-09,24.230948903694287,23.042465310209057
32,75,2023-12-16,22.445243619927165,21.42108512036152
32,75,2023-12-23,20.735182596751628,20.17099188436738
32,75,2023-12-30,19.209283170246383,19.12352752618763
32,75,2024-01-06,17.97021068487575,17.95509833592047
32,75,2024-01-13,16.689413284917794,16.939256336740137
32,75,2024-01-20,15.62120294543323,15.280863274078493
32,75,2024-01-27,14.058756176701074,14.955299677764032
32,75,2024-02-03,13.607193425431673,14.788460176652134
32,75,2024-02-10,13.309990471079713,14.750290003823672
32,75,2024-02-17,13.14533660089516,15.068898693677387
32,75,2024-02-24,13.32509224636756,15.01913884902753
32,75,2024-03-02,13.508594507108448,15.18751530028172
32,75,2024-03-09,13.86833072326697,14.954716120967031
32,75,2024-03-16,13.673163829702068,14.870223593565369
32,75,2024-03-23,13.636429625323467,14.943379947338295
32,75,2024-03-30,13.811914332746856,14.30441272679991
32,75,2024-04-06,12.881237047697434,15.318014246072108
32,75,2024-04-13,14.692468063046835,14.050561012593173
32,75,2024-04-20,11.600333749167952,14.80708828533177
